/*******************************************************************************
 * Size: 15 px
 * Bpp: 4
 * Opts: --size 15 --bpp 4 --format lvgl --no-compress --no-prefilter --no-kerning --lv-include lvgl/lvgl.h --lv-font-name helm_mism4_15 -o /home/jinsc/SDK/vela/openvela/vendor/my_vendor/boards/sf32lb52/my_vendor/ui/bicycle/src/lvgl_page/fonts/helm_mism4_15.c --font /usr/share/fonts/truetype/misans/MiSans-Medium.ttf --autohint-strong -r 0x20-0x7E --symbols °·…←↑→↓●一三上下不与东个中为义书了二五产亮仅仍从仪件份休传伸位低体余作保信值倾偏停储充先光入全公六共关其具内再写准出分划列创初删到制前剩功加动勾化北区升单南占卡卫即卷厂历压去参发取变口可右号合同名后向听启周命器四回围固图圈在地场均坏坐坡堆备复外夜大失头始子字存完定对导小尝就尽屏峰州工左已带常平序应底度延建开式强归当录形待心志快态思总恢惠感成户所手打执扫找抢拔择持挂指按据掉接推描搜播操支收放效数文斗斜断新方无日时星是显普暂更最月有期未本机束条来板查标栈校样检模次歌止正此步比水汇池没法波测海消清源滁满滤灰点照爬片牙特状率现理用由申电画留白的盘目直看眠知短码硬磁示秒称移程空站第等算管箱米粗系索累红线组终经绑结统继绪续绿网置老耗背能自航英苹范荐菜蓝藏蜂螺行衔表被西要规视解计记设试询请读调谷象败资起超足路跳踏轨转载输达过运近返还连迹适选途通速道配释里重量针锁键长闭闲间陀附降除隐零需静面页频颗验骑高鸣黑（），：？它GPX主切国天太好山拟换析涯湖演珠角青题
 ******************************************************************************/

#ifdef LV_LVGL_H_INCLUDE_SIMPLE
#include "lvgl.h"
#else
#include "lvgl/lvgl.h"
#endif

#ifndef HELM_MISM4_15
#define HELM_MISM4_15 1
#endif

#if HELM_MISM4_15

/*-----------------
 *    BITMAPS
 *----------------*/

/*Store the image of the glyphs*/
static LV_ATTRIBUTE_LARGE_CONST const uint8_t glyph_bitmap[] = {
    /* U+0020 " " */

    /* U+0021 "!" */
    0x5f, 0x25, 0xf2, 0x5f, 0x25, 0xf2, 0x5f, 0x25,
    0xf2, 0x5f, 0x20, 0x0, 0x0, 0x1, 0x50, 0x5f,
    0x20,

    /* U+0022 "\"" */
    0x4f, 0x4e, 0xa3, 0xf3, 0xd8, 0x2f, 0x1c, 0x70,
    0xf0, 0xb6,

    /* U+0023 "#" */
    0x0, 0xf, 0x60, 0x1f, 0x40, 0x3, 0xf2, 0x5,
    0xf1, 0x0, 0x7e, 0x0, 0x9d, 0xf, 0xff, 0xff,
    0xff, 0xff, 0x55, 0xfa, 0x55, 0xf8, 0x50, 0x2f,
    0x40, 0x3f, 0x20, 0x16, 0xf2, 0x17, 0xf1, 0x1f,
    0xff, 0xff, 0xff, 0xff, 0x4d, 0xb4, 0x4e, 0xa4,
    0x40, 0xf5, 0x2, 0xf4, 0x0, 0x4f, 0x10, 0x6f,
    0x0, 0x0,

    /* U+0024 "$" */
    0x0, 0x5, 0xf2, 0x0, 0x0, 0x6, 0xcf, 0xb4,
    0x0, 0xa, 0xfc, 0xfd, 0xf8, 0x3, 0xf5, 0x5f,
    0x27, 0x70, 0x4f, 0x35, 0xf2, 0x0, 0x0, 0xed,
    0x9f, 0x20, 0x0, 0x1, 0xbf, 0xfb, 0x50, 0x0,
    0x0, 0x5f, 0xcf, 0x90, 0x0, 0x5, 0xf2, 0x8f,
    0x1, 0x80, 0x5f, 0x26, 0xf1, 0x3f, 0xc9, 0xf8,
    0xeb, 0x0, 0x3b, 0xff, 0xf9, 0x10, 0x0, 0x5,
    0xf2, 0x0, 0x0,

    /* U+0025 "%" */
    0x4, 0xdf, 0xc2, 0x0, 0x2, 0xf4, 0x0, 0x1f,
    0xb5, 0xdd, 0x0, 0xc, 0x80, 0x0, 0x4f, 0x30,
    0x6f, 0x10, 0x9c, 0x0, 0x0, 0x2f, 0x81, 0xbf,
    0x4, 0xf2, 0x0, 0x0, 0x8, 0xff, 0xf5, 0x1e,
    0x50, 0x0, 0x0, 0x0, 0x13, 0x10, 0xc9, 0x0,
    0x0, 0x0, 0x0, 0x0, 0x8, 0xd0, 0x3c, 0xeb,
    0x20, 0x0, 0x0, 0x4f, 0x21, 0xf9, 0x2b, 0xd0,
    0x0, 0x1, 0xe5, 0x4, 0xf2, 0x6, 0xf1, 0x0,
    0xb, 0xa0, 0x1, 0xfb, 0x5d, 0xe0, 0x0, 0x7d,
    0x0, 0x0, 0x4d, 0xfc, 0x30,

    /* U+0026 "&" */
    0x0, 0x2b, 0xff, 0xb2, 0x0, 0x0, 0xe, 0xd6,
    0x6e, 0xd0, 0x0, 0x4, 0xf3, 0x0, 0x6f, 0x10,
    0x0, 0x2f, 0x60, 0x1c, 0xd0, 0x0, 0x0, 0x9f,
    0xbf, 0xd2, 0x0, 0x0, 0x2c, 0xff, 0xb0, 0x1,
    0x20, 0xe, 0xc2, 0x9f, 0x90, 0x7f, 0x4, 0xf3,
    0x0, 0x7f, 0xaf, 0x90, 0x4f, 0x40, 0x0, 0x6f,
    0xf1, 0x0, 0xdf, 0x75, 0x8f, 0xdf, 0x80, 0x1,
    0xae, 0xfd, 0x70, 0x8f, 0x60,

    /* U+0027 "'" */
    0x4f, 0x43, 0xf2, 0x2f, 0x11, 0xf0,

    /* U+0028 "(" */
    0x0, 0xbb, 0x3, 0xf3, 0x9, 0xd0, 0xe, 0x80,
    0x2f, 0x50, 0x4f, 0x30, 0x4f, 0x20, 0x4f, 0x30,
    0x2f, 0x50, 0xe, 0x90, 0x9, 0xd0, 0x3, 0xf3,
    0x0, 0xbb,

    /* U+0029 ")" */
    0xd, 0x80, 0x0, 0x6f, 0x10, 0x1, 0xf6, 0x0,
    0xb, 0xb0, 0x0, 0x8f, 0x0, 0x6, 0xf1, 0x0,
    0x5f, 0x10, 0x6, 0xf1, 0x0, 0x8f, 0x0, 0xb,
    0xb0, 0x1, 0xf6, 0x0, 0x6f, 0x10, 0xd, 0x80,
    0x0,

    /* U+002A "*" */
    0x12, 0xe0, 0xb, 0xbe, 0xc6, 0x2e, 0xfb, 0xb,
    0xbe, 0xc7, 0x12, 0xe0, 0x0,

    /* U+002B "+" */
    0x0, 0x5f, 0x20, 0x0, 0x5, 0xf2, 0x0, 0x11,
    0x5f, 0x31, 0x1f, 0xff, 0xff, 0xff, 0x44, 0x7f,
    0x54, 0x40, 0x5, 0xf2, 0x0, 0x0, 0x5f, 0x20,
    0x0,

    /* U+002C "," */
    0x15, 0x5, 0xf2, 0xa, 0x14, 0xb0, 0x10, 0x0,

    /* U+002D "-" */
    0x11, 0x11, 0x11, 0xff, 0xff, 0xff, 0x44, 0x44,
    0x44,

    /* U+002E "." */
    0x15, 0x5, 0xf2,

    /* U+002F "/" */
    0x0, 0x1, 0xf6, 0x0, 0x6, 0xf1, 0x0, 0xb,
    0xc0, 0x0, 0xf, 0x70, 0x0, 0x5f, 0x20, 0x0,
    0xac, 0x0, 0x0, 0xf7, 0x0, 0x5, 0xf2, 0x0,
    0xa, 0xd0, 0x0, 0xe, 0x80, 0x0, 0x4f, 0x30,
    0x0,

    /* U+0030 "0" */
    0x0, 0x6d, 0xfd, 0x40, 0x0, 0x6f, 0x95, 0xbf,
    0x30, 0xe, 0xb0, 0x0, 0xeb, 0x2, 0xf5, 0x0,
    0x8, 0xf0, 0x4f, 0x30, 0x0, 0x6f, 0x15, 0xf2,
    0x0, 0x5, 0xf2, 0x4f, 0x30, 0x0, 0x6f, 0x12,
    0xf5, 0x0, 0x8, 0xf0, 0xe, 0xb0, 0x0, 0xeb,
    0x0, 0x6f, 0x95, 0xbf, 0x30, 0x0, 0x6d, 0xfd,
    0x40, 0x0,

    /* U+0031 "1" */
    0x4, 0xcf, 0x2b, 0xfe, 0xf2, 0x93, 0x5f, 0x20,
    0x5, 0xf2, 0x0, 0x5f, 0x20, 0x5, 0xf2, 0x0,
    0x5f, 0x20, 0x5, 0xf2, 0x0, 0x5f, 0x20, 0x5,
    0xf2, 0x0, 0x5f, 0x20,

    /* U+0032 "2" */
    0x6, 0xdf, 0xd8, 0x0, 0x9f, 0xa5, 0x8f, 0xa0,
    0x77, 0x0, 0x7, 0xf0, 0x0, 0x0, 0x6, 0xf1,
    0x0, 0x0, 0xd, 0xc0, 0x0, 0x0, 0xaf, 0x30,
    0x0, 0x9, 0xf5, 0x0, 0x0, 0x9f, 0x50, 0x0,
    0x9, 0xf5, 0x0, 0x0, 0x9f, 0xa5, 0x55, 0x50,
    0xff, 0xff, 0xff, 0xf2,

    /* U+0033 "3" */
    0xf, 0xff, 0xff, 0xff, 0x0, 0x55, 0x55, 0xdf,
    0x90, 0x0, 0x0, 0xaf, 0x70, 0x0, 0x0, 0xbf,
    0x60, 0x0, 0x0, 0x7f, 0xff, 0xd3, 0x0, 0x0,
    0x74, 0x8f, 0xe0, 0x0, 0x0, 0x0, 0x9f, 0x10,
    0x0, 0x0, 0x5, 0xf1, 0x1c, 0x30, 0x0, 0x9f,
    0x0, 0xdf, 0x85, 0x9f, 0x70, 0x0, 0x9e, 0xfd,
    0x60, 0x0,

    /* U+0034 "4" */
    0x0, 0x0, 0x5f, 0xf2, 0x0, 0x1, 0xfe, 0xf2,
    0x0, 0xb, 0xe6, 0xf2, 0x0, 0x6f, 0x45, 0xf2,
    0x2, 0xf9, 0x5, 0xf2, 0xc, 0xe0, 0x5, 0xf2,
    0x8f, 0x51, 0x15, 0xf3, 0xff, 0xff, 0xff, 0xff,
    0x44, 0x44, 0x47, 0xf5, 0x0, 0x0, 0x5, 0xf2,
    0x0, 0x0, 0x5, 0xf2,

    /* U+0035 "5" */
    0x7, 0xff, 0xff, 0xf8, 0x0, 0x8f, 0x55, 0x55,
    0x20, 0x9, 0xd0, 0x0, 0x0, 0x0, 0xbc, 0x0,
    0x0, 0x0, 0xc, 0xdd, 0xff, 0x90, 0x0, 0xcf,
    0x74, 0x8f, 0x90, 0x0, 0x10, 0x0, 0x9f, 0x0,
    0x0, 0x0, 0x5, 0xf1, 0xa, 0x40, 0x0, 0x9f,
    0x0, 0xcf, 0x85, 0x9f, 0x70, 0x0, 0x8e, 0xfd,
    0x60, 0x0,

    /* U+0036 "6" */
    0x0, 0x1, 0xfa, 0x0, 0x0, 0x0, 0xaf, 0x10,
    0x0, 0x0, 0x3f, 0x60, 0x0, 0x0, 0xc, 0xc0,
    0x0, 0x0, 0x6, 0xfe, 0xff, 0x80, 0x0, 0xef,
    0x74, 0x8f, 0x90, 0x3f, 0x60, 0x0, 0x9f, 0x4,
    0xf2, 0x0, 0x6, 0xf1, 0x2f, 0x60, 0x0, 0xae,
    0x0, 0xaf, 0x85, 0x9f, 0x70, 0x0, 0x8e, 0xfd,
    0x60, 0x0,

    /* U+0037 "7" */
    0xff, 0xff, 0xff, 0xf5, 0x55, 0x55, 0xfc, 0x0,
    0x0, 0x4f, 0x50, 0x0, 0xb, 0xe0, 0x0, 0x3,
    0xf7, 0x0, 0x0, 0xaf, 0x0, 0x0, 0x1f, 0x80,
    0x0, 0x8, 0xf2, 0x0, 0x0, 0xfa, 0x0, 0x0,
    0x7f, 0x30, 0x0, 0xd, 0xc0, 0x0, 0x0,

    /* U+0038 "8" */
    0x2, 0xae, 0xfe, 0x91, 0x1, 0xed, 0x75, 0x7e,
    0xc0, 0x4f, 0x30, 0x0, 0x6f, 0x11, 0xea, 0x31,
    0x3c, 0xc0, 0x2, 0xef, 0xff, 0xc1, 0x0, 0xaf,
    0x74, 0x8f, 0x60, 0x2f, 0x60, 0x0, 0x9e, 0x4,
    0xf2, 0x0, 0x5, 0xf1, 0x3f, 0x60, 0x0, 0x9f,
    0x0, 0xbf, 0x85, 0x9f, 0x80, 0x0, 0x8e, 0xfd,
    0x70, 0x0,

    /* U+0039 "9" */
    0x0, 0x7d, 0xfd, 0x60, 0x0, 0xaf, 0x85, 0xaf,
    0x70, 0x2f, 0x70, 0x0, 0xaf, 0x4, 0xf2, 0x0,
    0x6, 0xf1, 0x3f, 0x50, 0x0, 0x8f, 0x0, 0xdd,
    0x41, 0x6f, 0xb0, 0x2, 0xdf, 0xff, 0xf3, 0x0,
    0x0, 0x23, 0xda, 0x0, 0x0, 0x0, 0x8f, 0x10,
    0x0, 0x0, 0x3f, 0x70, 0x0, 0x0, 0xd, 0xd0,
    0x0, 0x0,

    /* U+003A ":" */
    0x5f, 0x21, 0x50, 0x0, 0x0, 0x0, 0x0, 0x0,
    0x0, 0x15, 0x5, 0xf2,

    /* U+003B ";" */
    0x5f, 0x21, 0x50, 0x0, 0x0, 0x0, 0x0, 0x0,
    0x0, 0x15, 0x5, 0xf2, 0xa, 0x14, 0xb0, 0x10,
    0x0,

    /* U+003C "<" */
    0x0, 0x0, 0x0, 0x50, 0x0, 0x4, 0xcf, 0x0,
    0x4c, 0xfa, 0x23, 0xcf, 0xa2, 0x0, 0xfe, 0x30,
    0x0, 0x7, 0xee, 0x70, 0x0, 0x0, 0x7e, 0xe7,
    0x0, 0x0, 0x18, 0xfe, 0x0, 0x0, 0x1, 0x80,

    /* U+003D "=" */
    0xff, 0xff, 0xff, 0xf5, 0x55, 0x55, 0x55, 0x11,
    0x11, 0x11, 0x1f, 0xff, 0xff, 0xff, 0x44, 0x44,
    0x44, 0x40,

    /* U+003E ">" */
    0x50, 0x0, 0x0, 0xf, 0xc4, 0x0, 0x0, 0x2a,
    0xfc, 0x40, 0x0, 0x2, 0xaf, 0xc3, 0x0, 0x0,
    0x3e, 0xf0, 0x0, 0x7e, 0xe7, 0x7, 0xee, 0x70,
    0xe, 0xf8, 0x10, 0x0, 0x81, 0x0, 0x0, 0x0,

    /* U+003F "?" */
    0x8, 0xef, 0xb2, 0x9, 0xf7, 0x6e, 0xd0, 0x75,
    0x0, 0x6f, 0x10, 0x0, 0x8, 0xf0, 0x0, 0x3,
    0xf9, 0x0, 0x0, 0xec, 0x0, 0x0, 0x4f, 0x30,
    0x0, 0x5, 0xf2, 0x0, 0x0, 0x0, 0x0, 0x0,
    0x1, 0x50, 0x0, 0x0, 0x5f, 0x20, 0x0,

    /* U+0040 "@" */
    0x0, 0x4, 0xae, 0xfe, 0xb4, 0x0, 0x0, 0x8,
    0xfc, 0x75, 0x6b, 0xf9, 0x0, 0x6, 0xf7, 0x0,
    0x0, 0x6, 0xf6, 0x0, 0xea, 0x5, 0xee, 0x4f,
    0x2b, 0xd0, 0x3f, 0x41, 0xfb, 0x5c, 0xf2, 0x6f,
    0x4, 0xf2, 0x4f, 0x20, 0x6f, 0x25, 0xf1, 0x3f,
    0x42, 0xf8, 0x1a, 0xf5, 0xae, 0x0, 0xf9, 0x8,
    0xff, 0x99, 0xff, 0x50, 0x8, 0xf6, 0x2, 0x20,
    0x3, 0x10, 0x0, 0xa, 0xfc, 0x75, 0x6a, 0x60,
    0x0, 0x0, 0x4, 0xbe, 0xfd, 0x81, 0x0, 0x0,

    /* U+0041 "A" */
    0x0, 0x0, 0xdf, 0x10, 0x0, 0x0, 0x0, 0x3f,
    0xf7, 0x0, 0x0, 0x0, 0x9, 0xeb, 0xd0, 0x0,
    0x0, 0x0, 0xf8, 0x4f, 0x30, 0x0, 0x0, 0x5f,
    0x20, 0xe9, 0x0, 0x0, 0xc, 0xc1, 0x19, 0xf0,
    0x0, 0x2, 0xff, 0xff, 0xff, 0x50, 0x0, 0x8f,
    0x44, 0x44, 0xcb, 0x0, 0xe, 0xa0, 0x0, 0x6,
    0xf1, 0x4, 0xf4, 0x0, 0x0, 0x1f, 0x70, 0xae,
    0x0, 0x0, 0x0, 0xbd, 0x0,

    /* U+0042 "B" */
    0x5f, 0xff, 0xfe, 0x91, 0x0, 0x5f, 0x65, 0x57,
    0xeb, 0x0, 0x5f, 0x20, 0x0, 0x7f, 0x0, 0x5f,
    0x20, 0x0, 0x6f, 0x10, 0x5f, 0x31, 0x13, 0xdb,
    0x0, 0x5f, 0xff, 0xff, 0xe3, 0x0, 0x5f, 0x54,
    0x44, 0x8f, 0x80, 0x5f, 0x20, 0x0, 0x7, 0xf0,
    0x5f, 0x20, 0x0, 0x7, 0xf1, 0x5f, 0x65, 0x55,
    0x9f, 0xb0, 0x5f, 0xff, 0xff, 0xd8, 0x0,

    /* U+0043 "C" */
    0x0, 0x7, 0xdf, 0xeb, 0x30, 0x0, 0xcf, 0x85,
    0x6c, 0xf6, 0x9, 0xf2, 0x0, 0x0, 0x72, 0xf,
    0x80, 0x0, 0x0, 0x0, 0x3f, 0x30, 0x0, 0x0,
    0x0, 0x4f, 0x20, 0x0, 0x0, 0x0, 0x3f, 0x40,
    0x0, 0x0, 0x0, 0xf, 0x80, 0x0, 0x0, 0x0,
    0x9, 0xf3, 0x0, 0x0, 0x82, 0x0, 0xcf, 0x95,
    0x6c, 0xf5, 0x0, 0x7, 0xdf, 0xeb, 0x30,

    /* U+0044 "D" */
    0x5f, 0xff, 0xfe, 0xc6, 0x0, 0x5, 0xf6, 0x55,
    0x6a, 0xfb, 0x0, 0x5f, 0x20, 0x0, 0x5, 0xf6,
    0x5, 0xf2, 0x0, 0x0, 0xb, 0xd0, 0x5f, 0x20,
    0x0, 0x0, 0x6f, 0x5, 0xf2, 0x0, 0x0, 0x5,
    0xf1, 0x5f, 0x20, 0x0, 0x0, 0x6f, 0x5, 0xf2,
    0x0, 0x0, 0xb, 0xc0, 0x5f, 0x20, 0x0, 0x5,
    0xf6, 0x5, 0xf6, 0x55, 0x6a, 0xf9, 0x0, 0x5f,
    0xff, 0xfe, 0xb5, 0x0, 0x0,

    /* U+0045 "E" */
    0x5f, 0xff, 0xff, 0xfb, 0x5f, 0x65, 0x55, 0x53,
    0x5f, 0x20, 0x0, 0x0, 0x5f, 0x20, 0x0, 0x0,
    0x5f, 0x31, 0x11, 0x10, 0x5f, 0xff, 0xff, 0xf6,
    0x5f, 0x54, 0x44, 0x41, 0x5f, 0x20, 0x0, 0x0,
    0x5f, 0x20, 0x0, 0x0, 0x5f, 0x65, 0x55, 0x54,
    0x5f, 0xff, 0xff, 0xfe,

    /* U+0046 "F" */
    0x5f, 0xff, 0xff, 0xf8, 0x5f, 0x65, 0x55, 0x52,
    0x5f, 0x20, 0x0, 0x0, 0x5f, 0x20, 0x0, 0x0,
    0x5f, 0x31, 0x11, 0x10, 0x5f, 0xff, 0xff, 0xf2,
    0x5f, 0x54, 0x44, 0x40, 0x5f, 0x20, 0x0, 0x0,
    0x5f, 0x20, 0x0, 0x0, 0x5f, 0x20, 0x0, 0x0,
    0x5f, 0x20, 0x0, 0x0,

    /* U+0047 "G" */
    0x0, 0x7, 0xcf, 0xfc, 0x50, 0x0, 0xd, 0xf9,
    0x56, 0xbf, 0x80, 0x9, 0xf3, 0x0, 0x0, 0x63,
    0x0, 0xf8, 0x0, 0x0, 0x0, 0x0, 0x3f, 0x30,
    0x0, 0x11, 0x11, 0x4, 0xf2, 0x0, 0xf, 0xff,
    0xf2, 0x3f, 0x30, 0x0, 0x44, 0x7f, 0x20, 0xf8,
    0x0, 0x0, 0x5, 0xf2, 0xa, 0xf3, 0x0, 0x0,
    0x7f, 0x20, 0x1d, 0xf9, 0x55, 0xaf, 0xb0, 0x0,
    0x7, 0xdf, 0xfc, 0x60, 0x0,

    /* U+0048 "H" */
    0x5f, 0x20, 0x0, 0x5, 0xf2, 0x5f, 0x20, 0x0,
    0x5, 0xf2, 0x5f, 0x20, 0x0, 0x5, 0xf2, 0x5f,
    0x20, 0x0, 0x5, 0xf2, 0x5f, 0x31, 0x11, 0x15,
    0xf2, 0x5f, 0xff, 0xff, 0xff, 0xf2, 0x5f, 0x54,
    0x44, 0x47, 0xf2, 0x5f, 0x20, 0x0, 0x5, 0xf2,
    0x5f, 0x20, 0x0, 0x5, 0xf2, 0x5f, 0x20, 0x0,
    0x5, 0xf2, 0x5f, 0x20, 0x0, 0x5, 0xf2,

    /* U+0049 "I" */
    0x5f, 0x25, 0xf2, 0x5f, 0x25, 0xf2, 0x5f, 0x25,
    0xf2, 0x5f, 0x25, 0xf2, 0x5f, 0x25, 0xf2, 0x5f,
    0x20,

    /* U+004A "J" */
    0x0, 0x0, 0x5f, 0x20, 0x0, 0x5, 0xf2, 0x0,
    0x0, 0x5f, 0x20, 0x0, 0x5, 0xf2, 0x0, 0x0,
    0x5f, 0x20, 0x0, 0x5, 0xf2, 0x0, 0x0, 0x5f,
    0x20, 0x0, 0x5, 0xf2, 0x15, 0x0, 0x6f, 0x19,
    0xf7, 0x6e, 0xc0, 0x9, 0xef, 0xb2, 0x0,

    /* U+004B "K" */
    0x5f, 0x20, 0x0, 0x6f, 0x70, 0x5f, 0x20, 0x5,
    0xf8, 0x0, 0x5f, 0x20, 0x4f, 0x90, 0x0, 0x5f,
    0x23, 0xf9, 0x0, 0x0, 0x5f, 0x5f, 0xd0, 0x0,
    0x0, 0x5f, 0xfd, 0xf6, 0x0, 0x0, 0x5f, 0xb0,
    0xbf, 0x20, 0x0, 0x5f, 0x20, 0x1e, 0xd0, 0x0,
    0x5f, 0x20, 0x5, 0xf9, 0x0, 0x5f, 0x20, 0x0,
    0x9f, 0x40, 0x5f, 0x20, 0x0, 0xd, 0xe1,

    /* U+004C "L" */
    0x5f, 0x20, 0x0, 0x0, 0x5f, 0x20, 0x0, 0x0,
    0x5f, 0x20, 0x0, 0x0, 0x5f, 0x20, 0x0, 0x0,
    0x5f, 0x20, 0x0, 0x0, 0x5f, 0x20, 0x0, 0x0,
    0x5f, 0x20, 0x0, 0x0, 0x5f, 0x20, 0x0, 0x0,
    0x5f, 0x20, 0x0, 0x0, 0x5f, 0x76, 0x66, 0x64,
    0x5f, 0xff, 0xff, 0xfc,

    /* U+004D "M" */
    0x5f, 0x60, 0x0, 0x0, 0x0, 0xaf, 0x25, 0xff,
    0x10, 0x0, 0x0, 0x5f, 0xf2, 0x5f, 0xfb, 0x0,
    0x0, 0x1e, 0xff, 0x25, 0xf8, 0xf6, 0x0, 0xa,
    0xf7, 0xf2, 0x5f, 0x2b, 0xf1, 0x5, 0xf7, 0x5f,
    0x25, 0xf2, 0x1f, 0xb1, 0xec, 0x5, 0xf2, 0x5f,
    0x20, 0x6f, 0xdf, 0x20, 0x5f, 0x25, 0xf2, 0x0,
    0xbf, 0x70, 0x5, 0xf2, 0x5f, 0x20, 0x1, 0x50,
    0x0, 0x5f, 0x25, 0xf2, 0x0, 0x0, 0x0, 0x5,
    0xf2, 0x5f, 0x20, 0x0, 0x0, 0x0, 0x5f, 0x20,

    /* U+004E "N" */
    0x5f, 0x60, 0x0, 0x5, 0xf2, 0x5f, 0xf2, 0x0,
    0x5, 0xf2, 0x5f, 0xfc, 0x0, 0x5, 0xf2, 0x5f,
    0x6f, 0x60, 0x5, 0xf2, 0x5f, 0x29, 0xf2, 0x5,
    0xf2, 0x5f, 0x20, 0xec, 0x5, 0xf2, 0x5f, 0x20,
    0x4f, 0x75, 0xf2, 0x5f, 0x20, 0x9, 0xf7, 0xf2,
    0x5f, 0x20, 0x0, 0xef, 0xf2, 0x5f, 0x20, 0x0,
    0x4f, 0xf2, 0x5f, 0x20, 0x0, 0x9, 0xf2,

    /* U+004F "O" */
    0x0, 0x7, 0xdf, 0xec, 0x60, 0x0, 0x1, 0xdf,
    0x95, 0x6a, 0xfa, 0x0, 0x9, 0xf3, 0x0, 0x0,
    0x5f, 0x60, 0xf, 0x80, 0x0, 0x0, 0xb, 0xd0,
    0x3f, 0x30, 0x0, 0x0, 0x6, 0xf0, 0x4f, 0x20,
    0x0, 0x0, 0x5, 0xf1, 0x3f, 0x40, 0x0, 0x0,
    0x6, 0xf0, 0xf, 0x80, 0x0, 0x0, 0xb, 0xd0,
    0x9, 0xf2, 0x0, 0x0, 0x5f, 0x60, 0x0, 0xdf,
    0x85, 0x6a, 0xfa, 0x0, 0x0, 0x7, 0xdf, 0xec,
    0x60, 0x0,

    /* U+0050 "P" */
    0x5f, 0xff, 0xfd, 0x70, 0x5, 0xf6, 0x55, 0x9f,
    0x80, 0x5f, 0x20, 0x0, 0x9f, 0x5, 0xf2, 0x0,
    0x5, 0xf1, 0x5f, 0x20, 0x0, 0x8f, 0x5, 0xf3,
    0x11, 0x5f, 0xb0, 0x5f, 0xff, 0xff, 0xc1, 0x5,
    0xf5, 0x43, 0x10, 0x0, 0x5f, 0x20, 0x0, 0x0,
    0x5, 0xf2, 0x0, 0x0, 0x0, 0x5f, 0x20, 0x0,
    0x0, 0x0,

    /* U+0051 "Q" */
    0x0, 0x7, 0xdf, 0xec, 0x60, 0x0, 0x1, 0xdf,
    0x95, 0x6a, 0xfa, 0x0, 0x9, 0xf3, 0x0, 0x0,
    0x5f, 0x60, 0xf, 0x80, 0x0, 0x0, 0xb, 0xd0,
    0x3f, 0x30, 0x0, 0x0, 0x6, 0xf0, 0x4f, 0x20,
    0x0, 0x0, 0x5, 0xf1, 0x3f, 0x30, 0x0, 0x0,
    0x7, 0xf1, 0xf, 0x80, 0x0, 0x8, 0xb, 0xd0,
    0x9, 0xf2, 0x0, 0x4f, 0xdf, 0x80, 0x0, 0xcf,
    0x95, 0x5d, 0xff, 0x0, 0x0, 0x7, 0xdf, 0xfc,
    0x9f, 0x90, 0x0, 0x0, 0x0, 0x0, 0x7, 0xb0,
    0x0, 0x0, 0x0, 0x0, 0x0, 0x0,

    /* U+0052 "R" */
    0x5f, 0xff, 0xfd, 0x80, 0x5, 0xf6, 0x55, 0x8f,
    0xa0, 0x5f, 0x20, 0x0, 0x8f, 0x5, 0xf2, 0x0,
    0x6, 0xf1, 0x5f, 0x31, 0x14, 0xed, 0x5, 0xff,
    0xff, 0xfd, 0x20, 0x5f, 0x54, 0x9f, 0x10, 0x5,
    0xf2, 0x0, 0xea, 0x0, 0x5f, 0x20, 0x6, 0xf3,
    0x5, 0xf2, 0x0, 0xd, 0xc0, 0x5f, 0x20, 0x0,
    0x5f, 0x50,

    /* U+0053 "S" */
    0x1, 0x9e, 0xfd, 0x70, 0x0, 0xcf, 0x85, 0x8f,
    0xa0, 0x3f, 0x40, 0x0, 0x45, 0x4, 0xf4, 0x0,
    0x0, 0x0, 0xd, 0xf8, 0x30, 0x0, 0x0, 0x18,
    0xef, 0xe7, 0x0, 0x0, 0x0, 0x39, 0xfa, 0x0,
    0x0, 0x0, 0x7, 0xf1, 0x2a, 0x0, 0x0, 0x7f,
    0x12, 0xed, 0x75, 0x8f, 0xa0, 0x2, 0x9e, 0xfd,
    0x80, 0x0,

    /* U+0054 "T" */
    0xff, 0xff, 0xff, 0xff, 0xf5, 0x55, 0x8f, 0x65,
    0x55, 0x0, 0x5, 0xf2, 0x0, 0x0, 0x0, 0x5f,
    0x20, 0x0, 0x0, 0x5, 0xf2, 0x0, 0x0, 0x0,
    0x5f, 0x20, 0x0, 0x0, 0x5, 0xf2, 0x0, 0x0,
    0x0, 0x5f, 0x20, 0x0, 0x0, 0x5, 0xf2, 0x0,
    0x0, 0x0, 0x5f, 0x20, 0x0, 0x0, 0x5, 0xf2,
    0x0, 0x0,

    /* U+0055 "U" */
    0x5f, 0x20, 0x0, 0x5, 0xf2, 0x5f, 0x20, 0x0,
    0x5, 0xf2, 0x5f, 0x20, 0x0, 0x5, 0xf2, 0x5f,
    0x20, 0x0, 0x5, 0xf2, 0x5f, 0x20, 0x0, 0x5,
    0xf2, 0x5f, 0x20, 0x0, 0x5, 0xf2, 0x5f, 0x20,
    0x0, 0x5, 0xf2, 0x4f, 0x40, 0x0, 0x7, 0xf0,
    0xf, 0xa0, 0x0, 0xd, 0xd0, 0x7, 0xfb, 0x66,
    0xcf, 0x40, 0x0, 0x5c, 0xfe, 0xb3, 0x0,

    /* U+0056 "V" */
    0xaf, 0x0, 0x0, 0x0, 0xbe, 0x3, 0xf5, 0x0,
    0x0, 0x1f, 0x80, 0xd, 0xb0, 0x0, 0x7, 0xf2,
    0x0, 0x7f, 0x10, 0x0, 0xdc, 0x0, 0x1, 0xf7,
    0x0, 0x2f, 0x60, 0x0, 0xb, 0xd0, 0x8, 0xf0,
    0x0, 0x0, 0x5f, 0x30, 0xea, 0x0, 0x0, 0x0,
    0xe9, 0x4f, 0x40, 0x0, 0x0, 0x9, 0xeb, 0xd0,
    0x0, 0x0, 0x0, 0x3f, 0xf7, 0x0, 0x0, 0x0,
    0x0, 0xdf, 0x10, 0x0, 0x0,

    /* U+0057 "W" */
    0x9e, 0x0, 0x0, 0x7f, 0x60, 0x0, 0xf, 0x85,
    0xf3, 0x0, 0xc, 0xfa, 0x0, 0x4, 0xf4, 0x1f,
    0x70, 0x1, 0xfc, 0xf0, 0x0, 0x8f, 0x0, 0xcb,
    0x0, 0x5f, 0x3f, 0x40, 0xd, 0xb0, 0x7, 0xf0,
    0xa, 0xb0, 0xd8, 0x1, 0xf6, 0x0, 0x3f, 0x40,
    0xe7, 0x8, 0xd0, 0x6f, 0x20, 0x0, 0xe9, 0x3f,
    0x20, 0x3f, 0x2a, 0xd0, 0x0, 0xa, 0xd8, 0xd0,
    0x0, 0xe7, 0xe8, 0x0, 0x0, 0x5f, 0xe8, 0x0,
    0xa, 0xef, 0x40, 0x0, 0x1, 0xff, 0x30, 0x0,
    0x5f, 0xf0, 0x0, 0x0, 0xc, 0xe0, 0x0, 0x0,
    0xfb, 0x0, 0x0,

    /* U+0058 "X" */
    0x2f, 0xa0, 0x0, 0xb, 0xe1, 0x7, 0xf4, 0x0,
    0x5f, 0x50, 0x0, 0xce, 0x11, 0xea, 0x0, 0x0,
    0x2f, 0xaa, 0xe1, 0x0, 0x0, 0x6, 0xff, 0x50,
    0x0, 0x0, 0x2, 0xff, 0x10, 0x0, 0x0, 0xc,
    0xdf, 0xa0, 0x0, 0x0, 0x7f, 0x36, 0xf4, 0x0,
    0x2, 0xf9, 0x0, 0xce, 0x10, 0xc, 0xe1, 0x0,
    0x2f, 0xa0, 0x6f, 0x60, 0x0, 0x8, 0xf4,

    /* U+0059 "Y" */
    0xe, 0xc0, 0x0, 0x0, 0xec, 0x0, 0x5f, 0x50,
    0x0, 0x8f, 0x30, 0x0, 0xcd, 0x0, 0x1f, 0x90,
    0x0, 0x2, 0xf7, 0xa, 0xe1, 0x0, 0x0, 0x9,
    0xe4, 0xf6, 0x0, 0x0, 0x0, 0x1e, 0xfc, 0x0,
    0x0, 0x0, 0x0, 0x6f, 0x30, 0x0, 0x0, 0x0,
    0x5, 0xf2, 0x0, 0x0, 0x0, 0x0, 0x5f, 0x20,
    0x0, 0x0, 0x0, 0x5, 0xf2, 0x0, 0x0, 0x0,
    0x0, 0x5f, 0x20, 0x0, 0x0,

    /* U+005A "Z" */
    0xff, 0xff, 0xff, 0xff, 0x55, 0x55, 0x59, 0xfb,
    0x0, 0x0, 0x1e, 0xe1, 0x0, 0x0, 0xaf, 0x40,
    0x0, 0x5, 0xf9, 0x0, 0x0, 0x1e, 0xd0, 0x0,
    0x0, 0xaf, 0x30, 0x0, 0x5, 0xf7, 0x0, 0x0,
    0x1e, 0xc0, 0x0, 0x0, 0xbf, 0x75, 0x55, 0x55,
    0xff, 0xff, 0xff, 0xff,

    /* U+005B "[" */
    0x1, 0x11, 0x5, 0xff, 0xf3, 0x5f, 0x54, 0x5,
    0xf2, 0x0, 0x5f, 0x20, 0x5, 0xf2, 0x0, 0x5f,
    0x20, 0x5, 0xf2, 0x0, 0x5f, 0x20, 0x5, 0xf2,
    0x0, 0x5f, 0x20, 0x5, 0xf2, 0x0, 0x5f, 0x31,
    0x5, 0xff, 0xf3, 0x14, 0x44, 0x0,

    /* U+005C "\\" */
    0xbc, 0x0, 0x0, 0x6f, 0x10, 0x0, 0x1f, 0x60,
    0x0, 0xc, 0xb0, 0x0, 0x7, 0xf0, 0x0, 0x2,
    0xf5, 0x0, 0x0, 0xca, 0x0, 0x0, 0x7f, 0x0,
    0x0, 0x2f, 0x50, 0x0, 0xd, 0xa0, 0x0, 0x8,
    0xf0,

    /* U+005D "]" */
    0x1, 0x11, 0x6, 0xff, 0xf2, 0x14, 0x7f, 0x20,
    0x5, 0xf2, 0x0, 0x5f, 0x20, 0x5, 0xf2, 0x0,
    0x5f, 0x20, 0x5, 0xf2, 0x0, 0x5f, 0x20, 0x5,
    0xf2, 0x0, 0x5f, 0x20, 0x5, 0xf2, 0x1, 0x5f,
    0x26, 0xff, 0xf2, 0x14, 0x44, 0x0,

    /* U+005E "^" */
    0x0, 0x9f, 0x60, 0x0, 0x3f, 0xae, 0x0, 0xc,
    0xa0, 0xd8, 0x5, 0xf1, 0x3, 0xf2,

    /* U+005F "_" */
    0x11, 0x11, 0x11, 0x1f, 0xff, 0xff, 0xff, 0x44,
    0x44, 0x44, 0x40,

    /* U+0060 "`" */
    0x2, 0x0, 0x6f, 0x20, 0x9, 0xd0, 0x0, 0x40,

    /* U+0061 "a" */
    0x1, 0xaf, 0xea, 0x10, 0x7, 0xc6, 0x6e, 0xc0,
    0x0, 0x0, 0x6, 0xf1, 0x2, 0xbf, 0xff, 0xf2,
    0xe, 0xd6, 0x47, 0xf2, 0x4f, 0x30, 0x8, 0xf2,
    0x2f, 0xa5, 0x9e, 0xf2, 0x6, 0xef, 0xa6, 0xf2,

    /* U+0062 "b" */
    0x5f, 0x20, 0x0, 0x0, 0x5, 0xf2, 0x0, 0x0,
    0x0, 0x5f, 0x20, 0x0, 0x0, 0x5, 0xf3, 0xbf,
    0xe7, 0x0, 0x5f, 0xe8, 0x5a, 0xf7, 0x5, 0xf8,
    0x0, 0xb, 0xe0, 0x5f, 0x30, 0x0, 0x6f, 0x15,
    0xf3, 0x0, 0x6, 0xf1, 0x5f, 0x80, 0x0, 0xbd,
    0x5, 0xff, 0x85, 0xaf, 0x60, 0x5f, 0x4b, 0xfd,
    0x60, 0x0,

    /* U+0063 "c" */
    0x0, 0x7d, 0xfd, 0x50, 0x9, 0xf9, 0x5a, 0xf4,
    0x1f, 0x80, 0x0, 0x30, 0x4f, 0x30, 0x0, 0x0,
    0x4f, 0x30, 0x0, 0x0, 0x1f, 0x80, 0x0, 0x30,
    0x9, 0xf8, 0x5a, 0xf4, 0x0, 0x7d, 0xfd, 0x50,

    /* U+0064 "d" */
    0x0, 0x0, 0x0, 0x5f, 0x20, 0x0, 0x0, 0x5,
    0xf2, 0x0, 0x0, 0x0, 0x5f, 0x20, 0x8, 0xef,
    0xa6, 0xf2, 0x9, 0xf8, 0x5a, 0xff, 0x21, 0xf8,
    0x0, 0xb, 0xf2, 0x4f, 0x30, 0x0, 0x6f, 0x24,
    0xf3, 0x0, 0x6, 0xf2, 0x1f, 0x80, 0x0, 0xbf,
    0x20, 0x8f, 0x95, 0x9f, 0xf2, 0x0, 0x8e, 0xfa,
    0x5f, 0x20,

    /* U+0065 "e" */
    0x0, 0x8e, 0xfd, 0x70, 0x0, 0x9f, 0x75, 0x7f,
    0x90, 0x1f, 0x61, 0x11, 0x7f, 0x4, 0xff, 0xff,
    0xff, 0xf1, 0x4f, 0x64, 0x44, 0x44, 0x1, 0xf7,
    0x0, 0x2, 0x10, 0x9, 0xf9, 0x57, 0xea, 0x0,
    0x7, 0xdf, 0xe9, 0x0,

    /* U+0066 "f" */
    0x0, 0x7e, 0xe0, 0x2, 0xfa, 0x50, 0x5, 0xf2,
    0x0, 0xff, 0xff, 0xf0, 0x58, 0xf6, 0x50, 0x5,
    0xf2, 0x0, 0x5, 0xf2, 0x0, 0x5, 0xf2, 0x0,
    0x5, 0xf2, 0x0, 0x5, 0xf2, 0x0, 0x5, 0xf2,
    0x0,

    /* U+0067 "g" */
    0x0, 0x8e, 0xfa, 0x6f, 0x20, 0xaf, 0x85, 0xaf,
    0xf2, 0x1f, 0x80, 0x0, 0xbf, 0x24, 0xf3, 0x0,
    0x6, 0xf2, 0x4f, 0x30, 0x0, 0x6f, 0x21, 0xf8,
    0x0, 0xb, 0xf2, 0x9, 0xf9, 0x5a, 0xff, 0x20,
    0x8, 0xef, 0xa6, 0xf1, 0x0, 0x10, 0x0, 0x9f,
    0x0, 0xce, 0x75, 0x8f, 0x70, 0x1, 0x9e, 0xfd,
    0x70, 0x0,

    /* U+0068 "h" */
    0x5f, 0x20, 0x0, 0x0, 0x5f, 0x20, 0x0, 0x0,
    0x5f, 0x20, 0x0, 0x0, 0x5f, 0x4b, 0xfc, 0x20,
    0x5f, 0xd7, 0x7f, 0xd0, 0x5f, 0x50, 0x7, 0xf1,
    0x5f, 0x20, 0x5, 0xf2, 0x5f, 0x20, 0x5, 0xf2,
    0x5f, 0x20, 0x5, 0xf2, 0x5f, 0x20, 0x5, 0xf2,
    0x5f, 0x20, 0x5, 0xf2,

    /* U+0069 "i" */
    0x3e, 0x0, 0x30, 0x0, 0x5, 0xf2, 0x5f, 0x25,
    0xf2, 0x5f, 0x25, 0xf2, 0x5f, 0x25, 0xf2, 0x5f,
    0x20,

    /* U+006A "j" */
    0x0, 0x3e, 0x0, 0x0, 0x30, 0x0, 0x0, 0x0,
    0x5, 0xf2, 0x0, 0x5f, 0x20, 0x5, 0xf2, 0x0,
    0x5f, 0x20, 0x5, 0xf2, 0x0, 0x5f, 0x20, 0x5,
    0xf2, 0x0, 0x5f, 0x20, 0x5, 0xf2, 0x16, 0xcf,
    0x2, 0xee, 0x50,

    /* U+006B "k" */
    0x5f, 0x20, 0x0, 0x0, 0x5f, 0x20, 0x0, 0x0,
    0x5f, 0x20, 0x0, 0x0, 0x5f, 0x20, 0x2e, 0xc0,
    0x5f, 0x21, 0xec, 0x0, 0x5f, 0x3d, 0xc0, 0x0,
    0x5f, 0xef, 0x90, 0x0, 0x5f, 0xc9, 0xf3, 0x0,
    0x5f, 0x20, 0xdd, 0x0, 0x5f, 0x20, 0x4f, 0x80,
    0x5f, 0x20, 0xa, 0xf2,

    /* U+006C "l" */
    0x5f, 0x20, 0x5f, 0x20, 0x5f, 0x20, 0x5f, 0x20,
    0x5f, 0x20, 0x5f, 0x20, 0x5f, 0x20, 0x5f, 0x20,
    0x5f, 0x20, 0x4f, 0x70, 0x1c, 0xf2,

    /* U+006D "m" */
    0x5f, 0x4c, 0xfb, 0x14, 0xdf, 0xc2, 0x5, 0xfd,
    0x76, 0xec, 0xe6, 0x6e, 0xc0, 0x5f, 0x50, 0x7,
    0xf5, 0x0, 0x7f, 0x15, 0xf2, 0x0, 0x5f, 0x20,
    0x5, 0xf2, 0x5f, 0x20, 0x5, 0xf2, 0x0, 0x5f,
    0x25, 0xf2, 0x0, 0x5f, 0x20, 0x5, 0xf2, 0x5f,
    0x20, 0x5, 0xf2, 0x0, 0x5f, 0x25, 0xf2, 0x0,
    0x5f, 0x20, 0x5, 0xf2,

    /* U+006E "n" */
    0x5f, 0x4b, 0xfc, 0x20, 0x5f, 0xd7, 0x7f, 0xd0,
    0x5f, 0x50, 0x7, 0xf1, 0x5f, 0x20, 0x5, 0xf2,
    0x5f, 0x20, 0x5, 0xf2, 0x5f, 0x20, 0x5, 0xf2,
    0x5f, 0x20, 0x5, 0xf2, 0x5f, 0x20, 0x5, 0xf2,

    /* U+006F "o" */
    0x0, 0x8e, 0xfd, 0x60, 0x0, 0x9f, 0x85, 0xaf,
    0x60, 0x1f, 0x80, 0x0, 0xbe, 0x4, 0xf3, 0x0,
    0x6, 0xf1, 0x4f, 0x30, 0x0, 0x6f, 0x11, 0xf8,
    0x0, 0xb, 0xe0, 0x9, 0xf8, 0x5a, 0xf6, 0x0,
    0x8, 0xef, 0xd6, 0x0,

    /* U+0070 "p" */
    0x5f, 0x4b, 0xfd, 0x60, 0x5, 0xff, 0x85, 0xaf,
    0x60, 0x5f, 0x80, 0x0, 0xbe, 0x5, 0xf3, 0x0,
    0x6, 0xf1, 0x5f, 0x30, 0x0, 0x6f, 0x15, 0xf8,
    0x0, 0xb, 0xd0, 0x5f, 0xf8, 0x5a, 0xf5, 0x5,
    0xf5, 0xcf, 0xd6, 0x0, 0x5f, 0x20, 0x0, 0x0,
    0x5, 0xf2, 0x0, 0x0, 0x0, 0x5f, 0x20, 0x0,
    0x0, 0x0,

    /* U+0071 "q" */
    0x0, 0x8e, 0xfa, 0x6f, 0x20, 0x9f, 0x85, 0xaf,
    0xf2, 0x1f, 0x80, 0x0, 0xbf, 0x24, 0xf3, 0x0,
    0x6, 0xf2, 0x4f, 0x30, 0x0, 0x6f, 0x21, 0xf8,
    0x0, 0xb, 0xf2, 0x9, 0xf9, 0x59, 0xff, 0x20,
    0x8, 0xef, 0xa6, 0xf2, 0x0, 0x0, 0x0, 0x5f,
    0x20, 0x0, 0x0, 0x5, 0xf2, 0x0, 0x0, 0x0,
    0x5f, 0x20,

    /* U+0072 "r" */
    0x5f, 0x39, 0xe5, 0x5f, 0xda, 0x61, 0x5f, 0x70,
    0x0, 0x5f, 0x20, 0x0, 0x5f, 0x20, 0x0, 0x5f,
    0x20, 0x0, 0x5f, 0x20, 0x0, 0x5f, 0x20, 0x0,

    /* U+0073 "s" */
    0x5, 0xcf, 0xea, 0x10, 0x2f, 0xb5, 0x6d, 0xd0,
    0x3f, 0x40, 0x1, 0x20, 0x9, 0xfb, 0x62, 0x0,
    0x0, 0x27, 0xbf, 0x80, 0x4, 0x0, 0x7, 0xf1,
    0x4f, 0xb5, 0x5c, 0xe0, 0x4, 0xcf, 0xeb, 0x20,

    /* U+0074 "t" */
    0x2, 0x81, 0x0, 0x5f, 0x20, 0x5, 0xf2, 0xf,
    0xff, 0xff, 0x58, 0xf6, 0x50, 0x5f, 0x20, 0x5,
    0xf2, 0x0, 0x5f, 0x20, 0x5, 0xf2, 0x0, 0x2f,
    0xa5, 0x0, 0x8f, 0xc0,

    /* U+0075 "u" */
    0x5f, 0x20, 0x5, 0xf2, 0x5f, 0x20, 0x5, 0xf2,
    0x5f, 0x20, 0x5, 0xf2, 0x5f, 0x20, 0x5, 0xf2,
    0x5f, 0x20, 0x5, 0xf2, 0x4f, 0x40, 0x8, 0xf2,
    0x1f, 0xd6, 0x8e, 0xf2, 0x4, 0xdf, 0xa6, 0xf2,

    /* U+0076 "v" */
    0xcc, 0x0, 0x0, 0xe9, 0x6f, 0x20, 0x5, 0xf2,
    0xf, 0x70, 0xb, 0xc0, 0xa, 0xd0, 0x1f, 0x60,
    0x3, 0xf3, 0x6f, 0x0, 0x0, 0xd9, 0xc9, 0x0,
    0x0, 0x7f, 0xf3, 0x0, 0x0, 0x1f, 0xd0, 0x0,

    /* U+0077 "w" */
    0xdb, 0x0, 0xd, 0xf0, 0x0, 0x9e, 0x7, 0xf0,
    0x2, 0xff, 0x40, 0xe, 0x90, 0x2f, 0x50, 0x7d,
    0xb9, 0x3, 0xf4, 0x0, 0xd9, 0xb, 0x86, 0xd0,
    0x7e, 0x0, 0x7, 0xe1, 0xf3, 0x1f, 0x2c, 0x90,
    0x0, 0x2f, 0x8e, 0x0, 0xd8, 0xf4, 0x0, 0x0,
    0xdf, 0xa0, 0x8, 0xff, 0x0, 0x0, 0x7, 0xf5,
    0x0, 0x3f, 0xa0, 0x0,

    /* U+0078 "x" */
    0x6f, 0x50, 0x9, 0xf2, 0xa, 0xe1, 0x3f, 0x50,
    0x1, 0xeb, 0xda, 0x0, 0x0, 0x4f, 0xe1, 0x0,
    0x0, 0x7f, 0xf1, 0x0, 0x3, 0xf7, 0xdc, 0x0,
    0xd, 0xc0, 0x3f, 0x70, 0x9f, 0x20, 0x8, 0xf3,

    /* U+0079 "y" */
    0xcc, 0x0, 0x0, 0xeb, 0x6f, 0x20, 0x4, 0xf4,
    0xf, 0x80, 0xa, 0xe0, 0x9, 0xe0, 0xf, 0x70,
    0x3, 0xf4, 0x6f, 0x10, 0x0, 0xca, 0xca, 0x0,
    0x0, 0x6f, 0xf4, 0x0, 0x0, 0xf, 0xd0, 0x0,
    0x0, 0x1f, 0x70, 0x0, 0x0, 0x8f, 0x10, 0x0,
    0x0, 0xea, 0x0, 0x0,

    /* U+007A "z" */
    0xff, 0xff, 0xff, 0x55, 0x57, 0xfb, 0x0, 0xc,
    0xd1, 0x0, 0x8f, 0x30, 0x4, 0xf6, 0x0, 0x1e,
    0xa0, 0x0, 0xbf, 0x55, 0x55, 0xff, 0xff, 0xff,

    /* U+007B "{" */
    0x0, 0x0, 0x0, 0x0, 0x6, 0xea, 0x0, 0x2f,
    0xa3, 0x0, 0x4f, 0x20, 0x0, 0x5f, 0x20, 0x0,
    0x6f, 0x10, 0x3, 0xcd, 0x0, 0x5f, 0xe2, 0x0,
    0x16, 0xeb, 0x0, 0x0, 0x6f, 0x10, 0x0, 0x5f,
    0x20, 0x0, 0x5f, 0x20, 0x0, 0x2f, 0x81, 0x0,
    0x9, 0xfa, 0x0, 0x0, 0x12,

    /* U+007C "|" */
    0x5f, 0x25, 0xf2, 0x5f, 0x25, 0xf2, 0x5f, 0x25,
    0xf2, 0x5f, 0x25, 0xf2, 0x5f, 0x25, 0xf2, 0x5f,
    0x25, 0xf2, 0x5f, 0x20,

    /* U+007D "}" */
    0x0, 0x0, 0xd, 0xd4, 0x0, 0x4c, 0xe0, 0x0,
    0x5f, 0x10, 0x5, 0xf2, 0x0, 0x4f, 0x20, 0x1,
    0xf9, 0x10, 0x4, 0xfa, 0x0, 0xeb, 0x30, 0x4f,
    0x30, 0x5, 0xf2, 0x0, 0x5f, 0x20, 0x1b, 0xf0,
    0xd, 0xf6, 0x0, 0x21, 0x0, 0x0,

    /* U+007E "~" */
    0x0, 0x0, 0x0, 0x0, 0x8, 0xfd, 0x52, 0xd3,
    0x2f, 0x67, 0xff, 0xc0, 0x1, 0x0, 0x13, 0x0,

    /* U+00B0 "°" */
    0x0, 0x0, 0x0, 0x0, 0x5e, 0xfd, 0x30, 0x1f,
    0xa4, 0xdd, 0x4, 0xf2, 0x5, 0xf1, 0x2f, 0x81,
    0xbe, 0x0, 0x6f, 0xff, 0x50, 0x0, 0x13, 0x0,
    0x0,

    /* U+00B7 "·" */
    0x1, 0x5, 0xf2, 0x14, 0x0,

    /* U+2026 "…" */
    0x15, 0x0, 0x1, 0x50, 0x0, 0x15, 0x5, 0xf2,
    0x0, 0x5f, 0x20, 0x5, 0xf2,

    /* U+2190 "←" */
    0x0, 0x0, 0x22, 0x0, 0x0, 0x0, 0x0, 0x0,
    0x0, 0x8f, 0x30, 0x0, 0x0, 0x0, 0x0, 0x0,
    0x8f, 0x30, 0x0, 0x0, 0x0, 0x0, 0x0, 0x8f,
    0xa6, 0x66, 0x66, 0x66, 0x66, 0x61, 0x1e, 0xff,
    0xff, 0xff, 0xff, 0xff, 0xff, 0x40, 0x3e, 0x90,
    0x0, 0x0, 0x0, 0x0, 0x0, 0x0, 0x2e, 0x90,
    0x0, 0x0, 0x0, 0x0, 0x0, 0x0, 0x2b, 0x50,
    0x0, 0x0, 0x0, 0x0,

    /* U+2191 "↑" */
    0x0, 0x5, 0x0, 0x0, 0x9, 0xf9, 0x0, 0x9,
    0xff, 0xf9, 0x9, 0xe5, 0xf5, 0xe9, 0xd2, 0x3f,
    0x32, 0xd2, 0x3, 0xf3, 0x2, 0x0, 0x3f, 0x30,
    0x0, 0x3, 0xf3, 0x0, 0x0, 0x3f, 0x30, 0x0,
    0x3, 0xf3, 0x0, 0x0, 0x3f, 0x30, 0x0, 0x3,
    0xf3, 0x0, 0x0, 0x3f, 0x30, 0x0, 0x3, 0xf3,
    0x0,

    /* U+2192 "→" */
    0x0, 0x0, 0x0, 0x0, 0x2, 0x20, 0x0, 0x0,
    0x0, 0x0, 0x0, 0x0, 0x3f, 0x80, 0x0, 0x0,
    0x0, 0x0, 0x0, 0x0, 0x3f, 0x80, 0x2, 0x66,
    0x66, 0x66, 0x66, 0x66, 0xaf, 0x80, 0x4f, 0xff,
    0xff, 0xff, 0xff, 0xff, 0xfe, 0x10, 0x0, 0x0,
    0x0, 0x0, 0x0, 0x9e, 0x20, 0x0, 0x0, 0x0,
    0x0, 0x0, 0x9e, 0x20, 0x0, 0x0, 0x0, 0x0,
    0x0, 0x5b, 0x20, 0x0,

    /* U+2193 "↓" */
    0x0, 0x3f, 0x30, 0x0, 0x3, 0xf3, 0x0, 0x0,
    0x3f, 0x30, 0x0, 0x3, 0xf3, 0x0, 0x0, 0x3f,
    0x30, 0x0, 0x3, 0xf3, 0x0, 0x0, 0x3f, 0x30,
    0x0, 0x3, 0xf3, 0x0, 0x20, 0x3f, 0x30, 0x2d,
    0x23, 0xf3, 0x2d, 0x9e, 0x6f, 0x5e, 0x90, 0x9f,
    0xff, 0x90, 0x0, 0x9f, 0x90, 0x0, 0x0, 0x50,
    0x0,

    /* U+25CF "●" */
    0x0, 0x29, 0xef, 0xd8, 0x10, 0x0, 0x4f, 0xff,
    0xff, 0xfe, 0x30, 0x2f, 0xff, 0xff, 0xff, 0xfe,
    0x19, 0xff, 0xff, 0xff, 0xff, 0xf7, 0xef, 0xff,
    0xff, 0xff, 0xff, 0xcf, 0xff, 0xff, 0xff, 0xff,
    0xfd, 0xdf, 0xff, 0xff, 0xff, 0xff, 0xb8, 0xff,
    0xff, 0xff, 0xff, 0xf6, 0x1e, 0xff, 0xff, 0xff,
    0xfd, 0x0, 0x3e, 0xff, 0xff, 0xfd, 0x20, 0x0,
    0x17, 0xbd, 0xb6, 0x0, 0x0,

    /* U+4E00 "一" */
    0x1f, 0xff, 0xff, 0xff, 0xff, 0xff, 0xff, 0x10,
    0x77, 0x77, 0x77, 0x77, 0x77, 0x77, 0x70,

    /* U+4E09 "三" */
    0x1, 0x55, 0x55, 0x55, 0x55, 0x55, 0x51, 0x0,
    0x3f, 0xff, 0xff, 0xff, 0xff, 0xff, 0x30, 0x0,
    0x0, 0x0, 0x0, 0x0, 0x0, 0x0, 0x0, 0x0,
    0x0, 0x0, 0x0, 0x0, 0x0, 0x0, 0x0, 0x0,
    0x0, 0x0, 0x0, 0x0, 0x0, 0x0, 0x3, 0x55,
    0x55, 0x55, 0x55, 0x53, 0x0, 0x0, 0x8f, 0xff,
    0xff, 0xff, 0xff, 0x80, 0x0, 0x0, 0x0, 0x0,
    0x0, 0x0, 0x0, 0x0, 0x0, 0x0, 0x0, 0x0,
    0x0, 0x0, 0x0, 0x0, 0x0, 0x0, 0x0, 0x0,
    0x0, 0x0, 0x0, 0x5, 0x55, 0x55, 0x55, 0x55,
    0x55, 0x55, 0x1, 0xff, 0xff, 0xff, 0xff, 0xff,
    0xff, 0xf1, 0x0, 0x0, 0x0, 0x0, 0x0, 0x0,
    0x0, 0x0,

    /* U+4E0A "上" */
    0x0, 0x0, 0x0, 0xac, 0x0, 0x0, 0x0, 0x0,
    0x0, 0x0, 0xa, 0xc0, 0x0, 0x0, 0x0, 0x0,
    0x0, 0x0, 0xac, 0x0, 0x0, 0x0, 0x0, 0x0,
    0x0, 0xa, 0xc0, 0x0, 0x0, 0x0, 0x0, 0x0,
    0x0, 0xad, 0x22, 0x22, 0x20, 0x0, 0x0, 0x0,
    0xa, 0xff, 0xff, 0xff, 0x50, 0x0, 0x0, 0x0,
    0xac, 0x0, 0x0, 0x0, 0x0, 0x0, 0x0, 0xa,
    0xc0, 0x0, 0x0, 0x0, 0x0, 0x0, 0x0, 0xac,
    0x0, 0x0, 0x0, 0x0, 0x0, 0x0, 0xa, 0xc0,
    0x0, 0x0, 0x0, 0x0, 0x0, 0x0, 0xac, 0x0,
    0x0, 0x0, 0x0, 0x11, 0x11, 0x1a, 0xd1, 0x11,
    0x11, 0x10, 0xf, 0xff, 0xff, 0xff, 0xff, 0xff,
    0xff, 0x10, 0x44, 0x44, 0x44, 0x44, 0x44, 0x44,
    0x40,

    /* U+4E0B "下" */
    0xf, 0xff, 0xff, 0xff, 0xff, 0xff, 0xff, 0x10,
    0x22, 0x22, 0x2b, 0xd2, 0x22, 0x22, 0x20, 0x0,
    0x0, 0x0, 0xac, 0x0, 0x0, 0x0, 0x0, 0x0,
    0x0, 0xa, 0xc3, 0x10, 0x0, 0x0, 0x0, 0x0,
    0x0, 0xac, 0xce, 0x30, 0x0, 0x0, 0x0, 0x0,
    0xa, 0xc1, 0xbf, 0x60, 0x0, 0x0, 0x0, 0x0,
    0xac, 0x0, 0x8f, 0xa0, 0x0, 0x0, 0x0, 0xa,
    0xc0, 0x0, 0x6e, 0x10, 0x0, 0x0, 0x0, 0xac,
    0x0, 0x0, 0x10, 0x0, 0x0, 0x0, 0xa, 0xc0,
    0x0, 0x0, 0x0, 0x0, 0x0, 0x0, 0xac, 0x0,
    0x0, 0x0, 0x0, 0x0, 0x0, 0xa, 0xc0, 0x0,
    0x0, 0x0, 0x0, 0x0, 0x0, 0xac, 0x0, 0x0,
    0x0, 0x0,

    /* U+4E0D "不" */
    0x6f, 0xff, 0xff, 0xff, 0xff, 0xff, 0xf0, 0x12,
    0x22, 0x22, 0x8f, 0x42, 0x22, 0x20, 0x0, 0x0,
    0x1, 0xe9, 0x0, 0x0, 0x0, 0x0, 0x0, 0xb,
    0xf6, 0x0, 0x0, 0x0, 0x0, 0x0, 0x8f, 0xf6,
    0x42, 0x0, 0x0, 0x0, 0x6, 0xf5, 0xf6, 0xbe,
    0x30, 0x0, 0x0, 0x6f, 0x70, 0xf6, 0xb, 0xf5,
    0x0, 0x8, 0xf7, 0x0, 0xf6, 0x0, 0xaf, 0x60,
    0x9f, 0x60, 0x0, 0xf6, 0x0, 0xa, 0xf2, 0x34,
    0x0, 0x0, 0xf6, 0x0, 0x0, 0x40, 0x0, 0x0,
    0x0, 0xf6, 0x0, 0x0, 0x0, 0x0, 0x0, 0x0,
    0xf6, 0x0, 0x0, 0x0, 0x0, 0x0, 0x0, 0xf6,
    0x0, 0x0, 0x0,

    /* U+4E0E "与" */
    0x0, 0x7f, 0x0, 0x0, 0x0, 0x0, 0x0, 0x8,
    0xe0, 0x0, 0x0, 0x0, 0x0, 0x0, 0x9f, 0xff,
    0xff, 0xff, 0xff, 0xc0, 0xa, 0xc2, 0x22, 0x22,
    0x22, 0x21, 0x0, 0xbb, 0x0, 0x0, 0x0, 0x0,
    0x0, 0xc, 0xa2, 0x22, 0x22, 0x22, 0x20, 0x0,
    0xdf, 0xff, 0xff, 0xff, 0xff, 0x20, 0x0, 0x0,
    0x0, 0x0, 0x5, 0xf1, 0x0, 0x0, 0x0, 0x0,
    0x0, 0x5f, 0xf, 0xff, 0xff, 0xff, 0xff, 0xa6,
    0xf0, 0x22, 0x22, 0x22, 0x22, 0x21, 0x7f, 0x0,
    0x0, 0x0, 0x0, 0x0, 0x9, 0xd0, 0x0, 0x0,
    0x0, 0x12, 0x23, 0xdb, 0x0, 0x0, 0x0, 0xa,
    0xff, 0xfc, 0x20,

    /* U+4E1C "东" */
    0x0, 0x0, 0x0, 0x0, 0x0, 0x0, 0x0, 0x0,
    0x0, 0x0, 0x9b, 0x0, 0x0, 0x0, 0x0, 0x0,
    0x0, 0x1f, 0x60, 0x0, 0x0, 0x0, 0x0, 0xff,
    0xff, 0xff, 0xff, 0xff, 0xff, 0xb0, 0x2, 0x25,
    0xf7, 0x22, 0x22, 0x22, 0x21, 0x0, 0x0, 0xae,
    0x0, 0x63, 0x0, 0x0, 0x0, 0x0, 0x2f, 0x60,
    0xd, 0x70, 0x0, 0x0, 0x0, 0xb, 0xe1, 0x11,
    0xd8, 0x11, 0x11, 0x0, 0x0, 0xff, 0xff, 0xff,
    0xff, 0xff, 0xf2, 0x0, 0x0, 0x11, 0x11, 0xd8,
    0x11, 0x11, 0x0, 0x0, 0x7, 0xc0, 0xd, 0x73,
    0xd2, 0x0, 0x0, 0x3, 0xf7, 0x0, 0xd7, 0xc,
    0xe2, 0x0, 0x2, 0xea, 0x0, 0xd, 0x70, 0xc,
    0xe2, 0x1, 0xec, 0x2, 0x56, 0xf6, 0x0, 0xc,
    0xd0, 0x7, 0x0, 0x4f, 0xfc, 0x10, 0x0, 0x14,
    0x0,

    /* U+4E2A "个" */
    0x0, 0x0, 0x0, 0x6f, 0x60, 0x0, 0x0, 0x0,
    0x0, 0x0, 0x2f, 0xef, 0x20, 0x0, 0x0, 0x0,
    0x0, 0x1d, 0xc1, 0xdd, 0x10, 0x0, 0x0, 0x0,
    0x1c, 0xe1, 0x2, 0xec, 0x10, 0x0, 0x0, 0x2d,
    0xe2, 0x0, 0x3, 0xfd, 0x20, 0x0, 0x5e, 0xe2,
    0x3, 0xe2, 0x2, 0xee, 0x50, 0x1f, 0xc1, 0x0,
    0x3f, 0x30, 0x1, 0xcf, 0x10, 0x40, 0x0, 0x3,
    0xf3, 0x0, 0x0, 0x40, 0x0, 0x0, 0x0, 0x3f,
    0x30, 0x0, 0x0, 0x0, 0x0, 0x0, 0x3, 0xf3,
    0x0, 0x0, 0x0, 0x0, 0x0, 0x0, 0x3f, 0x30,
    0x0, 0x0, 0x0, 0x0, 0x0, 0x3, 0xf3, 0x0,
    0x0, 0x0, 0x0, 0x0, 0x0, 0x3f, 0x30, 0x0,
    0x0, 0x0, 0x0, 0x0, 0x3, 0xf3, 0x0, 0x0,
    0x0,

    /* U+4E2D "中" */
    0x0, 0x0, 0x1, 0xf1, 0x0, 0x0, 0x0, 0x0,
    0x0, 0x1f, 0x10, 0x0, 0x0, 0x0, 0x0, 0x1,
    0xf1, 0x0, 0x0, 0x2, 0xff, 0xff, 0xff, 0xff,
    0xff, 0xf2, 0x2f, 0x22, 0x23, 0xf3, 0x22, 0x2f,
    0x22, 0xf0, 0x0, 0x1f, 0x10, 0x0, 0xf2, 0x2f,
    0x0, 0x1, 0xf1, 0x0, 0xf, 0x22, 0xf0, 0x0,
    0x1f, 0x10, 0x0, 0xf2, 0x2f, 0xff, 0xff, 0xff,
    0xff, 0xff, 0x20, 0x22, 0x22, 0x3f, 0x32, 0x22,
    0x20, 0x0, 0x0, 0x1, 0xf1, 0x0, 0x0, 0x0,
    0x0, 0x0, 0x1f, 0x10, 0x0, 0x0, 0x0, 0x0,
    0x1, 0xf1, 0x0, 0x0, 0x0, 0x0, 0x0, 0x1f,
    0x10, 0x0, 0x0,

    /* U+4E3A "为" */
    0x2, 0xb0, 0x5, 0xf0, 0x0, 0x0, 0x0, 0x1e,
    0xa0, 0x6e, 0x0, 0x0, 0x0, 0x0, 0x3f, 0x37,
    0xd0, 0x0, 0x0, 0x1, 0x22, 0x42, 0x9d, 0x22,
    0x22, 0x21, 0x6f, 0xff, 0xff, 0xff, 0xff, 0xff,
    0x70, 0x0, 0x0, 0xd8, 0x0, 0x0, 0xf6, 0x0,
    0x0, 0xf, 0x51, 0x0, 0xf, 0x50, 0x0, 0x4,
    0xf3, 0xf6, 0x0, 0xf5, 0x0, 0x0, 0xac, 0x7,
    0xf4, 0x1f, 0x40, 0x0, 0x2f, 0x60, 0x9, 0x92,
    0xf3, 0x0, 0xc, 0xc0, 0x0, 0x0, 0x3f, 0x20,
    0xa, 0xf2, 0x0, 0x0, 0x4, 0xf1, 0xa, 0xf4,
    0x0, 0x2, 0x23, 0xbf, 0x7, 0xe4, 0x0, 0x1,
    0xff, 0xfe, 0x60, 0x2, 0x0, 0x0, 0x0, 0x0,
    0x0, 0x0,

    /* U+4E3B "主" */
    0x0, 0x0, 0x6, 0x80, 0x0, 0x0, 0x0, 0x0,
    0x0, 0x5f, 0x20, 0x0, 0x0, 0x0, 0x0, 0x0,
    0xb4, 0x0, 0x0, 0x8, 0xff, 0xff, 0xff, 0xff,
    0xff, 0xf7, 0x12, 0x22, 0x25, 0xf3, 0x22, 0x22,
    0x0, 0x0, 0x0, 0x3f, 0x20, 0x0, 0x0, 0x0,
    0x0, 0x3, 0xf2, 0x0, 0x0, 0x0, 0xef, 0xff,
    0xff, 0xff, 0xff, 0xd0, 0x2, 0x22, 0x25, 0xf4,
    0x22, 0x22, 0x0, 0x0, 0x0, 0x3f, 0x20, 0x0,
    0x0, 0x0, 0x0, 0x3, 0xf2, 0x0, 0x0, 0x0,
    0x0, 0x0, 0x3f, 0x20, 0x0, 0x0, 0xff, 0xff,
    0xff, 0xff, 0xff, 0xff, 0xf2, 0x22, 0x22, 0x22,
    0x22, 0x22, 0x22,

    /* U+4E49 "义" */
    0x0, 0x0, 0x0, 0x81, 0x0, 0x0, 0x0, 0x0,
    0x1, 0x40, 0xd, 0xa0, 0x0, 0x92, 0x0, 0x0,
    0x6f, 0x0, 0x4f, 0x40, 0x4f, 0x30, 0x0, 0x1,
    0xf6, 0x0, 0xbc, 0x8, 0xe0, 0x0, 0x0, 0xa,
    0xd0, 0x2, 0x10, 0xe9, 0x0, 0x0, 0x0, 0x3f,
    0x50, 0x0, 0x5f, 0x30, 0x0, 0x0, 0x0, 0xae,
    0x0, 0xd, 0xc0, 0x0, 0x0, 0x0, 0x1, 0xfa,
    0x7, 0xf3, 0x0, 0x0, 0x0, 0x0, 0x5, 0xfa,
    0xf8, 0x0, 0x0, 0x0, 0x0, 0x0, 0xa, 0xfe,
    0x0, 0x0, 0x0, 0x0, 0x0, 0x1a, 0xfc, 0xfc,
    0x20, 0x0, 0x0, 0x0, 0x7e, 0xf7, 0x3, 0xef,
    0x92, 0x0, 0x8, 0xff, 0xa2, 0x0, 0x0, 0x8f,
    0xfa, 0x0, 0xaa, 0x30, 0x0, 0x0, 0x0, 0x19,
    0xa0, 0x0, 0x0, 0x0, 0x0, 0x0, 0x0, 0x0,
    0x0,

    /* U+4E66 "书" */
    0x0, 0x0, 0x0, 0x0, 0x0, 0x0, 0x0, 0x0,
    0x0, 0x5f, 0x0, 0x7, 0x80, 0x0, 0x0, 0x0,
    0x5f, 0x0, 0x7, 0xf9, 0x0, 0x2, 0x22, 0x7f,
    0x22, 0x22, 0x9f, 0xa0, 0xf, 0xff, 0xff, 0xff,
    0xff, 0xf4, 0xa0, 0x0, 0x0, 0x5f, 0x0, 0x6,
    0xd0, 0x0, 0x0, 0x0, 0x5f, 0x0, 0x8, 0xc0,
    0x0, 0x0, 0x0, 0x5f, 0x0, 0x9, 0xa0, 0x0,
    0xff, 0xff, 0xff, 0xff, 0xff, 0xff, 0xb0, 0x22,
    0x22, 0x6f, 0x22, 0x22, 0x2b, 0x90, 0x0, 0x0,
    0x5f, 0x0, 0x0, 0xc, 0x80, 0x0, 0x0, 0x5f,
    0x0, 0x0, 0xe, 0x70, 0x0, 0x0, 0x5f, 0x0,
    0x22, 0x6f, 0x40, 0x0, 0x0, 0x5f, 0x1, 0xff,
    0xfa, 0x0, 0x0, 0x0, 0x5f, 0x0, 0x0, 0x0,
    0x0,

    /* U+4E86 "了" */
    0xef, 0xff, 0xff, 0xff, 0xff, 0xff, 0x45, 0x55,
    0x55, 0x55, 0x5c, 0xfb, 0x0, 0x0, 0x0, 0x1,
    0xbf, 0x70, 0x0, 0x0, 0x0, 0x5e, 0xe3, 0x0,
    0x0, 0x0, 0x5, 0xfb, 0x10, 0x0, 0x0, 0x0,
    0x6, 0xf0, 0x0, 0x0, 0x0, 0x0, 0x6, 0xf0,
    0x0, 0x0, 0x0, 0x0, 0x6, 0xf0, 0x0, 0x0,
    0x0, 0x0, 0x6, 0xf0, 0x0, 0x0, 0x0, 0x0,
    0x6, 0xf0, 0x0, 0x0, 0x0, 0x0, 0x6, 0xf0,
    0x0, 0x0, 0x0, 0x36, 0x6c, 0xf0, 0x0, 0x0,
    0x0, 0x6f, 0xff, 0x80, 0x0, 0x0,

    /* U+4E8C "二" */
    0x0, 0xdf, 0xff, 0xff, 0xff, 0xff, 0xd0, 0x0,
    0x5, 0x66, 0x66, 0x66, 0x66, 0x65, 0x0, 0x0,
    0x0, 0x0, 0x0, 0x0, 0x0, 0x0, 0x0, 0x0,
    0x0, 0x0, 0x0, 0x0, 0x0, 0x0, 0x0, 0x0,
    0x0, 0x0, 0x0, 0x0, 0x0, 0x0, 0x0, 0x0,
    0x0, 0x0, 0x0, 0x0, 0x0, 0x0, 0x0, 0x0,
    0x0, 0x0, 0x0, 0x0, 0x0, 0x0, 0x0, 0x0,
    0x0, 0x0, 0x0, 0x0, 0x0, 0x0, 0x0, 0x0,
    0x0, 0x0, 0x0, 0x1, 0xff, 0xff, 0xff, 0xff,
    0xff, 0xff, 0xf1, 0x6, 0x66, 0x66, 0x66, 0x66,
    0x66, 0x66, 0x0,

    /* U+4E94 "五" */
    0x7, 0xff, 0xff, 0xff, 0xff, 0xff, 0xf8, 0x0,
    0x12, 0x22, 0x9d, 0x22, 0x22, 0x22, 0x10, 0x0,
    0x0, 0xb, 0xa0, 0x0, 0x0, 0x0, 0x0, 0x0,
    0x0, 0xd8, 0x0, 0x0, 0x0, 0x0, 0x0, 0x22,
    0x2f, 0x72, 0x22, 0x22, 0x0, 0x0, 0x2f, 0xff,
    0xff, 0xff, 0xff, 0xd0, 0x0, 0x0, 0x0, 0x5f,
    0x0, 0x0, 0x7d, 0x0, 0x0, 0x0, 0x8, 0xd0,
    0x0, 0x8, 0xc0, 0x0, 0x0, 0x0, 0xaa, 0x0,
    0x0, 0x8c, 0x0, 0x0, 0x0, 0xd, 0x70, 0x0,
    0x9, 0xb0, 0x0, 0x0, 0x0, 0xf5, 0x0, 0x0,
    0x9b, 0x0, 0x1, 0xff, 0xff, 0xff, 0xff, 0xff,
    0xff, 0xf2, 0x2, 0x22, 0x22, 0x22, 0x22, 0x22,
    0x22, 0x0,

    /* U+4EA7 "产" */
    0x0, 0x0, 0x0, 0x29, 0x10, 0x0, 0x0, 0x0,
    0x0, 0x0, 0x1f, 0x60, 0x0, 0x0, 0xf, 0xff,
    0xff, 0xff, 0xff, 0xff, 0xfd, 0x2, 0x22, 0xe8,
    0x22, 0x28, 0xd2, 0x22, 0x0, 0x0, 0xab, 0x0,
    0xb, 0x90, 0x0, 0x0, 0x0, 0x6f, 0x0, 0xf,
    0x50, 0x0, 0x0, 0xff, 0xff, 0xff, 0xff, 0xff,
    0xf9, 0x0, 0xf7, 0x22, 0x22, 0x22, 0x22, 0x21,
    0x0, 0xf5, 0x0, 0x0, 0x0, 0x0, 0x0, 0x0,
    0xf4, 0x0, 0x0, 0x0, 0x0, 0x0, 0x1, 0xf3,
    0x0, 0x0, 0x0, 0x0, 0x0, 0x6, 0xf0, 0x0,
    0x0, 0x0, 0x0, 0x0, 0xc, 0xa0, 0x0, 0x0,
    0x0, 0x0, 0x0, 0x2d, 0x20, 0x0, 0x0, 0x0,
    0x0, 0x0, 0x0, 0x0, 0x0, 0x0, 0x0, 0x0,
    0x0,

    /* U+4EAE "亮" */
    0x0, 0x0, 0x1, 0x70, 0x0, 0x0, 0x1, 0x11,
    0x11, 0x3f, 0x51, 0x11, 0x11, 0xdf, 0xff, 0xff,
    0xff, 0xff, 0xff, 0xf0, 0x5, 0x55, 0x55, 0x55,
    0x55, 0x0, 0x0, 0xf8, 0x55, 0x55, 0x57, 0xf1,
    0x0, 0xf, 0xee, 0xee, 0xee, 0xef, 0x10, 0x0,
    0x0, 0x0, 0x0, 0x0, 0x0, 0x9, 0xff, 0xff,
    0xff, 0xff, 0xff, 0xfb, 0x9a, 0x11, 0x11, 0x11,
    0x11, 0x19, 0xb8, 0x80, 0x9f, 0xff, 0xff, 0x60,
    0x89, 0x0, 0xa, 0xa1, 0x11, 0xe6, 0x4, 0x90,
    0x0, 0xd7, 0x0, 0xe, 0x60, 0x5d, 0x4, 0xce,
    0x10, 0x0, 0xe8, 0x29, 0xcc, 0xfa, 0x10, 0x0,
    0x8, 0xff, 0xe5, 0x31, 0x0, 0x0, 0x0, 0x0,
    0x0, 0x0,

    /* U+4EC5 "仅" */
    0x0, 0x3, 0xd0, 0x0, 0x0, 0x0, 0x0, 0x0,
    0x0, 0x9b, 0xf, 0xff, 0xff, 0xff, 0x80, 0x0,
    0xe, 0x50, 0xe8, 0x22, 0x22, 0xe7, 0x0, 0x6,
    0xf0, 0xa, 0xb0, 0x0, 0x2f, 0x30, 0x0, 0xdf,
    0x0, 0x6f, 0x0, 0x6, 0xe0, 0x0, 0x6f, 0xf0,
    0x1, 0xf5, 0x0, 0xca, 0x0, 0xe, 0xaf, 0x0,
    0xb, 0xc0, 0x3f, 0x30, 0x0, 0xb3, 0xf0, 0x0,
    0x3f, 0x5c, 0xc0, 0x0, 0x0, 0x2f, 0x0, 0x0,
    0xaf, 0xf3, 0x0, 0x0, 0x2, 0xf0, 0x0, 0x6,
    0xfd, 0x0, 0x0, 0x0, 0x2f, 0x0, 0x6, 0xfb,
    0xfb, 0x0, 0x0, 0x2, 0xf0, 0x9, 0xfa, 0x4,
    0xfd, 0x20, 0x0, 0x2f, 0x2d, 0xf8, 0x0, 0x3,
    0xee, 0x30, 0x2, 0xf1, 0xc4, 0x0, 0x0, 0x1,
    0xb1, 0x0, 0x0, 0x0, 0x0, 0x0, 0x0, 0x0,
    0x0,

    /* U+4ECD "仍" */
    0x0, 0x3, 0xb0, 0x0, 0x0, 0x0, 0x0, 0x0,
    0x0, 0x8d, 0x2f, 0xff, 0xff, 0xff, 0x0, 0x0,
    0xe, 0x80, 0x2e, 0x62, 0x2c, 0xd0, 0x0, 0x3,
    0xf2, 0x0, 0xe3, 0x0, 0xf9, 0x0, 0x0, 0xaf,
    0x0, 0xe, 0x30, 0x4f, 0x40, 0x0, 0x2f, 0xf0,
    0x0, 0xf3, 0x9, 0xf2, 0x20, 0xb, 0xef, 0x0,
    0xf, 0x20, 0xbf, 0xff, 0x0, 0xd6, 0xf0, 0x1,
    0xf1, 0x0, 0x6, 0xf0, 0x3, 0x2f, 0x0, 0x3f,
    0x0, 0x0, 0x6e, 0x0, 0x2, 0xf0, 0x6, 0xc0,
    0x0, 0x7, 0xd0, 0x0, 0x2f, 0x0, 0xb8, 0x0,
    0x0, 0x8d, 0x0, 0x2, 0xf0, 0x3f, 0x20, 0x0,
    0x9, 0xc0, 0x0, 0x2f, 0xc, 0xa0, 0x2, 0x23,
    0xda, 0x0, 0x2, 0xf4, 0xe1, 0x0, 0xdf, 0xfd,
    0x30, 0x0, 0x0, 0x0, 0x0, 0x0, 0x0, 0x0,
    0x0,

    /* U+4ECE "从" */
    0x0, 0x1, 0xf0, 0x0, 0xf, 0x50, 0x0, 0x0,
    0x0, 0x2f, 0x0, 0x0, 0xf5, 0x0, 0x0, 0x0,
    0x2, 0xf0, 0x0, 0xf, 0x50, 0x0, 0x0, 0x0,
    0x3f, 0x0, 0x0, 0xf6, 0x0, 0x0, 0x0, 0x4,
    0xf2, 0x0, 0x1f, 0x80, 0x0, 0x0, 0x0, 0x6f,
    0xd1, 0x3, 0xfa, 0x0, 0x0, 0x0, 0x8, 0xbd,
    0xb0, 0x6f, 0xe0, 0x0, 0x0, 0x0, 0xb8, 0x2f,
    0x7b, 0xaf, 0x30, 0x0, 0x0, 0xf, 0x40, 0x54,
    0xf4, 0xb9, 0x0, 0x0, 0x6, 0xf0, 0x0, 0xad,
    0x5, 0xf2, 0x0, 0x0, 0xd9, 0x0, 0x4f, 0x50,
    0xd, 0xb0, 0x0, 0x7f, 0x20, 0x2e, 0xb0, 0x0,
    0x3f, 0x80, 0xd, 0x90, 0xc, 0xd1, 0x0, 0x0,
    0x8f, 0x10, 0x11, 0x0, 0x42, 0x0, 0x0, 0x0,
    0x40,

    /* U+4EEA "仪" */
    0x0, 0x0, 0x71, 0x0, 0x51, 0x0, 0x0, 0x0,
    0x0, 0x5f, 0x10, 0xd, 0x90, 0x5, 0x10, 0x0,
    0xa, 0xb6, 0xb0, 0x5f, 0x10, 0xf4, 0x0, 0x1,
    0xf5, 0x4f, 0x0, 0xe7, 0x2f, 0x10, 0x0, 0x8f,
    0x0, 0xf4, 0x2, 0x6, 0xd0, 0x0, 0x1f, 0xf0,
    0xa, 0xa0, 0x0, 0xb8, 0x0, 0xa, 0xff, 0x0,
    0x4f, 0x10, 0x1f, 0x30, 0x0, 0xf6, 0xf0, 0x0,
    0xc9, 0x8, 0xc0, 0x0, 0x4, 0x2f, 0x0, 0x3,
    0xf7, 0xf5, 0x0, 0x0, 0x2, 0xf0, 0x0, 0x9,
    0xfb, 0x0, 0x0, 0x0, 0x2f, 0x0, 0x2, 0xdf,
    0xe3, 0x0, 0x0, 0x2, 0xf0, 0x5, 0xfc, 0x2b,
    0xf5, 0x0, 0x0, 0x2f, 0x1b, 0xf9, 0x0, 0x9,
    0xfb, 0x10, 0x2, 0xf2, 0xd4, 0x0, 0x0, 0x5,
    0xc0, 0x0, 0x0, 0x0, 0x0, 0x0, 0x0, 0x0,
    0x0,

    /* U+4EF6 "件" */
    0x0, 0x3b, 0x0, 0x0, 0x5f, 0x0, 0x0, 0x0,
    0x8d, 0x3, 0xb0, 0x5f, 0x0, 0x0, 0x0, 0xe8,
    0x8, 0xe0, 0x5f, 0x0, 0x0, 0x4, 0xf3, 0xd,
    0xc2, 0x7f, 0x22, 0x20, 0xb, 0xf0, 0x2f, 0xff,
    0xff, 0xff, 0xf2, 0x3f, 0xf0, 0x8f, 0x10, 0x5f,
    0x0, 0x0, 0xcf, 0xf0, 0xca, 0x0, 0x5f, 0x0,
    0x0, 0xd5, 0xf0, 0x0, 0x0, 0x5f, 0x0, 0x0,
    0x12, 0xf0, 0xff, 0xff, 0xff, 0xff, 0xfa, 0x2,
    0xf0, 0x22, 0x22, 0x7f, 0x22, 0x21, 0x2, 0xf0,
    0x0, 0x0, 0x5f, 0x0, 0x0, 0x2, 0xf0, 0x0,
    0x0, 0x5f, 0x0, 0x0, 0x2, 0xf0, 0x0, 0x0,
    0x5f, 0x0, 0x0, 0x2, 0xf0, 0x0, 0x0, 0x5f,
    0x0, 0x0, 0x0, 0x10, 0x0, 0x0, 0x0, 0x0,
    0x0,

    /* U+4EFD "份" */
    0x0, 0x1a, 0x0, 0x5, 0x17, 0x80, 0x0, 0x0,
    0x7d, 0x0, 0x3f, 0x26, 0xe0, 0x0, 0x0, 0xd8,
    0x0, 0xbc, 0x1, 0xf5, 0x0, 0x2, 0xf2, 0x5,
    0xf3, 0x0, 0x9d, 0x0, 0x9, 0xf0, 0x2f, 0xa0,
    0x0, 0x1e, 0x80, 0x2f, 0xf1, 0xdd, 0x0, 0x0,
    0x5, 0xf7, 0xbd, 0xf1, 0xbb, 0xff, 0xff, 0xff,
    0x84, 0xa4, 0xf0, 0x1, 0x5f, 0x22, 0x3f, 0x10,
    0x2, 0xf0, 0x0, 0x5d, 0x0, 0x1f, 0x0, 0x2,
    0xf0, 0x0, 0x8a, 0x0, 0x2f, 0x0, 0x2, 0xf0,
    0x0, 0xd6, 0x0, 0x3e, 0x0, 0x2, 0xf0, 0x6,
    0xd0, 0x0, 0x4d, 0x0, 0x2, 0xf0, 0x6f, 0x30,
    0x22, 0xab, 0x0, 0x2, 0xf2, 0xd4, 0x1, 0xff,
    0xd4, 0x0, 0x0, 0x0, 0x0, 0x0, 0x0, 0x0,
    0x0,

    /* U+4F11 "休" */
    0x0, 0x1, 0xb1, 0x0, 0x2f, 0x0, 0x0, 0x0,
    0x0, 0x7d, 0x0, 0x2, 0xf0, 0x0, 0x0, 0x0,
    0xd, 0x70, 0x0, 0x2f, 0x0, 0x0, 0x0, 0x4,
    0xf1, 0xdf, 0xff, 0xff, 0xff, 0xf0, 0x0, 0xbf,
    0x2, 0x22, 0xaf, 0x72, 0x22, 0x0, 0x4f, 0xf0,
    0x0, 0xe, 0xfc, 0x0, 0x0, 0xd, 0xbf, 0x0,
    0x7, 0xef, 0xe3, 0x0, 0x0, 0xa3, 0xf0, 0x1,
    0xe7, 0xf7, 0xc0, 0x0, 0x0, 0x2f, 0x0, 0xac,
    0x2f, 0xe, 0x70, 0x0, 0x2, 0xf0, 0x6f, 0x32,
    0xf0, 0x5f, 0x30, 0x0, 0x2f, 0x4f, 0x80, 0x2f,
    0x0, 0x9e, 0x20, 0x2, 0xf4, 0xb0, 0x2, 0xf0,
    0x0, 0xa1, 0x0, 0x2f, 0x0, 0x0, 0x2f, 0x0,
    0x0, 0x0, 0x2, 0xf0, 0x0, 0x2, 0xf0, 0x0,
    0x0,

    /* U+4F20 "传" */
    0x0, 0x0, 0x0, 0x0, 0x0, 0x0, 0x0, 0x0,
    0x0, 0x2e, 0x10, 0x7, 0xd0, 0x0, 0x0, 0x0,
    0x8, 0xc0, 0x0, 0xaa, 0x0, 0x0, 0x0, 0x0,
    0xe6, 0x4f, 0xff, 0xff, 0xff, 0xf0, 0x0, 0x4f,
    0x0, 0x23, 0xf5, 0x22, 0x22, 0x0, 0xc, 0xf0,
    0x0, 0x4f, 0x0, 0x0, 0x0, 0x4, 0xff, 0x2f,
    0xff, 0xff, 0xff, 0xff, 0x80, 0xda, 0xf0, 0x22,
    0xe8, 0x22, 0x22, 0x21, 0xb, 0x3f, 0x0, 0x2f,
    0x51, 0x11, 0x10, 0x0, 0x2, 0xf0, 0x4, 0xff,
    0xff, 0xff, 0x60, 0x0, 0x2f, 0x0, 0x0, 0x0,
    0x7, 0xe1, 0x0, 0x2, 0xf0, 0xb, 0xa3, 0x2,
    0xf5, 0x0, 0x0, 0x2f, 0x0, 0x3b, 0xfb, 0xd9,
    0x0, 0x0, 0x2, 0xf0, 0x0, 0x2, 0xaf, 0xc4,
    0x0, 0x0, 0x2f, 0x0, 0x0, 0x0, 0x29, 0xf1,
    0x0, 0x0, 0x0, 0x0, 0x0, 0x0, 0x1, 0x0,

    /* U+4F38 "伸" */
    0x0, 0x1d, 0x20, 0x0, 0xf2, 0x0, 0x0, 0x6,
    0xf0, 0x0, 0xf, 0x20, 0x0, 0x0, 0xca, 0x2,
    0x22, 0xf4, 0x22, 0x20, 0x2f, 0x52, 0xff, 0xff,
    0xff, 0xff, 0x9, 0xf0, 0x2f, 0x0, 0xf2, 0x2,
    0xf1, 0xff, 0x2, 0xf1, 0x1f, 0x31, 0x3f, 0xae,
    0xf0, 0x2f, 0xff, 0xff, 0xff, 0xfc, 0x5f, 0x2,
    0xf1, 0x1f, 0x31, 0x3f, 0x22, 0xf0, 0x2f, 0x0,
    0xf2, 0x2, 0xf0, 0x2f, 0x2, 0xf2, 0x2f, 0x42,
    0x4f, 0x2, 0xf0, 0x2f, 0xff, 0xff, 0xff, 0xf0,
    0x2f, 0x0, 0x0, 0xf, 0x20, 0x0, 0x2, 0xf0,
    0x0, 0x0, 0xf2, 0x0, 0x0, 0x2f, 0x0, 0x0,
    0xf, 0x20, 0x0, 0x0, 0x0, 0x0, 0x0, 0x0,
    0x0, 0x0,

    /* U+4F4D "位" */
    0x0, 0x2, 0x70, 0x0, 0x58, 0x0, 0x0, 0x0,
    0x0, 0x8e, 0x0, 0x5, 0xf1, 0x0, 0x0, 0x0,
    0xe, 0x82, 0x22, 0x3f, 0x62, 0x22, 0x0, 0x4,
    0xf2, 0xdf, 0xff, 0xff, 0xff, 0xf1, 0x0, 0xbf,
    0x0, 0x0, 0x0, 0x1, 0x10, 0x0, 0x3f, 0xf0,
    0xd, 0x60, 0x0, 0x6e, 0x0, 0xd, 0xdf, 0x0,
    0x9b, 0x0, 0xb, 0xa0, 0x0, 0xb3, 0xf0, 0x4,
    0xf0, 0x0, 0xf5, 0x0, 0x0, 0x2f, 0x0, 0xf,
    0x40, 0x4f, 0x10, 0x0, 0x2, 0xf0, 0x0, 0xb9,
    0x8, 0xb0, 0x0, 0x0, 0x2f, 0x0, 0x6, 0x90,
    0xd6, 0x0, 0x0, 0x2, 0xf0, 0x0, 0x0, 0x3f,
    0x10, 0x0, 0x0, 0x2f, 0x2f, 0xff, 0xff, 0xff,
    0xff, 0x50, 0x2, 0xf0, 0x22, 0x22, 0x22, 0x22,
    0x20,

    /* U+4F4E "低" */
    0x0, 0x19, 0x10, 0x0, 0x0, 0x0, 0x10, 0x0,
    0x7e, 0x5, 0x68, 0x9b, 0xdf, 0xb0, 0x0, 0xc8,
    0x2f, 0xec, 0xcf, 0x64, 0x10, 0x3, 0xf2, 0x2f,
    0x0, 0x3f, 0x0, 0x0, 0xb, 0xf0, 0x2f, 0x0,
    0x2f, 0x0, 0x0, 0x3f, 0xf0, 0x2f, 0x22, 0x4f,
    0x42, 0x20, 0xcd, 0xf0, 0x2f, 0xff, 0xff, 0xff,
    0xf5, 0xb3, 0xf0, 0x2f, 0x0, 0xe, 0x40, 0x0,
    0x2, 0xf0, 0x2f, 0x0, 0xc, 0x70, 0x0, 0x2,
    0xf0, 0x2f, 0x0, 0x9, 0xa0, 0x0, 0x2, 0xf0,
    0x2f, 0x0, 0x26, 0xe0, 0xa5, 0x2, 0xf0, 0x2f,
    0x94, 0xf3, 0xf4, 0xd4, 0x2, 0xf0, 0x6f, 0xb2,
    0x99, 0xaf, 0xf0, 0x2, 0xf0, 0x24, 0x0, 0x2a,
    0x1a, 0x60,

    /* U+4F53 "体" */
    0x0, 0x3c, 0x10, 0x7, 0xc0, 0x0, 0x0, 0x0,
    0x8d, 0x0, 0x7, 0xc0, 0x0, 0x0, 0x0, 0xd8,
    0x0, 0x7, 0xc0, 0x0, 0x0, 0x4, 0xf2, 0xff,
    0xff, 0xff, 0xff, 0xc0, 0xb, 0xf0, 0x22, 0x5f,
    0xf9, 0x22, 0x10, 0x3f, 0xf0, 0x0, 0xae, 0xef,
    0x10, 0x0, 0xce, 0xf0, 0x3, 0xf8, 0xcb, 0x90,
    0x0, 0xa5, 0xf0, 0xc, 0x87, 0xc2, 0xf4, 0x0,
    0x2, 0xf0, 0x8d, 0x7, 0xc0, 0x8e, 0x20, 0x2,
    0xf6, 0xf3, 0x7, 0xc0, 0xc, 0xd1, 0x2, 0xfa,
    0x6b, 0xff, 0xff, 0xf1, 0xd1, 0x2, 0xf0, 0x1,
    0x28, 0xd2, 0x20, 0x0, 0x2, 0xf0, 0x0, 0x7,
    0xc0, 0x0, 0x0, 0x2, 0xf0, 0x0, 0x7, 0xc0,
    0x0, 0x0,

    /* U+4F59 "余" */
    0x0, 0x0, 0x0, 0xcf, 0x30, 0x0, 0x0, 0x0,
    0x0, 0x9, 0xeb, 0xe1, 0x0, 0x0, 0x0, 0x0,
    0x9f, 0x41, 0xdd, 0x10, 0x0, 0x0, 0x1b, 0xf5,
    0x0, 0x1d, 0xe4, 0x0, 0x6, 0xef, 0x62, 0x22,
    0x23, 0xdf, 0xa1, 0x5f, 0x97, 0xff, 0xff, 0xff,
    0xd5, 0xea, 0x2, 0x0, 0x0, 0x4f, 0x10, 0x0,
    0x1, 0x2, 0x22, 0x22, 0x6f, 0x32, 0x22, 0x20,
    0xf, 0xff, 0xff, 0xff, 0xff, 0xff, 0xf5, 0x0,
    0x3, 0x10, 0x4f, 0x10, 0x20, 0x0, 0x0, 0x1e,
    0x80, 0x4f, 0x16, 0xf5, 0x0, 0x1, 0xdb, 0x0,
    0x4f, 0x10, 0x7f, 0x60, 0x1d, 0xb0, 0x22, 0x8f,
    0x0, 0x5, 0xf7, 0x8, 0x0, 0xbf, 0xfa, 0x0,
    0x0, 0x32,

    /* U+4F5C "作" */
    0x0, 0x0, 0x0, 0x3, 0x0, 0x0, 0x0, 0x0,
    0x5, 0xf0, 0x1f, 0x30, 0x0, 0x0, 0x0, 0xa,
    0xb0, 0x7e, 0x22, 0x22, 0x21, 0x0, 0x2f, 0x40,
    0xef, 0xff, 0xff, 0xfb, 0x0, 0x9f, 0x7, 0xe0,
    0xf2, 0x0, 0x0, 0x2, 0xff, 0x2f, 0x50, 0xf2,
    0x0, 0x0, 0xc, 0xdf, 0x38, 0x0, 0xff, 0xff,
    0xf0, 0xd, 0x4f, 0x0, 0x0, 0xf4, 0x22, 0x20,
    0x1, 0x2f, 0x0, 0x0, 0xf2, 0x0, 0x0, 0x0,
    0x2f, 0x0, 0x0, 0xf4, 0x22, 0x20, 0x0, 0x2f,
    0x0, 0x0, 0xff, 0xff, 0xf3, 0x0, 0x2f, 0x0,
    0x0, 0xf2, 0x0, 0x0, 0x0, 0x2f, 0x0, 0x0,
    0xf2, 0x0, 0x0, 0x0, 0x2e, 0x0, 0x0, 0xf2,
    0x0, 0x0,

    /* U+4FDD "保" */
    0x0, 0x2, 0x70, 0x0, 0x0, 0x0, 0x0, 0x0,
    0x0, 0x7e, 0xf, 0xff, 0xff, 0xff, 0x20, 0x0,
    0xc, 0x80, 0xf4, 0x22, 0x22, 0xf2, 0x0, 0x2,
    0xf3, 0xf, 0x20, 0x0, 0xf, 0x20, 0x0, 0x9f,
    0x0, 0xf4, 0x22, 0x22, 0xf2, 0x0, 0x1f, 0xf0,
    0xf, 0xff, 0xff, 0xff, 0x20, 0x9, 0xff, 0x0,
    0x0, 0xf, 0x20, 0x0, 0x0, 0xe6, 0xf0, 0x22,
    0x22, 0xf4, 0x22, 0x20, 0x3, 0x2f, 0xf, 0xff,
    0xff, 0xff, 0xff, 0x10, 0x2, 0xf0, 0x0, 0x1e,
    0xfe, 0x10, 0x0, 0x0, 0x2f, 0x0, 0x1d, 0x8f,
    0x8d, 0x20, 0x0, 0x2, 0xf0, 0x5e, 0x90, 0xf2,
    0x8e, 0x50, 0x0, 0x2f, 0x5f, 0x60, 0xf, 0x20,
    0x6f, 0x20, 0x2, 0xf0, 0x10, 0x0, 0xf2, 0x0,
    0x10,

    /* U+4FE1 "信" */
    0x0, 0x0, 0x0, 0x0, 0x0, 0x0, 0x0, 0x0,
    0x4d, 0x0, 0x0, 0xf5, 0x0, 0x0, 0x0, 0x9a,
    0x56, 0x66, 0xdc, 0x66, 0x65, 0x0, 0xe5, 0xac,
    0xcc, 0xcc, 0xcc, 0xc9, 0x4, 0xf0, 0x0, 0x0,
    0x0, 0x0, 0x0, 0xb, 0xf0, 0xf, 0xff, 0xff,
    0xff, 0xb0, 0x2f, 0xf0, 0x1, 0x11, 0x11, 0x11,
    0x0, 0xbe, 0xf0, 0x1, 0x11, 0x11, 0x11, 0x10,
    0xa5, 0xf0, 0xf, 0xff, 0xff, 0xff, 0xb0, 0x12,
    0xf0, 0x1, 0x11, 0x11, 0x11, 0x10, 0x2, 0xf0,
    0xf, 0xff, 0xff, 0xff, 0xb0, 0x2, 0xf0, 0xf,
    0x40, 0x0, 0x9, 0xb0, 0x2, 0xf0, 0xf, 0x40,
    0x0, 0x9, 0xb0, 0x2, 0xf0, 0xf, 0xff, 0xff,
    0xff, 0xb0, 0x2, 0xf0, 0xf, 0x52, 0x22, 0x29,
    0xa0,

    /* U+503C "值" */
    0x0, 0x0, 0x0, 0x0, 0x0, 0x0, 0x0, 0x0,
    0x4e, 0x0, 0x0, 0xaa, 0x0, 0x0, 0x0, 0x8d,
    0x1, 0x11, 0xaa, 0x11, 0x10, 0x0, 0xd8, 0x5f,
    0xff, 0xff, 0xff, 0xfa, 0x2, 0xf4, 0x0, 0x11,
    0xaa, 0x11, 0x0, 0x9, 0xf2, 0xb, 0xff, 0xff,
    0xff, 0xc0, 0x1f, 0xf2, 0xb, 0x80, 0x0, 0x7,
    0xc0, 0x8d, 0xf2, 0xb, 0xff, 0xff, 0xff, 0xc0,
    0x64, 0xf2, 0xb, 0x80, 0x0, 0x7, 0xc0, 0x0,
    0xf2, 0xb, 0xfe, 0xee, 0xef, 0xc0, 0x0, 0xf2,
    0xb, 0x80, 0x0, 0x7, 0xc0, 0x0, 0xf2, 0xb,
    0xff, 0xff, 0xff, 0xc0, 0x0, 0xf2, 0xb, 0x80,
    0x0, 0x7, 0xc0, 0x0, 0xf2, 0x1c, 0x81, 0x11,
    0x18, 0xc1, 0x0, 0xf2, 0xff, 0xff, 0xff, 0xff,
    0xff,

    /* U+503E "倾" */
    0x0, 0x13, 0x0, 0x0, 0x0, 0x0, 0x0, 0x0,
    0x6, 0xc2, 0xf0, 0x7f, 0xff, 0xff, 0xf0, 0x0,
    0xa6, 0x2f, 0x0, 0x11, 0xe4, 0x11, 0x0, 0xf,
    0x22, 0xf0, 0x4, 0x5f, 0x44, 0x10, 0x6, 0xf2,
    0x2f, 0xf8, 0xfb, 0xbb, 0xe7, 0x0, 0xdf, 0x22,
    0xf2, 0x2f, 0x6, 0x1a, 0x70, 0x6d, 0xf2, 0x2f,
    0x1, 0xf0, 0xd3, 0xa7, 0x5, 0x5f, 0x22, 0xf0,
    0x1f, 0xd, 0x3a, 0x70, 0x0, 0xf2, 0x2f, 0x1,
    0xf0, 0xd3, 0xa7, 0x0, 0xf, 0x22, 0xf1, 0x4f,
    0xf, 0x2a, 0x70, 0x0, 0xf2, 0x2f, 0xe7, 0xa4,
    0xf9, 0x65, 0x0, 0xf, 0x27, 0xf7, 0x1, 0xd9,
    0xe9, 0x0, 0x0, 0xf2, 0x24, 0x5, 0xea, 0x2,
    0xe8, 0x0, 0xf, 0x20, 0x0, 0xd7, 0x0, 0x2,
    0xb0, 0x0, 0x0, 0x0, 0x0, 0x0, 0x0, 0x0,
    0x0,

    /* U+504F "偏" */
    0x0, 0x3, 0x0, 0x0, 0x53, 0x0, 0x0, 0x0,
    0x3f, 0x0, 0x0, 0xac, 0x0, 0x0, 0x0, 0x8a,
    0x2f, 0xff, 0xff, 0xff, 0xf1, 0x0, 0xd4, 0x2f,
    0x0, 0x0, 0x1, 0xf1, 0x3, 0xf2, 0x2f, 0xff,
    0xff, 0xff, 0xf1, 0xa, 0xf2, 0x2f, 0x11, 0x11,
    0x11, 0x10, 0x3f, 0xf2, 0x3f, 0x0, 0x0, 0x0,
    0x0, 0x59, 0xf2, 0x3f, 0xff, 0xff, 0xff, 0xf3,
    0x1, 0xf2, 0x5f, 0xd0, 0xf0, 0xf0, 0xc3, 0x0,
    0xf2, 0x8c, 0xd0, 0xf0, 0xf0, 0xc3, 0x0, 0xf2,
    0xc8, 0xff, 0xff, 0xff, 0xf3, 0x0, 0xf4, 0xf4,
    0xd0, 0xf0, 0xf0, 0xc3, 0x0, 0xfa, 0xb2, 0xd0,
    0xf0, 0xf1, 0xd3, 0x0, 0xf3, 0x42, 0xd0, 0x80,
    0x8c, 0xd1, 0x0, 0x10, 0x0, 0x0, 0x0, 0x0,
    0x0,

    /* U+505C "停" */
    0x0, 0x5, 0x0, 0x0, 0x35, 0x0, 0x0, 0x0,
    0x5f, 0x10, 0x0, 0x7e, 0x0, 0x0, 0x0, 0xba,
    0xaf, 0xff, 0xff, 0xff, 0xf4, 0x1, 0xf4, 0x4,
    0x55, 0x55, 0x55, 0x0, 0x9, 0xf2, 0xd, 0xa5,
    0x55, 0x5f, 0x20, 0x2f, 0xf2, 0xd, 0xee, 0xee,
    0xef, 0x20, 0x9b, 0xf2, 0x22, 0x22, 0x22, 0x22,
    0x20, 0x31, 0xf2, 0xfe, 0xee, 0xee, 0xee, 0xf4,
    0x0, 0xf2, 0xf2, 0x0, 0x0, 0x0, 0xe4, 0x0,
    0xf2, 0xab, 0xff, 0xff, 0xfe, 0x93, 0x0, 0xf2,
    0x0, 0x0, 0x2f, 0x0, 0x0, 0x0, 0xf2, 0x0,
    0x0, 0x2f, 0x0, 0x0, 0x0, 0xf2, 0x0, 0x22,
    0x6f, 0x0, 0x0, 0x0, 0xf2, 0x0, 0xcf, 0xe8,
    0x0, 0x0,

    /* U+50A8 "储" */
    0x0, 0x1d, 0x24, 0x0, 0xc, 0x50, 0x0, 0x0,
    0x5e, 0x3f, 0x10, 0xc, 0x50, 0x39, 0x0, 0xb9,
    0xb, 0x97, 0xff, 0xff, 0xa8, 0x1, 0xf5, 0x3,
    0x80, 0x1c, 0x54, 0xf1, 0x8, 0xf2, 0x11, 0x1,
    0x1d, 0x6d, 0x91, 0x1e, 0xf7, 0xff, 0x2f, 0xff,
    0xff, 0xff, 0x7e, 0xf2, 0x3f, 0x0, 0x1b, 0xa0,
    0x0, 0x44, 0xf2, 0x2f, 0x5, 0xef, 0xff, 0xf2,
    0x0, 0xf2, 0x2f, 0x7f, 0xf3, 0x0, 0xe2, 0x0,
    0xf2, 0x2f, 0x34, 0xd3, 0x0, 0xe2, 0x0, 0xf2,
    0x2f, 0x22, 0xdf, 0xff, 0xf2, 0x0, 0xf2, 0x2f,
    0xe4, 0xd3, 0x0, 0xe2, 0x0, 0xf2, 0x5e, 0x30,
    0xdf, 0xff, 0xf2, 0x0, 0xf1, 0x0, 0x0, 0xd3,
    0x0, 0xe2,

    /* U+5145 "充" */
    0x0, 0x0, 0x0, 0x5c, 0x0, 0x0, 0x0, 0x0,
    0x0, 0x0, 0x3f, 0x40, 0x0, 0x0, 0xf, 0xff,
    0xff, 0xff, 0xff, 0xff, 0xfa, 0x2, 0x22, 0x3e,
    0xc2, 0x23, 0x22, 0x21, 0x0, 0x0, 0xbe, 0x10,
    0xd, 0x50, 0x0, 0x0, 0xa, 0xf4, 0x0, 0x9,
    0xf4, 0x0, 0x0, 0xaf, 0x61, 0x12, 0x34, 0xee,
    0x20, 0x0, 0xff, 0xff, 0xff, 0xfe, 0xde, 0xd1,
    0x0, 0x33, 0x6f, 0x10, 0xd8, 0x1, 0x90, 0x0,
    0x0, 0x7e, 0x0, 0xd8, 0x0, 0x0, 0x0, 0x0,
    0xca, 0x0, 0xd8, 0x0, 0x58, 0x0, 0x6, 0xf4,
    0x0, 0xd8, 0x0, 0x7c, 0x0, 0x8f, 0x80, 0x0,
    0xca, 0x22, 0xba, 0xe, 0xe6, 0x0, 0x0, 0x6f,
    0xff, 0xe3, 0x4, 0x0, 0x0, 0x0, 0x0, 0x0,
    0x0,

    /* U+5148 "先" */
    0x0, 0x34, 0x0, 0xf6, 0x0, 0x0, 0x0, 0x0,
    0xab, 0x0, 0xf6, 0x0, 0x0, 0x0, 0x0, 0xe8,
    0x22, 0xf7, 0x22, 0x22, 0x0, 0x5, 0xff, 0xff,
    0xff, 0xff, 0xff, 0x20, 0xd, 0x90, 0x0, 0xf6,
    0x0, 0x0, 0x0, 0x3f, 0x10, 0x0, 0xf6, 0x0,
    0x0, 0x0, 0x23, 0x22, 0x22, 0xf7, 0x22, 0x22,
    0x20, 0xff, 0xff, 0xff, 0xff, 0xff, 0xff, 0xf0,
    0x0, 0x3, 0xf0, 0x8, 0xc0, 0x0, 0x0, 0x0,
    0x5, 0xf0, 0x8, 0xc0, 0x0, 0x0, 0x0, 0xa,
    0xb0, 0x8, 0xc0, 0x3, 0xc0, 0x0, 0x5f, 0x40,
    0x8, 0xc0, 0x4, 0xe0, 0x8, 0xf9, 0x0, 0x7,
    0xe3, 0x29, 0xd0, 0xcf, 0x70, 0x0, 0x2, 0xef,
    0xff, 0x60, 0x21, 0x0, 0x0, 0x0, 0x0, 0x0,
    0x0,

    /* U+5149 "光" */
    0x0, 0x0, 0x0, 0x2f, 0x20, 0x0, 0x0, 0x0,
    0xb4, 0x0, 0x2f, 0x20, 0x5, 0xb0, 0x0, 0x9e,
    0x10, 0x2f, 0x20, 0x2f, 0x80, 0x0, 0xc, 0xc0,
    0x2f, 0x20, 0xdc, 0x0, 0x0, 0x2, 0xd2, 0x2f,
    0x23, 0xd1, 0x0, 0x0, 0x0, 0x0, 0x2f, 0x20,
    0x0, 0x0, 0xf, 0xff, 0xff, 0xff, 0xff, 0xff,
    0xff, 0x2, 0x22, 0x7f, 0x22, 0xba, 0x22, 0x22,
    0x0, 0x0, 0x7d, 0x0, 0xaa, 0x0, 0x0, 0x0,
    0x0, 0xab, 0x0, 0xaa, 0x0, 0x13, 0x0, 0x0,
    0xe6, 0x0, 0xaa, 0x0, 0x5e, 0x0, 0xa, 0xe1,
    0x0, 0xaa, 0x0, 0x5d, 0x2, 0xcf, 0x40, 0x0,
    0xae, 0x55, 0xbc, 0x1e, 0xe4, 0x0, 0x0, 0x3e,
    0xff, 0xe5, 0x3, 0x0, 0x0, 0x0, 0x0, 0x0,
    0x0,

    /* U+5165 "入" */
    0x0, 0x6, 0xff, 0xf9, 0x0, 0x0, 0x0, 0x0,
    0x0, 0x26, 0x69, 0xf1, 0x0, 0x0, 0x0, 0x0,
    0x0, 0x0, 0x3f, 0x40, 0x0, 0x0, 0x0, 0x0,
    0x0, 0x6, 0xf7, 0x0, 0x0, 0x0, 0x0, 0x0,
    0x0, 0xbf, 0xb0, 0x0, 0x0, 0x0, 0x0, 0x0,
    0x1f, 0x8f, 0x0, 0x0, 0x0, 0x0, 0x0, 0x9,
    0xd0, 0xe7, 0x0, 0x0, 0x0, 0x0, 0x3, 0xf5,
    0x8, 0xe1, 0x0, 0x0, 0x0, 0x0, 0xdb, 0x0,
    0xe, 0xa0, 0x0, 0x0, 0x0, 0xbe, 0x20, 0x0,
    0x5f, 0x70, 0x0, 0x0, 0xaf, 0x30, 0x0, 0x0,
    0x7f, 0x70, 0x0, 0xbf, 0x50, 0x0, 0x0, 0x0,
    0x8f, 0xa0, 0xa, 0x40, 0x0, 0x0, 0x0, 0x0,
    0x6a, 0x0, 0x0, 0x0, 0x0, 0x0, 0x0, 0x0,
    0x0,

    /* U+5168 "全" */
    0x0, 0x0, 0x0, 0x4f, 0x90, 0x0, 0x0, 0x0,
    0x0, 0x0, 0x2e, 0xaf, 0x60, 0x0, 0x0, 0x0,
    0x0, 0x3e, 0xb0, 0x4f, 0x70, 0x0, 0x0, 0x0,
    0x6f, 0xa0, 0x0, 0x5f, 0xa1, 0x0, 0x3, 0xcf,
    0x70, 0x0, 0x0, 0x3d, 0xe6, 0x0, 0xdc, 0xbf,
    0xff, 0xff, 0xff, 0xe8, 0xf2, 0x1, 0x1, 0x22,
    0x2f, 0x62, 0x22, 0x0, 0x0, 0x0, 0x0, 0x0,
    0xf5, 0x0, 0x0, 0x0, 0x0, 0x2, 0x22, 0x2f,
    0x62, 0x22, 0x10, 0x0, 0x4, 0xff, 0xff, 0xff,
    0xff, 0xfa, 0x0, 0x0, 0x0, 0x0, 0xf, 0x50,
    0x0, 0x0, 0x0, 0x0, 0x0, 0x0, 0xf5, 0x0,
    0x0, 0x0, 0xa, 0xff, 0xff, 0xff, 0xff, 0xff,
    0xff, 0x0, 0x12, 0x22, 0x22, 0x22, 0x22, 0x22,
    0x20,

    /* U+516C "公" */
    0x0, 0x0, 0x3, 0x0, 0x26, 0x0, 0x0, 0x0,
    0x0, 0x1, 0xf5, 0x4, 0xf1, 0x0, 0x0, 0x0,
    0x0, 0x8d, 0x0, 0xe, 0x80, 0x0, 0x0, 0x0,
    0x2f, 0x50, 0x0, 0x6f, 0x10, 0x0, 0x0, 0xd,
    0xb0, 0x0, 0x0, 0xcc, 0x0, 0x0, 0xb, 0xe1,
    0x3, 0x40, 0x2, 0xea, 0x0, 0xb, 0xf3, 0x0,
    0xda, 0x0, 0x4, 0xfc, 0x0, 0xb3, 0x0, 0x7f,
    0x20, 0x0, 0x3, 0xa0, 0x0, 0x0, 0x1f, 0x80,
    0x19, 0x0, 0x0, 0x0, 0x0, 0xc, 0xd0, 0x1,
    0xe8, 0x0, 0x0, 0x0, 0x9, 0xf3, 0x0, 0x4,
    0xf3, 0x0, 0x0, 0x6, 0xf7, 0x0, 0x12, 0x3c,
    0xd0, 0x0, 0x0, 0xcf, 0xef, 0xff, 0xfe, 0xdf,
    0x80, 0x0, 0x3, 0x43, 0x21, 0x0, 0x0, 0x5b,
    0x0, 0x0, 0x0, 0x0, 0x0, 0x0, 0x0, 0x0,
    0x0,

    /* U+516D "六" */
    0x0, 0x0, 0x6, 0x60, 0x0, 0x0, 0x0, 0x0,
    0x0, 0x8f, 0x20, 0x0, 0x0, 0x0, 0x0, 0x0,
    0xeb, 0x0, 0x0, 0x0, 0x0, 0x0, 0x5, 0x70,
    0x0, 0x0, 0xdf, 0xff, 0xff, 0xff, 0xff, 0xff,
    0xf2, 0x22, 0x22, 0x22, 0x22, 0x22, 0x22, 0x0,
    0x0, 0x40, 0x0, 0x41, 0x0, 0x0, 0x0, 0x7f,
    0x10, 0xe, 0xb0, 0x0, 0x0, 0xe, 0x80, 0x0,
    0x4f, 0x50, 0x0, 0x8, 0xe0, 0x0, 0x0, 0xbe,
    0x0, 0x2, 0xf7, 0x0, 0x0, 0x2, 0xf8, 0x0,
    0xcd, 0x0, 0x0, 0x0, 0x8, 0xf2, 0x8f, 0x30,
    0x0, 0x0, 0x0, 0xe, 0xa3, 0x60, 0x0, 0x0,
    0x0, 0x0, 0x53,

    /* U+5171 "共" */
    0x0, 0x0, 0xf6, 0x0, 0x9, 0xc0, 0x0, 0x0,
    0x0, 0xf, 0x60, 0x0, 0x9c, 0x0, 0x0, 0x0,
    0x0, 0xf6, 0x0, 0x9, 0xc0, 0x0, 0x0, 0xbf,
    0xff, 0xff, 0xff, 0xff, 0xff, 0xa0, 0x1, 0x22,
    0xf8, 0x22, 0x2a, 0xd2, 0x21, 0x0, 0x0, 0xf,
    0x60, 0x0, 0x9c, 0x0, 0x0, 0x0, 0x0, 0xf6,
    0x0, 0x9, 0xc0, 0x0, 0x0, 0x0, 0xf, 0x70,
    0x0, 0x9c, 0x0, 0x0, 0x2f, 0xff, 0xff, 0xff,
    0xff, 0xff, 0xff, 0x10, 0x22, 0x22, 0x42, 0x22,
    0x42, 0x22, 0x20, 0x0, 0x0, 0x9f, 0x10, 0x2f,
    0xa0, 0x0, 0x0, 0x2, 0xce, 0x40, 0x0, 0x4e,
    0xe3, 0x0, 0x7, 0xfb, 0x10, 0x0, 0x0, 0x1a,
    0xf7, 0x0, 0x86, 0x0, 0x0, 0x0, 0x0, 0x6,
    0x40,

    /* U+5173 "关" */
    0x0, 0x0, 0x0, 0x0, 0x0, 0x0, 0x0, 0x0,
    0x7, 0xb0, 0x0, 0x1, 0xe5, 0x0, 0x0, 0x2,
    0xf7, 0x0, 0xc, 0xd0, 0x0, 0x0, 0x0, 0x6c,
    0x0, 0x8f, 0x20, 0x0, 0x5, 0xff, 0xff, 0xff,
    0xff, 0xff, 0xf0, 0x0, 0x22, 0x22, 0x6f, 0x22,
    0x22, 0x20, 0x0, 0x0, 0x0, 0x5f, 0x0, 0x0,
    0x0, 0x0, 0x0, 0x0, 0x5f, 0x0, 0x0, 0x0,
    0xf, 0xff, 0xff, 0xff, 0xff, 0xff, 0xfb, 0x2,
    0x22, 0x22, 0xcf, 0x82, 0x22, 0x21, 0x0, 0x0,
    0x3, 0xfc, 0xe1, 0x0, 0x0, 0x0, 0x0, 0x3f,
    0xa0, 0xdd, 0x10, 0x0, 0x0, 0x19, 0xfa, 0x0,
    0x1d, 0xe6, 0x0, 0x9, 0xfe, 0x60, 0x0, 0x1,
    0x9f, 0xf9, 0xa, 0x70, 0x0, 0x0, 0x0, 0x2,
    0x87,

    /* U+5176 "其" */
    0x0, 0xb, 0x80, 0x0, 0x0, 0x8b, 0x0, 0x0,
    0x12, 0xb9, 0x22, 0x22, 0x29, 0xb2, 0x10, 0xd,
    0xff, 0xff, 0xff, 0xff, 0xff, 0xfd, 0x0, 0x0,
    0xb8, 0x0, 0x0, 0x8, 0xb0, 0x0, 0x0, 0xb,
    0xff, 0xff, 0xff, 0xfb, 0x0, 0x0, 0x0, 0xb9,
    0x11, 0x11, 0x19, 0xb0, 0x0, 0x0, 0xb, 0x91,
    0x11, 0x11, 0x9b, 0x0, 0x0, 0x0, 0xbf, 0xff,
    0xff, 0xff, 0xb0, 0x0, 0x0, 0xb, 0x80, 0x0,
    0x0, 0x8b, 0x0, 0x1, 0xff, 0xff, 0xff, 0xff,
    0xff, 0xff, 0xf1, 0x2, 0x22, 0x38, 0x22, 0x28,
    0x32, 0x22, 0x0, 0x0, 0x6e, 0xd1, 0x2, 0xde,
    0x71, 0x0, 0x7, 0xed, 0x50, 0x0, 0x0, 0x5c,
    0xf7, 0x0, 0x65, 0x0, 0x0, 0x0, 0x0, 0x5,
    0x40,

    /* U+5177 "具" */
    0x0, 0x3f, 0xff, 0xff, 0xff, 0xff, 0x30, 0x0,
    0x3, 0xf2, 0x22, 0x22, 0x22, 0xf3, 0x0, 0x0,
    0x3f, 0xff, 0xff, 0xff, 0xff, 0x30, 0x0, 0x3,
    0xf0, 0x0, 0x0, 0x1, 0xf3, 0x0, 0x0, 0x3f,
    0xff, 0xff, 0xff, 0xff, 0x30, 0x0, 0x3, 0xf0,
    0x0, 0x0, 0x0, 0xf3, 0x0, 0x0, 0x3f, 0xff,
    0xff, 0xff, 0xff, 0x30, 0x0, 0x3, 0xf0, 0x0,
    0x0, 0x0, 0xf3, 0x0, 0x2, 0x5f, 0x22, 0x22,
    0x22, 0x2f, 0x52, 0x1, 0xff, 0xff, 0xff, 0xff,
    0xff, 0xff, 0xf0, 0x0, 0x0, 0x29, 0x0, 0x19,
    0x30, 0x0, 0x0, 0x4, 0xaf, 0xb1, 0x2, 0xaf,
    0xc6, 0x0, 0xd, 0xf9, 0x20, 0x0, 0x0, 0x17,
    0xeb, 0x0, 0x30, 0x0, 0x0, 0x0, 0x0, 0x0,
    0x10,

    /* U+5185 "内" */
    0x0, 0x0, 0x1, 0xf1, 0x0, 0x0, 0x0, 0x0,
    0x0, 0x1f, 0x10, 0x0, 0x0, 0x2, 0x22, 0x23,
    0xf3, 0x22, 0x22, 0x1, 0xff, 0xff, 0xff, 0xff,
    0xff, 0xf1, 0x1f, 0x10, 0x1, 0xf0, 0x0, 0x1f,
    0x11, 0xf1, 0x0, 0x4f, 0x0, 0x1, 0xf1, 0x1f,
    0x10, 0x9, 0xf5, 0x0, 0x1f, 0x11, 0xf1, 0x2,
    0xfb, 0xf5, 0x1, 0xf1, 0x1f, 0x11, 0xdc, 0x7,
    0xf5, 0x1f, 0x11, 0xf4, 0xed, 0x10, 0x8, 0xf5,
    0xf1, 0x1f, 0x4c, 0x10, 0x0, 0x7, 0x2f, 0x11,
    0xf1, 0x0, 0x0, 0x0, 0x1, 0xf1, 0x1f, 0x10,
    0x0, 0x0, 0x22, 0x5f, 0x1, 0xf1, 0x0, 0x0,
    0xe, 0xff, 0xa0, 0x2, 0x0, 0x0, 0x0, 0x0,
    0x0, 0x0,

    /* U+518D "再" */
    0xb, 0xff, 0xff, 0xff, 0xff, 0xff, 0xfc, 0x0,
    0x12, 0x22, 0x23, 0xf3, 0x22, 0x22, 0x10, 0x0,
    0x2, 0x22, 0x3f, 0x32, 0x22, 0x10, 0x0, 0x7,
    0xff, 0xff, 0xff, 0xff, 0xf7, 0x0, 0x0, 0x7c,
    0x0, 0x1f, 0x20, 0xc, 0x70, 0x0, 0x7, 0xc2,
    0x23, 0xf3, 0x22, 0xc7, 0x0, 0x0, 0x7f, 0xff,
    0xff, 0xff, 0xff, 0x70, 0x0, 0x7, 0xc0, 0x1,
    0xf2, 0x0, 0xc7, 0x0, 0x1f, 0xff, 0xff, 0xff,
    0xff, 0xff, 0xff, 0x10, 0x28, 0xd2, 0x22, 0x22,
    0x22, 0xc8, 0x20, 0x0, 0x7c, 0x0, 0x0, 0x0,
    0xc, 0x70, 0x0, 0x7, 0xc0, 0x0, 0x1, 0x23,
    0xe6, 0x0, 0x0, 0x7c, 0x0, 0x0, 0x6f, 0xfd,
    0x10, 0x0, 0x0, 0x10, 0x0, 0x0, 0x0, 0x0,
    0x0,

    /* U+5199 "写" */
    0xaf, 0xff, 0xff, 0xff, 0xff, 0xff, 0xab, 0x47,
    0x22, 0x22, 0x22, 0x5f, 0xaa, 0x6e, 0x0, 0x0,
    0x0, 0x4f, 0x0, 0x8f, 0xff, 0xff, 0xff, 0x60,
    0x0, 0xab, 0x22, 0x22, 0x22, 0x0, 0x0, 0xc8,
    0x0, 0x0, 0x0, 0x0, 0x0, 0xdf, 0xff, 0xff,
    0xff, 0xf3, 0x0, 0x22, 0x22, 0x22, 0x22, 0xf3,
    0x11, 0x11, 0x11, 0x11, 0x10, 0xf2, 0xff, 0xff,
    0xff, 0xff, 0xf5, 0xf1, 0x11, 0x11, 0x11, 0x11,
    0x12, 0xf0, 0x0, 0x0, 0x0, 0x12, 0x3a, 0xd0,
    0x0, 0x0, 0x0, 0x8f, 0xfe, 0x40,

    /* U+51C6 "准" */
    0x0, 0x0, 0x1, 0x70, 0x15, 0x0, 0x0, 0x1c,
    0x20, 0x7, 0xe0, 0x1f, 0x20, 0x0, 0xc, 0xa0,
    0xd, 0xb2, 0x2c, 0x92, 0x21, 0x4, 0xf2, 0x3f,
    0xff, 0xff, 0xff, 0xf8, 0x0, 0xd8, 0xaf, 0x20,
    0xf, 0x20, 0x0, 0x0, 0x14, 0xff, 0x42, 0x2f,
    0x42, 0x20, 0x0, 0xb, 0xaf, 0xff, 0xff, 0xff,
    0xf3, 0x0, 0x34, 0xf, 0x20, 0xf, 0x20, 0x0,
    0x0, 0xe7, 0xf, 0x42, 0x2f, 0x42, 0x20, 0x3,
    0xf2, 0xf, 0xff, 0xff, 0xff, 0xf3, 0x8, 0xd0,
    0xf, 0x20, 0xf, 0x20, 0x0, 0xd, 0x80, 0xf,
    0x31, 0x1f, 0x31, 0x10, 0x3f, 0x30, 0xf, 0xff,
    0xff, 0xff, 0xf9, 0x4, 0x0, 0xf, 0x31, 0x11,
    0x11, 0x10,

    /* U+51FA "出" */
    0x0, 0x0, 0x1, 0xf1, 0x0, 0x0, 0x0, 0x11,
    0x0, 0x1f, 0x10, 0x0, 0x20, 0xc, 0x70, 0x1,
    0xf1, 0x0, 0x2f, 0x0, 0xc7, 0x0, 0x1f, 0x10,
    0x2, 0xf0, 0xc, 0x70, 0x1, 0xf1, 0x0, 0x2f,
    0x0, 0xc8, 0x22, 0x3f, 0x32, 0x24, 0xf0, 0xc,
    0xff, 0xff, 0xff, 0xff, 0xff, 0x0, 0x0, 0x0,
    0x1f, 0x10, 0x0, 0x0, 0x1f, 0x0, 0x1, 0xf1,
    0x0, 0xc, 0x72, 0xf0, 0x0, 0x1f, 0x10, 0x0,
    0xc7, 0x2f, 0x0, 0x1, 0xf1, 0x0, 0xc, 0x72,
    0xf0, 0x0, 0x1f, 0x10, 0x0, 0xc7, 0x2f, 0xff,
    0xff, 0xff, 0xff, 0xff, 0x70, 0x22, 0x22, 0x22,
    0x22, 0x22, 0xd7,

    /* U+5206 "分" */
    0x0, 0x0, 0x0, 0x0, 0x0, 0x0, 0x0, 0x0,
    0x0, 0x64, 0x4, 0xc0, 0x0, 0x0, 0x0, 0x1,
    0xf5, 0x1, 0xf4, 0x0, 0x0, 0x0, 0xb, 0xd0,
    0x0, 0x9d, 0x0, 0x0, 0x0, 0x7f, 0x30, 0x0,
    0x1e, 0xa0, 0x0, 0x6, 0xf6, 0x0, 0x0, 0x3,
    0xfa, 0x0, 0x8f, 0x70, 0x0, 0x0, 0x0, 0x4e,
    0xd2, 0x85, 0xff, 0xff, 0xff, 0xff, 0xd2, 0xb0,
    0x0, 0x22, 0xf6, 0x22, 0x2a, 0xc0, 0x0, 0x0,
    0x0, 0xf4, 0x0, 0xa, 0xb0, 0x0, 0x0, 0x3,
    0xf1, 0x0, 0xb, 0xa0, 0x0, 0x0, 0x9, 0xd0,
    0x0, 0xc, 0x80, 0x0, 0x0, 0x4f, 0x60, 0x0,
    0xd, 0x70, 0x0, 0x6, 0xfa, 0x0, 0x22, 0x6f,
    0x40, 0x0, 0x8f, 0x80, 0x3, 0xff, 0xfa, 0x0,
    0x0, 0x4, 0x0, 0x0, 0x0, 0x0, 0x0, 0x0,

    /* U+5207 "切" */
    0x2, 0xf0, 0x0, 0x0, 0x0, 0x0, 0x0, 0x2f,
    0x0, 0xff, 0xff, 0xff, 0xf5, 0x2, 0xf0, 0x5,
    0x6f, 0x86, 0x6e, 0x50, 0x2f, 0x1, 0x10, 0xf3,
    0x0, 0xe4, 0x6a, 0xfe, 0xf7, 0xf, 0x20, 0xe,
    0x4b, 0xdf, 0x86, 0x20, 0xf2, 0x0, 0xf3, 0x2,
    0xf0, 0x0, 0x1f, 0x10, 0xf, 0x30, 0x2f, 0x0,
    0x2, 0xf0, 0x0, 0xf2, 0x2, 0xf0, 0x0, 0x4d,
    0x0, 0xf, 0x20, 0x2f, 0x3, 0x48, 0xa0, 0x1,
    0xf1, 0x2, 0xf8, 0xf8, 0xe5, 0x0, 0x1f, 0x0,
    0x4f, 0xf6, 0x7e, 0x0, 0x2, 0xf0, 0x5, 0xc2,
    0x4f, 0x40, 0x22, 0x9e, 0x0, 0x0, 0xe, 0x80,
    0x1f, 0xfe, 0x50, 0x0, 0x0, 0x20, 0x0, 0x0,
    0x0, 0x0,

    /* U+5212 "划" */
    0x0, 0x3f, 0x3, 0x0, 0x0, 0x0, 0xf2, 0x0,
    0x3f, 0x1f, 0x40, 0x0, 0x0, 0xf2, 0x0, 0x2f,
    0x5, 0xe1, 0xf, 0x20, 0xf2, 0x0, 0x1f, 0x0,
    0x54, 0xf, 0x20, 0xf2, 0x3, 0x7f, 0xce, 0xff,
    0x1f, 0x20, 0xf2, 0xe, 0xdf, 0x95, 0x20, 0xf,
    0x20, 0xf2, 0x0, 0xe, 0x40, 0xc4, 0xf, 0x20,
    0xf2, 0x0, 0xc, 0x56, 0xe0, 0xf, 0x20, 0xf2,
    0x0, 0xa, 0xaf, 0x40, 0xf, 0x20, 0xf2, 0x0,
    0x7, 0xf8, 0x0, 0xf, 0x20, 0xf2, 0x0, 0x5e,
    0xf0, 0xa, 0x3e, 0x10, 0xf2, 0xb, 0xf7, 0xe5,
    0xf, 0x20, 0x0, 0xf2, 0x5, 0x10, 0x7e, 0x9e,
    0x3, 0x78, 0xf1, 0x0, 0x0, 0xa, 0xf5, 0x5,
    0xed, 0x90,

    /* U+5217 "列" */
    0x0, 0x0, 0x0, 0x0, 0x0, 0x0, 0xf2, 0xf,
    0xff, 0xff, 0xff, 0x50, 0x0, 0xf2, 0x2, 0x2c,
    0xa2, 0x22, 0x1f, 0x30, 0xf2, 0x0, 0xf, 0x50,
    0x0, 0xf, 0x30, 0xf2, 0x0, 0x5f, 0xcb, 0xb7,
    0xf, 0x30, 0xf2, 0x0, 0xbc, 0x88, 0xe9, 0xf,
    0x30, 0xf2, 0x3, 0xf3, 0x0, 0xf5, 0xf, 0x30,
    0xf2, 0xb, 0xfb, 0x4, 0xf1, 0xf, 0x30, 0xf2,
    0x4f, 0x4e, 0xcb, 0xa0, 0xf, 0x30, 0xf2, 0x15,
    0x1, 0xdf, 0x30, 0xf, 0x30, 0xf2, 0x0, 0x1,
    0xea, 0x0, 0xc, 0x20, 0xf2, 0x0, 0xc, 0xd0,
    0x0, 0x0, 0x0, 0xf2, 0x1, 0xce, 0x20, 0x0,
    0x2, 0x25, 0xf1, 0xb, 0xd1, 0x0, 0x0, 0xe,
    0xff, 0x90, 0x1, 0x0, 0x0, 0x0, 0x0, 0x0,
    0x0,

    /* U+521B "创" */
    0x0, 0x1, 0xe9, 0x0, 0x0, 0x0, 0xf2, 0x0,
    0xa, 0xce, 0x70, 0xa, 0x10, 0xf2, 0x0, 0x5f,
    0x23, 0xf4, 0xf, 0x20, 0xf2, 0x3, 0xf6, 0x0,
    0x6f, 0x1f, 0x20, 0xf2, 0x2f, 0xb2, 0x22, 0x27,
    0xf, 0x20, 0xf2, 0x8, 0xff, 0xff, 0xf2, 0xf,
    0x20, 0xf2, 0x0, 0xf2, 0x0, 0xf1, 0xf, 0x20,
    0xf2, 0x0, 0xf2, 0x0, 0xf1, 0xf, 0x20, 0xf2,
    0x0, 0xf2, 0x46, 0xf0, 0xf, 0x20, 0xf2, 0x0,
    0xf2, 0xcc, 0x72, 0xf, 0x20, 0xf2, 0x0, 0xf2,
    0x0, 0xf, 0x20, 0x0, 0xf2, 0x0, 0xf2, 0x0,
    0x1f, 0x10, 0x0, 0xf2, 0x0, 0xe9, 0x55, 0x9f,
    0x4, 0x57, 0xf1, 0x0, 0x5c, 0xdd, 0xc6, 0xb,
    0xff, 0xb0,

    /* U+521D "初" */
    0x0, 0x49, 0x0, 0x0, 0x0, 0x0, 0x0, 0x0,
    0x2f, 0x20, 0x68, 0x88, 0x88, 0x82, 0x0, 0x7,
    0x30, 0x9b, 0xfc, 0xbb, 0xf5, 0xb, 0xff, 0xf8,
    0x0, 0xf3, 0x0, 0xd4, 0x1, 0x23, 0xf4, 0x0,
    0xf2, 0x0, 0xe4, 0x0, 0xa, 0xa0, 0x10, 0xf2,
    0x0, 0xe3, 0x0, 0x5f, 0x1a, 0x91, 0xf1, 0x0,
    0xf3, 0x2, 0xff, 0x9e, 0x12, 0xf0, 0x0, 0xf2,
    0x1e, 0xcf, 0xf9, 0x5, 0xd0, 0x0, 0xf1, 0x9,
    0x2f, 0x3e, 0x49, 0x90, 0x1, 0xf1, 0x0, 0x2f,
    0x1, 0xe, 0x40, 0x1, 0xf0, 0x0, 0x2f, 0x0,
    0x8c, 0x0, 0x2, 0xf0, 0x0, 0x2f, 0x3, 0xf2,
    0x2, 0x29, 0xe0, 0x0, 0x2f, 0xd, 0x60, 0x2f,
    0xfe, 0x50, 0x0, 0x0, 0x0, 0x0, 0x0, 0x0,
    0x0,

    /* U+5220 "删" */
    0x0, 0x0, 0x0, 0x0, 0x0, 0x0, 0xf, 0x1,
    0xff, 0xf0, 0xff, 0xf4, 0x0, 0xf, 0x1, 0xe2,
    0xf0, 0xf2, 0xd4, 0x7b, 0xf, 0x1, 0xe0, 0xf0,
    0xf0, 0xc4, 0x7b, 0xf, 0x1, 0xe0, 0xf0, 0xf0,
    0xc4, 0x7b, 0xf, 0x1, 0xe0, 0xf0, 0xf0, 0xc4,
    0x7b, 0xf, 0xc, 0xfc, 0xfc, 0xfc, 0xfc, 0x7b,
    0xf, 0x7, 0xf6, 0xf6, 0xf6, 0xd8, 0x7b, 0xf,
    0x1, 0xe0, 0xf0, 0xf0, 0xc4, 0x7b, 0xf, 0x2,
    0xd0, 0xf1, 0xf0, 0xc4, 0x7b, 0xf, 0x3, 0xc0,
    0xf2, 0xe0, 0xc4, 0x58, 0xf, 0x6, 0x90, 0xf4,
    0xb0, 0xc4, 0x0, 0xf, 0xb, 0x76, 0xf9, 0x83,
    0xe3, 0x11, 0x4f, 0xd, 0x3c, 0x8c, 0x3f, 0xd1,
    0x9f, 0xf7, 0x0, 0x0, 0x0, 0x0, 0x0, 0x0,
    0x0,

    /* U+5230 "到" */
    0x0, 0x0, 0x0, 0x0, 0x0, 0x0, 0xf2, 0xf,
    0xff, 0xff, 0xff, 0x70, 0x0, 0xf2, 0x2, 0x2d,
    0x92, 0x22, 0x1b, 0x60, 0xf2, 0x0, 0x6e, 0x3,
    0xc0, 0xb, 0x60, 0xf2, 0x2, 0xf4, 0x0, 0xd7,
    0xb, 0x60, 0xf2, 0xb, 0xfd, 0xef, 0xff, 0x2b,
    0x60, 0xf2, 0x5, 0x76, 0xe8, 0x3b, 0x6b, 0x60,
    0xf2, 0x0, 0x0, 0xe5, 0x0, 0xb, 0x60, 0xf2,
    0x9, 0xcc, 0xfd, 0xcc, 0x2b, 0x60, 0xf2, 0x7,
    0x99, 0xfb, 0x99, 0x1b, 0x60, 0xf2, 0x0, 0x0,
    0xe5, 0x0, 0xb, 0x60, 0xf2, 0x0, 0x0, 0xe6,
    0x24, 0x20, 0x0, 0xf2, 0x1a, 0xce, 0xff, 0xff,
    0x61, 0x25, 0xf1, 0x8, 0x65, 0x32, 0x0, 0x8,
    0xff, 0xa0,

    /* U+5236 "制" */
    0x3, 0x16, 0xc0, 0x0, 0x0, 0xe, 0x20, 0xe5,
    0x6c, 0x0, 0x0, 0x0, 0xf2, 0x2f, 0x7a, 0xd6,
    0x64, 0x4c, 0xf, 0x27, 0xec, 0xdf, 0xcc, 0x84,
    0xc0, 0xf2, 0xb6, 0x6, 0xc0, 0x0, 0x4c, 0xf,
    0x28, 0x88, 0xbe, 0x88, 0x84, 0xc0, 0xf2, 0xaa,
    0xac, 0xea, 0xaa, 0x4c, 0xf, 0x20, 0x0, 0x6c,
    0x0, 0x4, 0xc0, 0xf2, 0x3d, 0xde, 0xfd, 0xd8,
    0x4c, 0xf, 0x24, 0xe5, 0x9d, 0x5a, 0xa4, 0xc0,
    0xf2, 0x4e, 0x6, 0xc0, 0x8a, 0x4b, 0xf, 0x24,
    0xe0, 0x6c, 0x1a, 0x90, 0x0, 0xf2, 0x4e, 0x6,
    0xcb, 0xf5, 0x2, 0x4f, 0x20, 0x20, 0x6c, 0x0,
    0x3, 0xff, 0xb0,

    /* U+524D "前" */
    0x0, 0x2, 0xa1, 0x0, 0x2, 0xb2, 0x0, 0x0,
    0x0, 0xc, 0xc0, 0x0, 0xcc, 0x0, 0x0, 0x2f,
    0xff, 0xff, 0xff, 0xff, 0xff, 0xff, 0x10, 0x22,
    0x22, 0x22, 0x22, 0x22, 0x22, 0x20, 0x0, 0x55,
    0x55, 0x51, 0x2, 0x2, 0x70, 0x0, 0x1f, 0xcc,
    0xcf, 0x52, 0xf0, 0x5e, 0x0, 0x1, 0xf1, 0x0,
    0xd5, 0x2f, 0x5, 0xe0, 0x0, 0x1f, 0xdd, 0xdf,
    0x52, 0xf0, 0x5e, 0x0, 0x1, 0xf5, 0x44, 0xe5,
    0x2f, 0x5, 0xe0, 0x0, 0x1f, 0x65, 0x5e, 0x52,
    0xf0, 0x5e, 0x0, 0x1, 0xfd, 0xcc, 0xf5, 0x2f,
    0x5, 0xe0, 0x0, 0x1f, 0x10, 0xd, 0x50, 0x40,
    0x5e, 0x0, 0x1, 0xf1, 0x12, 0xe5, 0x2, 0x28,
    0xe0, 0x0, 0x1f, 0x1b, 0xfe, 0x10, 0xdf, 0xf7,
    0x0, 0x0, 0x10, 0x0, 0x0, 0x0, 0x0, 0x0,
    0x0,

    /* U+5269 "剩" */
    0x0, 0x1, 0x35, 0x79, 0x60, 0x0, 0xf1, 0x6,
    0xff, 0xff, 0xff, 0x90, 0x0, 0xf1, 0x0, 0x10,
    0x7a, 0x0, 0x0, 0xe0, 0xf1, 0xc, 0xcc, 0xee,
    0xcc, 0xc4, 0xe0, 0xf1, 0x5, 0x56, 0x9c, 0x56,
    0x51, 0xe0, 0xf1, 0x3, 0x79, 0x6a, 0x69, 0x61,
    0xe0, 0xf1, 0xd, 0xe9, 0x6a, 0x6f, 0xc1, 0xe0,
    0xf1, 0x0, 0x69, 0x6a, 0x6a, 0x34, 0xe0, 0xf1,
    0xd, 0xf9, 0x8a, 0x6c, 0x96, 0xe0, 0xf1, 0x5,
    0x37, 0xfe, 0x49, 0x91, 0xe0, 0xf1, 0x0, 0xd,
    0xce, 0xf6, 0x0, 0xc0, 0xf1, 0x1, 0xc9, 0x6a,
    0x4f, 0x80, 0x0, 0xf1, 0x1e, 0xa0, 0x6a, 0x3,
    0xc0, 0x24, 0xf0, 0x5, 0x0, 0x6a, 0x0, 0x1,
    0xff, 0xa0, 0x0, 0x0, 0x12, 0x0, 0x0, 0x0,
    0x0,

    /* U+529F "功" */
    0x0, 0x0, 0x0, 0x0, 0xd4, 0x0, 0x0, 0x5,
    0x66, 0x65, 0x0, 0xe4, 0x0, 0x0, 0xc, 0xdf,
    0xec, 0x0, 0xe3, 0x0, 0x0, 0x0, 0xf, 0x20,
    0xaf, 0xff, 0xff, 0xf4, 0x0, 0xf, 0x20, 0x12,
    0xf5, 0x22, 0xe4, 0x0, 0xf, 0x20, 0x0, 0xf2,
    0x0, 0xe3, 0x0, 0xf, 0x20, 0x1, 0xf1, 0x0,
    0xe3, 0x0, 0xf, 0x20, 0x2, 0xf0, 0x0, 0xf2,
    0x0, 0xf, 0x20, 0x5, 0xd0, 0x0, 0xf2, 0x0,
    0xf, 0x58, 0x29, 0xa0, 0x0, 0xf1, 0x6, 0xbf,
    0xff, 0x5f, 0x50, 0x0, 0xf1, 0xf, 0xc8, 0x40,
    0xad, 0x0, 0x2, 0xf0, 0x1, 0x0, 0x7, 0xf3,
    0x2, 0x29, 0xe0, 0x0, 0x0, 0x4f, 0x70, 0x2f,
    0xfe, 0x60, 0x0, 0x0, 0x4, 0x0, 0x0, 0x0,
    0x0,

    /* U+52A0 "加" */
    0x0, 0x1f, 0x0, 0x0, 0x0, 0x0, 0x0, 0x0,
    0x1f, 0x0, 0x0, 0x0, 0x0, 0x0, 0x0, 0x2f,
    0x0, 0x0, 0x2f, 0xff, 0xf2, 0xe, 0xff, 0xff,
    0xf3, 0x2f, 0x55, 0xf2, 0x1, 0x3f, 0x11, 0xf3,
    0x2f, 0x0, 0xf2, 0x0, 0x2e, 0x0, 0xf2, 0x2f,
    0x0, 0xf2, 0x0, 0x3d, 0x0, 0xf2, 0x2f, 0x0,
    0xf2, 0x0, 0x5c, 0x0, 0xf1, 0x2f, 0x0, 0xf2,
    0x0, 0x7a, 0x1, 0xf1, 0x2f, 0x0, 0xf2, 0x0,
    0xa8, 0x1, 0xf1, 0x2f, 0x0, 0xf2, 0x0, 0xf4,
    0x1, 0xf0, 0x2f, 0x0, 0xf2, 0x6, 0xf0, 0x2,
    0xf0, 0x2f, 0xff, 0xf2, 0xd, 0xa1, 0x27, 0xf0,
    0x2f, 0x22, 0xf2, 0x1e, 0x36, 0xff, 0x70, 0x2f,
    0x0, 0xf2, 0x2, 0x0, 0x0, 0x0, 0x2, 0x0,
    0x20,

    /* U+52A8 "动" */
    0x0, 0x0, 0x0, 0x0, 0xf, 0x20, 0x0, 0x1,
    0x22, 0x22, 0x20, 0xf, 0x20, 0x0, 0x7, 0xff,
    0xff, 0xd0, 0x1f, 0x10, 0x0, 0x0, 0x0, 0x0,
    0x8, 0x9f, 0xa9, 0x93, 0x0, 0x0, 0x0, 0x5,
    0x7f, 0x66, 0xe4, 0x1f, 0xff, 0xff, 0xf4, 0x2f,
    0x0, 0xe4, 0x2, 0x2f, 0x62, 0x20, 0x3f, 0x0,
    0xe3, 0x0, 0x4f, 0x13, 0x0, 0x4e, 0x0, 0xf3,
    0x0, 0x9b, 0x3f, 0x0, 0x5c, 0x0, 0xf2, 0x0,
    0xe5, 0xd, 0x40, 0x8a, 0x0, 0xf2, 0x6, 0xf0,
    0x8, 0x90, 0xc7, 0x1, 0xf1, 0xc, 0xeb, 0xdf,
    0xe2, 0xf2, 0x1, 0xf0, 0xa, 0xca, 0x85, 0xbc,
    0xa1, 0x27, 0xf0, 0x0, 0x0, 0x0, 0x5e, 0x17,
    0xff, 0x80, 0x0, 0x0, 0x0, 0x13, 0x0, 0x0,
    0x0,

    /* U+52FE "勾" */
    0x0, 0x1, 0xd4, 0x0, 0x0, 0x0, 0x0, 0x0,
    0x7, 0xf1, 0x0, 0x0, 0x0, 0x0, 0x0, 0xe,
    0xff, 0xff, 0xff, 0xff, 0xf4, 0x0, 0x8e, 0x22,
    0x22, 0x22, 0x23, 0xf4, 0x3, 0xf6, 0x5, 0xc1,
    0x0, 0x1, 0xf3, 0xd, 0xb0, 0xd, 0xb0, 0x0,
    0x2, 0xf2, 0x5, 0x10, 0x6f, 0x26, 0x40, 0x2,
    0xf2, 0x0, 0x1, 0xe8, 0x8, 0xd0, 0x3, 0xf1,
    0x0, 0xb, 0xd0, 0x0, 0xe7, 0x3, 0xf1, 0x0,
    0x6f, 0x85, 0x78, 0xcf, 0x14, 0xf0, 0x0, 0x8f,
    0xff, 0xed, 0xbd, 0xa4, 0xf0, 0x0, 0x12, 0x10,
    0x0, 0x3, 0x46, 0xf0, 0x0, 0x0, 0x0, 0x1,
    0x22, 0x4d, 0xc0, 0x0, 0x0, 0x0, 0x7, 0xff,
    0xfc, 0x30,

    /* U+5316 "化" */
    0x0, 0x0, 0x0, 0x0, 0x0, 0x0, 0x0, 0x0,
    0x0, 0xc, 0x50, 0x5f, 0x0, 0x0, 0x0, 0x0,
    0x2, 0xf2, 0x5, 0xf0, 0x0, 0x0, 0x0, 0x0,
    0x8c, 0x0, 0x5f, 0x0, 0x7, 0x60, 0x0, 0xe,
    0x60, 0x5, 0xf0, 0x5, 0xf7, 0x0, 0x7, 0xf2,
    0x0, 0x5f, 0x4, 0xf9, 0x0, 0x0, 0xef, 0x20,
    0x5, 0xf5, 0xfa, 0x0, 0x0, 0x9e, 0xf2, 0x0,
    0x5f, 0xfa, 0x0, 0x0, 0xf, 0x5f, 0x20, 0xa,
    0xf9, 0x0, 0x0, 0x0, 0x80, 0xf2, 0x4e, 0xff,
    0x0, 0x0, 0x0, 0x0, 0xf, 0x4f, 0xd9, 0xf0,
    0x0, 0x19, 0x0, 0x0, 0xf2, 0x50, 0x5f, 0x0,
    0x2, 0xf0, 0x0, 0xf, 0x20, 0x5, 0xf0, 0x0,
    0x2f, 0x0, 0x0, 0xf2, 0x0, 0x4f, 0x52, 0x27,
    0xe0, 0x0, 0xf, 0x20, 0x0, 0xbf, 0xff, 0xe6,
    0x0,

    /* U+5317 "北" */
    0x0, 0x0, 0x4f, 0x10, 0x2f, 0x0, 0x0, 0x0,
    0x0, 0x4, 0xf1, 0x2, 0xf0, 0x0, 0x0, 0x0,
    0x0, 0x4f, 0x10, 0x2f, 0x0, 0x2, 0x0, 0x0,
    0x4, 0xf1, 0x2, 0xf0, 0x1c, 0xc0, 0xe, 0xff,
    0xff, 0x10, 0x2f, 0x6f, 0xd2, 0x0, 0x22, 0x26,
    0xf1, 0x2, 0xff, 0x80, 0x0, 0x0, 0x0, 0x4f,
    0x10, 0x2f, 0x30, 0x0, 0x0, 0x0, 0x4, 0xf1,
    0x2, 0xf0, 0x0, 0x0, 0x0, 0x0, 0x4f, 0x10,
    0x2f, 0x0, 0x3, 0x0, 0x0, 0x19, 0xf1, 0x2,
    0xf0, 0x2, 0xf0, 0x1, 0x8f, 0xff, 0x10, 0x2f,
    0x0, 0x2f, 0x1, 0xfe, 0x85, 0xf1, 0x2, 0xf1,
    0x5, 0xf0, 0x4, 0x0, 0x4f, 0x10, 0xd, 0xff,
    0xf9, 0x0, 0x0, 0x4, 0xf1, 0x0, 0x2, 0x21,
    0x0,

    /* U+533A "区" */
    0xff, 0xff, 0xff, 0xff, 0xff, 0xf8, 0xf4, 0x23,
    0x22, 0x22, 0x25, 0x21, 0xf2, 0x8c, 0x10, 0x0,
    0x9e, 0x0, 0xf2, 0x1d, 0xc1, 0x6, 0xf5, 0x0,
    0xf2, 0x2, 0xdd, 0x5f, 0x80, 0x0, 0xf2, 0x0,
    0x1e, 0xfa, 0x0, 0x0, 0xf2, 0x0, 0x3e, 0xfd,
    0x10, 0x0, 0xf2, 0x3, 0xfb, 0x2e, 0xc1, 0x0,
    0xf2, 0x5f, 0xb0, 0x2, 0xec, 0x0, 0xf3, 0xe9,
    0x0, 0x0, 0x3f, 0x80, 0xf2, 0x20, 0x0, 0x0,
    0x2, 0x0, 0xff, 0xff, 0xff, 0xff, 0xff, 0xfc,
    0x22, 0x22, 0x22, 0x22, 0x22, 0x21,

    /* U+5347 "升" */
    0x0, 0x0, 0x14, 0x74, 0x3f, 0x20, 0x0, 0x48,
    0xbd, 0xff, 0xd6, 0x3f, 0x20, 0x0, 0x8d, 0xae,
    0xa1, 0x0, 0x3f, 0x20, 0x0, 0x0, 0xc, 0x90,
    0x0, 0x3f, 0x20, 0x0, 0x0, 0xc, 0x90, 0x0,
    0x3f, 0x20, 0x0, 0x0, 0xc, 0x90, 0x0, 0x3f,
    0x20, 0x0, 0xff, 0xff, 0xff, 0xff, 0xff, 0xff,
    0xf0, 0x22, 0x2d, 0x92, 0x22, 0x5f, 0x42, 0x20,
    0x0, 0xd, 0x70, 0x0, 0x3f, 0x20, 0x0, 0x0,
    0xf, 0x40, 0x0, 0x3f, 0x20, 0x0, 0x0, 0x7f,
    0x0, 0x0, 0x3f, 0x20, 0x0, 0x3, 0xf8, 0x0,
    0x0, 0x3f, 0x20, 0x0, 0x3e, 0xc0, 0x0, 0x0,
    0x3f, 0x20, 0x0, 0x7c, 0x10, 0x0, 0x0, 0x3f,
    0x20, 0x0, 0x0, 0x0, 0x0, 0x0, 0x0, 0x0,
    0x0,

    /* U+5355 "单" */
    0x0, 0x0, 0x10, 0x0, 0x0, 0x10, 0x0, 0x0,
    0x0, 0x1f, 0x50, 0x0, 0x4f, 0x20, 0x0, 0x0,
    0x0, 0x6f, 0x10, 0x2f, 0x70, 0x0, 0x0, 0xb,
    0xff, 0xff, 0xff, 0xff, 0xfb, 0x0, 0x0, 0xb9,
    0x22, 0x3f, 0x32, 0x29, 0xb0, 0x0, 0xb, 0x90,
    0x2, 0xf2, 0x0, 0x8b, 0x0, 0x0, 0xbf, 0xff,
    0xff, 0xff, 0xff, 0xb0, 0x0, 0xb, 0x91, 0x13,
    0xf3, 0x11, 0x9b, 0x0, 0x0, 0xb9, 0x22, 0x3f,
    0x42, 0x29, 0xb0, 0x0, 0xb, 0xff, 0xff, 0xff,
    0xff, 0xfb, 0x0, 0x0, 0x0, 0x0, 0x2f, 0x20,
    0x0, 0x0, 0x1, 0xff, 0xff, 0xff, 0xff, 0xff,
    0xff, 0xf1, 0x2, 0x22, 0x22, 0x4f, 0x42, 0x22,
    0x22, 0x0, 0x0, 0x0, 0x2, 0xf2, 0x0, 0x0,
    0x0, 0x0, 0x0, 0x0, 0x2f, 0x20, 0x0, 0x0,
    0x0,

    /* U+5357 "南" */
    0x0, 0x0, 0x0, 0x3f, 0x20, 0x0, 0x0, 0x0,
    0x22, 0x22, 0x25, 0xf4, 0x22, 0x22, 0x20, 0x2f,
    0xff, 0xff, 0xff, 0xff, 0xff, 0xff, 0x0, 0x0,
    0x0, 0x3, 0xf2, 0x0, 0x0, 0x0, 0x4, 0xff,
    0xff, 0xff, 0xff, 0xff, 0xf3, 0x0, 0x4f, 0x22,
    0x82, 0x22, 0x82, 0x3f, 0x30, 0x4, 0xf0, 0x2f,
    0x30, 0x6e, 0x1, 0xf3, 0x0, 0x4f, 0x0, 0x9a,
    0xe, 0x70, 0x1f, 0x30, 0x4, 0xf3, 0xff, 0xff,
    0xff, 0xf1, 0xf3, 0x0, 0x4f, 0x0, 0x2, 0xf1,
    0x0, 0x1f, 0x30, 0x4, 0xf8, 0xff, 0xff, 0xff,
    0xf6, 0xf3, 0x0, 0x4f, 0x0, 0x2, 0xf1, 0x0,
    0x1f, 0x30, 0x4, 0xf0, 0x0, 0x2f, 0x11, 0x25,
    0xf2, 0x0, 0x4f, 0x0, 0x2, 0xf1, 0x7f, 0xfc,
    0x0, 0x0, 0x0, 0x0, 0x0, 0x0, 0x0, 0x0,
    0x0,

    /* U+5360 "占" */
    0x0, 0x0, 0xf6, 0x0, 0x0, 0x0, 0x0, 0x0,
    0xf6, 0x0, 0x0, 0x0, 0x0, 0x0, 0xf7, 0x22,
    0x22, 0x21, 0x0, 0x0, 0xff, 0xff, 0xff, 0xf7,
    0x0, 0x0, 0xf6, 0x0, 0x0, 0x0, 0x0, 0x0,
    0xf6, 0x0, 0x0, 0x0, 0x22, 0x22, 0xf7, 0x22,
    0x22, 0x0, 0xff, 0xff, 0xff, 0xff, 0xff, 0x20,
    0xf2, 0x0, 0x0, 0x0, 0xf, 0x20, 0xf2, 0x0,
    0x0, 0x0, 0xf, 0x20, 0xf2, 0x0, 0x0, 0x0,
    0xf, 0x20, 0xf4, 0x22, 0x22, 0x22, 0x2f, 0x20,
    0xff, 0xff, 0xff, 0xff, 0xff, 0x20, 0xf2, 0x0,
    0x0, 0x0, 0xf, 0x20,

    /* U+5361 "卡" */
    0x0, 0x0, 0x0, 0xd8, 0x0, 0x0, 0x0, 0x0,
    0x0, 0x0, 0xd, 0x80, 0x0, 0x0, 0x0, 0x0,
    0x0, 0x0, 0xdf, 0xff, 0xff, 0xd0, 0x0, 0x0,
    0x0, 0xd, 0x92, 0x22, 0x22, 0x0, 0x0, 0x0,
    0x0, 0xd8, 0x0, 0x0, 0x0, 0x0, 0x11, 0x11,
    0x1d, 0x91, 0x11, 0x11, 0x10, 0x1f, 0xff, 0xff,
    0xff, 0xff, 0xff, 0xff, 0x10, 0x11, 0x11, 0x1d,
    0x91, 0x11, 0x11, 0x10, 0x0, 0x0, 0x0, 0xd9,
    0xb5, 0x0, 0x0, 0x0, 0x0, 0x0, 0xd, 0x98,
    0xfc, 0x30, 0x0, 0x0, 0x0, 0x0, 0xd9, 0x2,
    0xbf, 0x90, 0x0, 0x0, 0x0, 0xd, 0x90, 0x0,
    0x5c, 0x0, 0x0, 0x0, 0x0, 0xd9, 0x0, 0x0,
    0x0, 0x0, 0x0, 0x0, 0xd, 0x90, 0x0, 0x0,
    0x0,

    /* U+536B "卫" */
    0x4, 0xff, 0xff, 0xff, 0xff, 0xff, 0xd0, 0x0,
    0x15, 0x55, 0xbd, 0x55, 0x55, 0xbd, 0x0, 0x0,
    0x0, 0x9, 0xc0, 0x0, 0x8, 0xc0, 0x0, 0x0,
    0x0, 0x9c, 0x0, 0x0, 0x9c, 0x0, 0x0, 0x0,
    0x9, 0xc0, 0x0, 0x9, 0xb0, 0x0, 0x0, 0x0,
    0x9c, 0x0, 0x0, 0xbb, 0x0, 0x0, 0x0, 0x9,
    0xc0, 0x33, 0x5f, 0x90, 0x0, 0x0, 0x0, 0x9c,
    0xf, 0xff, 0xe3, 0x0, 0x0, 0x0, 0x9, 0xc0,
    0x22, 0x20, 0x0, 0x0, 0x0, 0x0, 0x9c, 0x0,
    0x0, 0x0, 0x0, 0x1, 0x11, 0x1a, 0xd1, 0x11,
    0x11, 0x11, 0x1, 0xff, 0xff, 0xff, 0xff, 0xff,
    0xff, 0xf1, 0x4, 0x44, 0x44, 0x44, 0x44, 0x44,
    0x44, 0x0,

    /* U+5373 "即" */
    0x2f, 0xff, 0xff, 0x22, 0xff, 0xff, 0x22, 0xf2,
    0x22, 0xf2, 0x2f, 0x22, 0xf2, 0x2f, 0x0, 0xf,
    0x22, 0xf0, 0xf, 0x22, 0xff, 0xff, 0xf2, 0x2f,
    0x0, 0xf2, 0x2f, 0x11, 0x1f, 0x22, 0xf0, 0xf,
    0x22, 0xf2, 0x22, 0xf2, 0x2f, 0x0, 0xf2, 0x2f,
    0xff, 0xff, 0x22, 0xf0, 0xf, 0x22, 0xf0, 0x2,
    0x0, 0x2f, 0x0, 0xf2, 0x2f, 0x1, 0xf4, 0x2,
    0xf0, 0xf, 0x22, 0xf0, 0xc, 0xd0, 0x2f, 0x14,
    0xf1, 0x2f, 0x6d, 0xef, 0x62, 0xf9, 0xfb, 0x7,
    0xfc, 0x50, 0x8b, 0x2f, 0x0, 0x0, 0x12, 0x0,
    0x0, 0x2, 0xf0, 0x0, 0x0,

    /* U+5377 "卷" */
    0x0, 0x5, 0x0, 0xa, 0x20, 0x4, 0x0, 0x0,
    0x1, 0xd8, 0x3, 0xf1, 0x8, 0xe1, 0x0, 0x0,
    0x2, 0xc0, 0x6e, 0x1, 0xd2, 0x0, 0x0, 0x5f,
    0xff, 0xff, 0xff, 0xff, 0xff, 0x50, 0x0, 0x11,
    0x12, 0xf5, 0x11, 0x11, 0x10, 0x0, 0x11, 0x11,
    0x7f, 0x21, 0x11, 0x11, 0x10, 0xf, 0xff, 0xff,
    0xff, 0xff, 0xff, 0xff, 0x0, 0x0, 0x2d, 0xa0,
    0x0, 0x7d, 0x40, 0x0, 0x0, 0x8f, 0xfe, 0xdd,
    0xdd, 0xdd, 0xb5, 0x1, 0xfc, 0x9d, 0x0, 0x0,
    0xaa, 0x6, 0xb0, 0x3, 0x6, 0xd0, 0x3f, 0xff,
    0x57, 0x90, 0x0, 0x0, 0x6d, 0x0, 0x11, 0x0,
    0x8a, 0x0, 0x0, 0x5, 0xf3, 0x11, 0x11, 0x2c,
    0x90, 0x0, 0x0, 0x1c, 0xff, 0xff, 0xff, 0xd2,
    0x0,

    /* U+5382 "厂" */
    0x0, 0x8f, 0xff, 0xff, 0xff, 0xff, 0xff, 0x0,
    0x8, 0xf6, 0x66, 0x66, 0x66, 0x66, 0x60, 0x0,
    0x8f, 0x0, 0x0, 0x0, 0x0, 0x0, 0x0, 0x8,
    0xf0, 0x0, 0x0, 0x0, 0x0, 0x0, 0x0, 0x8f,
    0x0, 0x0, 0x0, 0x0, 0x0, 0x0, 0x8, 0xf0,
    0x0, 0x0, 0x0, 0x0, 0x0, 0x0, 0x8e, 0x0,
    0x0, 0x0, 0x0, 0x0, 0x0, 0xa, 0xd0, 0x0,
    0x0, 0x0, 0x0, 0x0, 0x0, 0xcb, 0x0, 0x0,
    0x0, 0x0, 0x0, 0x0, 0xf, 0x80, 0x0, 0x0,
    0x0, 0x0, 0x0, 0x6, 0xf3, 0x0, 0x0, 0x0,
    0x0, 0x0, 0x0, 0xdc, 0x0, 0x0, 0x0, 0x0,
    0x0, 0x0, 0x7, 0x40, 0x0, 0x0, 0x0, 0x0,
    0x0, 0x0,

    /* U+5386 "历" */
    0x0, 0xff, 0xff, 0xff, 0xff, 0xff, 0xf9, 0x0,
    0xf4, 0x22, 0x26, 0x32, 0x22, 0x21, 0x0, 0xf2,
    0x0, 0x1f, 0x30, 0x0, 0x0, 0x0, 0xf2, 0x0,
    0x1f, 0x20, 0x0, 0x0, 0x0, 0xf8, 0xff, 0xff,
    0xff, 0xff, 0x70, 0x0, 0xf3, 0x22, 0x5f, 0x32,
    0x2e, 0x60, 0x0, 0xf2, 0x0, 0x4f, 0x0, 0xe,
    0x50, 0x1, 0xf1, 0x0, 0x7d, 0x0, 0xf, 0x50,
    0x2, 0xf0, 0x0, 0xc9, 0x0, 0xf, 0x40, 0x5,
    0xd0, 0x3, 0xf3, 0x0, 0x1f, 0x30, 0x9, 0xa0,
    0x1d, 0xa0, 0x0, 0x2f, 0x20, 0x1f, 0x61, 0xcd,
    0x10, 0x22, 0x8f, 0x0, 0x5e, 0xa, 0xd1, 0x0,
    0xef, 0xf8, 0x0, 0x2, 0x1, 0x0, 0x0, 0x0,
    0x0, 0x0,

    /* U+538B "压" */
    0x0, 0xff, 0xff, 0xff, 0xff, 0xff, 0xf9, 0x0,
    0xf4, 0x22, 0x22, 0x22, 0x22, 0x21, 0x0, 0xf2,
    0x0, 0x6, 0xd0, 0x0, 0x0, 0x0, 0xf2, 0x0,
    0x6, 0xe0, 0x0, 0x0, 0x0, 0xf2, 0x0, 0x6,
    0xe0, 0x0, 0x0, 0x0, 0xf2, 0xff, 0xff, 0xff,
    0xff, 0xf0, 0x0, 0xf1, 0x22, 0x28, 0xe2, 0x22,
    0x20, 0x1, 0xf1, 0x0, 0x6, 0xe0, 0xa3, 0x0,
    0x3, 0xf0, 0x0, 0x6, 0xe0, 0x8f, 0x20, 0x5,
    0xd0, 0x0, 0x6, 0xe0, 0xa, 0xc0, 0xa, 0xa0,
    0x0, 0x6, 0xe0, 0x0, 0x20, 0x2f, 0x5d, 0xff,
    0xff, 0xff, 0xff, 0xfa, 0x2c, 0x2, 0x22, 0x22,
    0x22, 0x22, 0x21, 0x0, 0x0, 0x0, 0x0, 0x0,
    0x0, 0x0,

    /* U+53BB "去" */
    0x0, 0x0, 0x0, 0x2f, 0x20, 0x0, 0x0, 0x0,
    0x0, 0x0, 0x2, 0xf2, 0x0, 0x0, 0x0, 0x0,
    0x22, 0x22, 0x4f, 0x42, 0x22, 0x20, 0x0, 0x1f,
    0xff, 0xff, 0xff, 0xff, 0xff, 0x10, 0x0, 0x0,
    0x0, 0x2f, 0x20, 0x0, 0x0, 0x0, 0x0, 0x0,
    0x2, 0xf2, 0x0, 0x0, 0x0, 0x2, 0x22, 0x22,
    0x4f, 0x42, 0x22, 0x22, 0x1, 0xff, 0xff, 0xff,
    0xff, 0xff, 0xff, 0xf0, 0x0, 0x0, 0x9, 0xe1,
    0x0, 0x0, 0x0, 0x0, 0x0, 0x7, 0xf4, 0x0,
    0xd7, 0x0, 0x0, 0x0, 0x5, 0xf7, 0x0, 0x5,
    0xf5, 0x0, 0x0, 0x6, 0xf9, 0x0, 0x1, 0x1a,
    0xf3, 0x0, 0x0, 0xff, 0xef, 0xff, 0xff, 0xff,
    0xe2, 0x0, 0x4, 0x54, 0x32, 0x11, 0x0, 0xa,
    0x20,

    /* U+53C2 "参" */
    0x0, 0x0, 0x2, 0xa2, 0x0, 0x0, 0x0, 0x0,
    0x0, 0x5, 0xe8, 0x1, 0xd4, 0x0, 0x0, 0x0,
    0x2b, 0xe5, 0x11, 0x28, 0xf8, 0x0, 0x0, 0xb,
    0xff, 0xff, 0xfd, 0xdc, 0xdc, 0x0, 0x0, 0x0,
    0x3, 0xf4, 0x0, 0x0, 0x50, 0x0, 0xff, 0xff,
    0xff, 0xff, 0xff, 0xff, 0xf0, 0x1, 0x12, 0xdc,
    0x21, 0x2c, 0xc2, 0x11, 0x0, 0x3, 0xdc, 0x13,
    0x9e, 0x2c, 0xd3, 0x0, 0x1a, 0xfc, 0xbe, 0xe8,
    0x23, 0x69, 0xfc, 0x10, 0x82, 0x27, 0x21, 0x6c,
    0xe7, 0x3, 0x90, 0x0, 0x15, 0x8c, 0xfb, 0x50,
    0x2a, 0x70, 0x0, 0x4, 0xb8, 0x40, 0x16, 0xcf,
    0x92, 0x0, 0x0, 0x3, 0x69, 0xcf, 0xc6, 0x10,
    0x0, 0x0, 0x2f, 0xeb, 0x85, 0x10, 0x0, 0x0,
    0x0, 0x0, 0x10, 0x0, 0x0, 0x0, 0x0, 0x0,
    0x0,

    /* U+53D1 "发" */
    0x0, 0x0, 0x0, 0x0, 0x0, 0x0, 0x0, 0x0,
    0x7, 0x40, 0x2e, 0x10, 0x7a, 0x10, 0x0, 0x0,
    0xf6, 0x5, 0xf0, 0x2, 0xcf, 0x30, 0x0, 0x3f,
    0x20, 0x7d, 0x0, 0x0, 0x50, 0x0, 0x6, 0xff,
    0xff, 0xff, 0xff, 0xff, 0xff, 0x0, 0x2, 0x22,
    0xf8, 0x22, 0x22, 0x22, 0x20, 0x0, 0x0, 0x4f,
    0x20, 0x0, 0x0, 0x0, 0x0, 0x0, 0x9, 0xff,
    0xff, 0xff, 0xf7, 0x0, 0x0, 0x1, 0xff, 0xb2,
    0x22, 0x6f, 0x40, 0x0, 0x0, 0x9e, 0x4f, 0x40,
    0xd, 0xa0, 0x0, 0x0, 0x3f, 0x60, 0x9f, 0x5c,
    0xd1, 0x0, 0x0, 0x1d, 0xc0, 0x0, 0xcf, 0xf1,
    0x0, 0x0, 0xc, 0xe1, 0x4, 0xcf, 0xbf, 0xd6,
    0x10, 0x0, 0xd3, 0x8e, 0xfb, 0x30, 0x1a, 0xff,
    0xa0, 0x0, 0x8, 0x71, 0x0, 0x0, 0x1, 0x67,
    0x0,

    /* U+53D6 "取" */
    0xf, 0xff, 0xff, 0xf8, 0x22, 0x22, 0x21, 0x0,
    0x4f, 0x32, 0x8c, 0x1e, 0xff, 0xff, 0x80, 0x2,
    0xf1, 0x6, 0xc0, 0xd6, 0x0, 0xc7, 0x0, 0x2f,
    0xff, 0xfc, 0xa, 0x80, 0xf, 0x40, 0x2, 0xf3,
    0x28, 0xc0, 0x7c, 0x2, 0xf1, 0x0, 0x2f, 0x10,
    0x6c, 0x3, 0xf1, 0x7c, 0x0, 0x2, 0xff, 0xff,
    0xc0, 0xe, 0x7d, 0x70, 0x0, 0x2f, 0x32, 0x8c,
    0x0, 0x7f, 0xf1, 0x0, 0x2, 0xf1, 0x6, 0xc2,
    0x1, 0xfa, 0x0, 0x0, 0x3f, 0x8a, 0xef, 0xf0,
    0xaf, 0xf3, 0x0, 0x3f, 0xfc, 0x9a, 0xc1, 0x8f,
    0x3a, 0xe2, 0x0, 0x20, 0x0, 0x6c, 0x9f, 0x50,
    0xc, 0xe1, 0x0, 0x0, 0x6, 0xc5, 0x50, 0x0,
    0x8, 0x0,

    /* U+53D8 "变" */
    0x0, 0x0, 0x0, 0x2a, 0x20, 0x0, 0x0, 0x0,
    0x11, 0x11, 0x12, 0xf7, 0x11, 0x11, 0x10, 0xb,
    0xff, 0xff, 0xff, 0xff, 0xff, 0xff, 0x0, 0x1,
    0x11, 0x9b, 0x16, 0xd1, 0x11, 0x10, 0x0, 0xb,
    0x88, 0xa0, 0x5d, 0x3e, 0x30, 0x0, 0x1b, 0xe2,
    0x8a, 0x5, 0xd0, 0x9f, 0x60, 0xd, 0xe2, 0x6,
    0x80, 0x4a, 0x0, 0x7f, 0x20, 0x61, 0x12, 0x22,
    0x22, 0x22, 0x10, 0x30, 0x0, 0xd, 0xff, 0xff,
    0xff, 0xff, 0x0, 0x0, 0x0, 0x6f, 0x40, 0x0,
    0x2e, 0x80, 0x0, 0x0, 0x0, 0x7f, 0x60, 0x4e,
    0xa0, 0x0, 0x0, 0x0, 0x0, 0x4f, 0xdf, 0x80,
    0x0, 0x0, 0x0, 0x3, 0x8c, 0xfc, 0xfe, 0x95,
    0x20, 0x0, 0xbf, 0xfc, 0x71, 0x0, 0x5a, 0xef,
    0xf1, 0x4, 0x40, 0x0, 0x0, 0x0, 0x0, 0x24,
    0x0,

    /* U+53E3 "口" */
    0x55, 0x55, 0x55, 0x55, 0x55, 0x5f, 0xff, 0xff,
    0xff, 0xff, 0xff, 0xf6, 0x11, 0x11, 0x11, 0x16,
    0xff, 0x60, 0x0, 0x0, 0x0, 0x5f, 0xf6, 0x0,
    0x0, 0x0, 0x5, 0xff, 0x60, 0x0, 0x0, 0x0,
    0x5f, 0xf6, 0x0, 0x0, 0x0, 0x5, 0xff, 0x60,
    0x0, 0x0, 0x0, 0x5f, 0xf6, 0x0, 0x0, 0x0,
    0x5, 0xff, 0x60, 0x0, 0x0, 0x0, 0x5f, 0xff,
    0xff, 0xff, 0xff, 0xff, 0xff, 0xa6, 0x66, 0x66,
    0x66, 0x9f, 0xf6, 0x0, 0x0, 0x0, 0x5, 0xf1,
    0x0, 0x0, 0x0, 0x0, 0x0,

    /* U+53EF "可" */
    0x1f, 0xff, 0xff, 0xff, 0xff, 0xff, 0xff, 0x20,
    0x22, 0x22, 0x22, 0x22, 0x22, 0xf6, 0x20, 0x0,
    0x0, 0x0, 0x0, 0x0, 0xf, 0x50, 0x0, 0x1,
    0x22, 0x22, 0x21, 0x0, 0xf5, 0x0, 0x0, 0x9f,
    0xff, 0xff, 0x90, 0xf, 0x50, 0x0, 0x9, 0xa0,
    0x0, 0xb9, 0x0, 0xf5, 0x0, 0x0, 0x9a, 0x0,
    0xb, 0x90, 0xf, 0x50, 0x0, 0x9, 0xa0, 0x0,
    0xb9, 0x0, 0xf5, 0x0, 0x0, 0x9f, 0xff, 0xff,
    0x90, 0xf, 0x50, 0x0, 0x1, 0x22, 0x22, 0x21,
    0x0, 0xf5, 0x0, 0x0, 0x0, 0x0, 0x0, 0x0,
    0xf, 0x50, 0x0, 0x0, 0x0, 0x0, 0x2, 0x25,
    0xf4, 0x0, 0x0, 0x0, 0x0, 0x1, 0xff, 0xfb,
    0x0, 0x0,

    /* U+53F3 "右" */
    0x0, 0x0, 0x0, 0x0, 0x0, 0x0, 0x0, 0x0,
    0x0, 0x0, 0x7e, 0x0, 0x0, 0x0, 0x0, 0x0,
    0x0, 0xcb, 0x0, 0x0, 0x0, 0xd, 0xff, 0xff,
    0xff, 0xff, 0xff, 0xff, 0x2, 0x22, 0x2b, 0xe2,
    0x22, 0x22, 0x22, 0x0, 0x0, 0x2f, 0x70, 0x0,
    0x0, 0x0, 0x0, 0x0, 0xcf, 0x10, 0x0, 0x0,
    0x0, 0x0, 0x7, 0xf9, 0x22, 0x22, 0x22, 0x10,
    0x0, 0x5f, 0xff, 0xff, 0xff, 0xff, 0xc0, 0x5,
    0xfe, 0xf0, 0x0, 0x0, 0x8, 0xc0, 0x1f, 0xc5,
    0xf0, 0x0, 0x0, 0x8, 0xc0, 0x7, 0x4, 0xf0,
    0x0, 0x0, 0x8, 0xc0, 0x0, 0x4, 0xf2, 0x22,
    0x22, 0x29, 0xc0, 0x0, 0x4, 0xff, 0xff, 0xff,
    0xff, 0xc0, 0x0, 0x4, 0xf0, 0x0, 0x0, 0x8,
    0xc0,

    /* U+53F7 "号" */
    0x0, 0x4f, 0xff, 0xff, 0xff, 0xff, 0x40, 0x0,
    0x4, 0xf2, 0x22, 0x22, 0x22, 0xf4, 0x0, 0x0,
    0x4f, 0x33, 0x33, 0x33, 0x3f, 0x40, 0x0, 0x3,
    0xdd, 0xdd, 0xdd, 0xdd, 0xd3, 0x0, 0x0, 0x0,
    0x0, 0x0, 0x0, 0x0, 0x0, 0x2, 0xff, 0xff,
    0xff, 0xff, 0xff, 0xff, 0xf3, 0x2, 0x2a, 0xd2,
    0x22, 0x22, 0x22, 0x22, 0x0, 0x0, 0xca, 0x11,
    0x11, 0x11, 0x10, 0x0, 0x0, 0xf, 0xff, 0xff,
    0xff, 0xff, 0x10, 0x0, 0x0, 0x0, 0x0, 0x0,
    0x6, 0xf0, 0x0, 0x0, 0x0, 0x0, 0x0, 0x0,
    0x8f, 0x0, 0x0, 0x0, 0x0, 0x2, 0x22, 0x3d,
    0xc0, 0x0, 0x0, 0x0, 0x3, 0xff, 0xff, 0xd4,
    0x0, 0x0,

    /* U+5408 "合" */
    0x0, 0x0, 0x6, 0xf6, 0x0, 0x0, 0x0, 0x0,
    0x0, 0x2f, 0xcf, 0x20, 0x0, 0x0, 0x0, 0x2,
    0xeb, 0xa, 0xe2, 0x0, 0x0, 0x0, 0x3e, 0xc0,
    0x0, 0xbe, 0x40, 0x0, 0x7, 0xfb, 0x10, 0x0,
    0x1b, 0xf9, 0x10, 0xbf, 0x9f, 0xff, 0xff, 0xff,
    0x8e, 0xd0, 0x52, 0x1, 0x11, 0x11, 0x11, 0x1,
    0x40, 0x0, 0x11, 0x11, 0x11, 0x11, 0x10, 0x0,
    0x2, 0xff, 0xff, 0xff, 0xff, 0xf2, 0x0, 0x2,
    0xf1, 0x11, 0x11, 0x11, 0xf2, 0x0, 0x2, 0xf0,
    0x0, 0x0, 0x0, 0xf2, 0x0, 0x2, 0xf0, 0x0,
    0x0, 0x0, 0xf2, 0x0, 0x2, 0xff, 0xff, 0xff,
    0xff, 0xf2, 0x0, 0x2, 0xf2, 0x22, 0x22, 0x22,
    0xf2, 0x0, 0x0, 0x0, 0x0, 0x0, 0x0, 0x0,
    0x0,

    /* U+540C "同" */
    0x2f, 0xff, 0xff, 0xff, 0xff, 0xff, 0x22, 0xf2,
    0x22, 0x22, 0x22, 0x22, 0xf2, 0x2f, 0x2, 0x22,
    0x22, 0x22, 0xf, 0x22, 0xf0, 0xff, 0xff, 0xff,
    0xf1, 0xf2, 0x2f, 0x0, 0x0, 0x0, 0x0, 0xf,
    0x22, 0xf0, 0x1, 0x11, 0x11, 0x0, 0xf2, 0x2f,
    0x2, 0xff, 0xff, 0xf2, 0xf, 0x22, 0xf0, 0x2f,
    0x0, 0xf, 0x20, 0xf2, 0x2f, 0x2, 0xf0, 0x0,
    0xf2, 0xf, 0x22, 0xf0, 0x2f, 0xff, 0xff, 0x20,
    0xf2, 0x2f, 0x0, 0x11, 0x11, 0x10, 0xf, 0x22,
    0xf0, 0x0, 0x0, 0x1, 0x24, 0xf1, 0x2f, 0x0,
    0x0, 0x0, 0xaf, 0xfa, 0x0, 0x20, 0x0, 0x0,
    0x0, 0x0, 0x0,

    /* U+540D "名" */
    0x0, 0x0, 0x8, 0x70, 0x0, 0x0, 0x0, 0x0,
    0x6, 0xf5, 0x22, 0x22, 0x20, 0x0, 0x6, 0xff,
    0xff, 0xff, 0xff, 0x0, 0x8, 0xf6, 0x0, 0x0,
    0x2e, 0x90, 0x1b, 0xfd, 0xd3, 0x0, 0x3e, 0xa0,
    0x2, 0xc3, 0xa, 0xd0, 0x8f, 0x80, 0x0, 0x0,
    0x0, 0x6, 0xde, 0x40, 0x0, 0x0, 0x1, 0x7d,
    0xfa, 0x32, 0x22, 0x20, 0x6c, 0xff, 0xff, 0xff,
    0xff, 0xff, 0x18, 0x85, 0xf0, 0x0, 0x0, 0x1,
    0xf1, 0x0, 0x2f, 0x0, 0x0, 0x0, 0x1f, 0x10,
    0x2, 0xf0, 0x0, 0x0, 0x1, 0xf1, 0x0, 0x2f,
    0xff, 0xff, 0xff, 0xff, 0x10, 0x2, 0xf2, 0x22,
    0x22, 0x23, 0xf1,

    /* U+540E "后" */
    0x0, 0x23, 0x34, 0x57, 0x8a, 0xce, 0x50, 0x2,
    0xff, 0xfe, 0xdc, 0xb9, 0x86, 0x20, 0x2, 0xf0,
    0x0, 0x0, 0x0, 0x0, 0x0, 0x2, 0xf2, 0x22,
    0x22, 0x22, 0x22, 0x20, 0x2, 0xff, 0xff, 0xff,
    0xff, 0xff, 0xf4, 0x2, 0xf0, 0x0, 0x0, 0x0,
    0x0, 0x0, 0x3, 0xf0, 0x22, 0x22, 0x22, 0x22,
    0x0, 0x4, 0xe0, 0xff, 0xff, 0xff, 0xff, 0x10,
    0x7, 0xc0, 0xf4, 0x0, 0x0, 0x1f, 0x10, 0xa,
    0x90, 0xf4, 0x0, 0x0, 0x1f, 0x10, 0xf, 0x50,
    0xf6, 0x22, 0x22, 0x3f, 0x10, 0x7f, 0x0, 0xff,
    0xff, 0xff, 0xff, 0x10, 0x57, 0x0, 0xf4, 0x0,
    0x0, 0x1f, 0x10,

    /* U+5411 "向" */
    0x0, 0x0, 0x0, 0x0, 0x0, 0x0, 0x0, 0x0,
    0x0, 0xbb, 0x0, 0x0, 0x0, 0x0, 0x0, 0x2f,
    0x60, 0x0, 0x0, 0x2, 0xff, 0xff, 0xff, 0xff,
    0xff, 0xf2, 0x2f, 0x22, 0x22, 0x22, 0x22, 0x2f,
    0x22, 0xf0, 0x0, 0x0, 0x0, 0x0, 0xf2, 0x2f,
    0x2, 0xff, 0xff, 0xf2, 0xf, 0x22, 0xf0, 0x2f,
    0x22, 0x2f, 0x20, 0xf2, 0x2f, 0x2, 0xf0, 0x0,
    0xf2, 0xf, 0x22, 0xf0, 0x2f, 0x0, 0xf, 0x20,
    0xf2, 0x2f, 0x2, 0xf2, 0x22, 0xf2, 0xf, 0x22,
    0xf0, 0x2f, 0xff, 0xff, 0x20, 0xf2, 0x2f, 0x0,
    0x0, 0x0, 0x0, 0xf, 0x22, 0xf0, 0x0, 0x0,
    0x1, 0x24, 0xf2, 0x2f, 0x0, 0x0, 0x0, 0xaf,
    0xfb, 0x0,

    /* U+542C "听" */
    0x0, 0x0, 0x0, 0x0, 0x0, 0x0, 0x0, 0x22,
    0x22, 0x2, 0x46, 0x8b, 0xf6, 0x2f, 0xff, 0xf0,
    0xff, 0xdb, 0x85, 0x12, 0xf0, 0x2f, 0xf, 0x20,
    0x0, 0x0, 0x2f, 0x2, 0xf0, 0xf2, 0x0, 0x0,
    0x2, 0xf0, 0x2f, 0xf, 0x42, 0x22, 0x22, 0x2f,
    0x2, 0xf0, 0xff, 0xff, 0xff, 0xf2, 0xf0, 0x2f,
    0xf, 0x20, 0xf, 0x20, 0x2f, 0x2, 0xf0, 0xf1,
    0x0, 0xf2, 0x2, 0xf0, 0x2f, 0x1f, 0x0, 0xf,
    0x20, 0x2f, 0xff, 0xf3, 0xe0, 0x0, 0xf2, 0x2,
    0xf2, 0x22, 0x7a, 0x0, 0xf, 0x20, 0x17, 0x0,
    0xd, 0x50, 0x0, 0xf2, 0x0, 0x0, 0x0, 0xb0,
    0x0, 0xf, 0x20, 0x0, 0x0, 0x0, 0x0, 0x0,
    0x0, 0x0,

    /* U+542F "启" */
    0x0, 0x0, 0x0, 0x88, 0x0, 0x0, 0x0, 0x2,
    0x22, 0x29, 0xe2, 0x22, 0x21, 0x2, 0xff, 0xff,
    0xff, 0xff, 0xff, 0x70, 0x2f, 0x0, 0x0, 0x0,
    0x0, 0xb7, 0x2, 0xf0, 0x0, 0x0, 0x0, 0xb,
    0x70, 0x2f, 0xff, 0xff, 0xff, 0xff, 0xf7, 0x2,
    0xf2, 0x22, 0x22, 0x22, 0x22, 0x10, 0x3f, 0x0,
    0x0, 0x0, 0x0, 0x0, 0x5, 0xd7, 0xff, 0xff,
    0xff, 0xff, 0x20, 0x9a, 0x7d, 0x22, 0x22, 0x22,
    0xf2, 0xd, 0x67, 0xd0, 0x0, 0x0, 0xf, 0x23,
    0xf1, 0x7d, 0x0, 0x0, 0x0, 0xf2, 0xab, 0x7,
    0xff, 0xff, 0xff, 0xff, 0x22, 0x30, 0x7d, 0x22,
    0x22, 0x22, 0xf2,

    /* U+5468 "周" */
    0x0, 0xff, 0xff, 0xff, 0xff, 0xff, 0xf0, 0xf,
    0x42, 0x25, 0x92, 0x22, 0x4f, 0x0, 0xf2, 0x0,
    0x6d, 0x0, 0x2, 0xf0, 0xf, 0x2f, 0xff, 0xff,
    0xf7, 0x2f, 0x0, 0xf2, 0x0, 0x5d, 0x0, 0x2,
    0xf0, 0xf, 0x8e, 0xee, 0xfe, 0xee, 0x4f, 0x0,
    0xf2, 0x0, 0x0, 0x0, 0x2, 0xf0, 0xf, 0x19,
    0xff, 0xff, 0xf0, 0x2f, 0x1, 0xf0, 0x99, 0x11,
    0x2f, 0x2, 0xf0, 0x4e, 0x9, 0x90, 0x1, 0xf0,
    0x2f, 0x8, 0xb0, 0x9f, 0xff, 0xff, 0x2, 0xf0,
    0xe7, 0x0, 0x11, 0x11, 0x32, 0x7f, 0x3e, 0x10,
    0x0, 0x0, 0xf, 0xff, 0x80, 0x0, 0x0, 0x0,
    0x0, 0x0, 0x0,

    /* U+547D "命" */
    0x0, 0x0, 0x0, 0xcf, 0x90, 0x0, 0x0, 0x0,
    0x0, 0x1, 0xce, 0x7f, 0xa0, 0x0, 0x0, 0x0,
    0x5, 0xed, 0x20, 0x3e, 0xd3, 0x0, 0x0, 0x2a,
    0xf9, 0x0, 0x0, 0x1b, 0xf9, 0x10, 0xf, 0xd5,
    0xff, 0xff, 0xff, 0xf4, 0xde, 0x0, 0x40, 0x2,
    0x22, 0x22, 0x22, 0x0, 0x40, 0x0, 0x11, 0x11,
    0x0, 0x22, 0x22, 0x20, 0x0, 0xf, 0xff, 0xf2,
    0x2f, 0xff, 0xff, 0x0, 0x0, 0xf3, 0xf, 0x22,
    0xf0, 0x2, 0xf0, 0x0, 0xf, 0x20, 0xf2, 0x2f,
    0x0, 0x2f, 0x0, 0x0, 0xf5, 0x3f, 0x22, 0xf0,
    0x4, 0xf0, 0x0, 0xf, 0xff, 0xf2, 0x2f, 0x4f,
    0xfb, 0x0, 0x0, 0x0, 0x0, 0x2, 0xf0, 0x22,
    0x0, 0x0, 0x0, 0x0, 0x0, 0x2f, 0x0, 0x0,
    0x0,

    /* U+5668 "器" */
    0x6, 0xff, 0xff, 0xa0, 0xff, 0xff, 0xf0, 0x0,
    0x6b, 0x0, 0x7a, 0xf, 0x10, 0x2f, 0x0, 0x6,
    0xb0, 0x7, 0xa0, 0xf1, 0x1, 0xf0, 0x0, 0x6f,
    0xff, 0xfa, 0xf, 0xff, 0xff, 0x0, 0x0, 0x0,
    0x0, 0x6a, 0x1, 0xb2, 0x0, 0x0, 0xff, 0xff,
    0xff, 0xff, 0xff, 0xff, 0xa0, 0x1, 0x13, 0x9f,
    0x83, 0xcd, 0x62, 0x11, 0x2, 0xbd, 0xd8, 0x20,
    0x0, 0x4a, 0xec, 0x90, 0x8, 0xff, 0xff, 0xa1,
    0xff, 0xff, 0xf4, 0x0, 0x4d, 0x0, 0x7a, 0x1f,
    0x10, 0x3e, 0x0, 0x4, 0xd0, 0x7, 0xa1, 0xf0,
    0x3, 0xe0, 0x0, 0x4f, 0xff, 0xfa, 0x1f, 0xff,
    0xfe, 0x0, 0x4, 0xd0, 0x7, 0xa1, 0xf0, 0x3,
    0xe0, 0x0,

    /* U+56DB "四" */
    0x2, 0x22, 0x22, 0x22, 0x22, 0x22, 0x2, 0xff,
    0xff, 0xff, 0xff, 0xff, 0xf2, 0x2f, 0x0, 0xf2,
    0x2, 0xf0, 0xf, 0x22, 0xf0, 0xf, 0x20, 0x2f,
    0x0, 0xf2, 0x2f, 0x0, 0xf2, 0x2, 0xf0, 0xf,
    0x22, 0xf0, 0x1f, 0x0, 0x2f, 0x0, 0xf2, 0x2f,
    0x7, 0xd0, 0x2, 0xf2, 0xf, 0x22, 0xf4, 0xf5,
    0x0, 0xd, 0xff, 0xf2, 0x2f, 0x88, 0x0, 0x0,
    0x2, 0x2f, 0x22, 0xf0, 0x0, 0x0, 0x0, 0x0,
    0xf2, 0x2f, 0x22, 0x22, 0x22, 0x22, 0x2f, 0x22,
    0xff, 0xff, 0xff, 0xff, 0xff, 0xf2, 0x2f, 0x0,
    0x0, 0x0, 0x0, 0xf, 0x20,

    /* U+56DE "回" */
    0x2f, 0xff, 0xff, 0xff, 0xff, 0xff, 0x22, 0xf2,
    0x22, 0x22, 0x22, 0x22, 0xf2, 0x2f, 0x0, 0x0,
    0x0, 0x0, 0xf, 0x22, 0xf0, 0x1f, 0xff, 0xff,
    0x20, 0xf2, 0x2f, 0x1, 0xf2, 0x22, 0xf2, 0xf,
    0x22, 0xf0, 0x1f, 0x0, 0xf, 0x20, 0xf2, 0x2f,
    0x1, 0xf0, 0x0, 0xf2, 0xf, 0x22, 0xf0, 0x1f,
    0x22, 0x2f, 0x20, 0xf2, 0x2f, 0x1, 0xff, 0xff,
    0xf2, 0xf, 0x22, 0xf0, 0x0, 0x0, 0x0, 0x0,
    0xf2, 0x2f, 0x22, 0x22, 0x22, 0x22, 0x2f, 0x22,
    0xff, 0xff, 0xff, 0xff, 0xff, 0xf2, 0x2f, 0x0,
    0x0, 0x0, 0x0, 0xf, 0x20,

    /* U+56F4 "围" */
    0x2f, 0xff, 0xff, 0xff, 0xff, 0xff, 0x22, 0xf2,
    0x22, 0x67, 0x22, 0x22, 0xf2, 0x2f, 0x0, 0x9,
    0xa0, 0x0, 0xf, 0x22, 0xf5, 0xff, 0xff, 0xff,
    0xf4, 0xf2, 0x2f, 0x0, 0x9, 0xa0, 0x0, 0xf,
    0x22, 0xf0, 0xef, 0xff, 0xff, 0xf0, 0xf2, 0x2f,
    0x0, 0x9, 0xa0, 0x0, 0xf, 0x22, 0xf6, 0xff,
    0xff, 0xff, 0xf3, 0xf2, 0x2f, 0x0, 0x9, 0xa0,
    0xe, 0x2f, 0x22, 0xf0, 0x0, 0x9a, 0x7c, 0xd0,
    0xf2, 0x2f, 0x0, 0x6, 0x60, 0x10, 0xf, 0x22,
    0xff, 0xff, 0xff, 0xff, 0xff, 0xf2, 0x2f, 0x22,
    0x22, 0x22, 0x22, 0x2f, 0x20,

    /* U+56FA "固" */
    0x2f, 0xff, 0xff, 0xff, 0xff, 0xff, 0xf2, 0xf2,
    0x22, 0x24, 0x32, 0x22, 0x4f, 0x2f, 0x0, 0x0,
    0xb8, 0x0, 0x2, 0xf2, 0xf2, 0xff, 0xff, 0xff,
    0xff, 0x2f, 0x2f, 0x2, 0x22, 0xc9, 0x22, 0x22,
    0xf2, 0xf0, 0x1, 0x1b, 0x91, 0x10, 0x2f, 0x2f,
    0x2, 0xff, 0xff, 0xff, 0x2, 0xf2, 0xf0, 0x2f,
    0x0, 0x2, 0xf0, 0x2f, 0x2f, 0x2, 0xf0, 0x0,
    0x2f, 0x2, 0xf2, 0xf0, 0x2f, 0xff, 0xff, 0xf0,
    0x2f, 0x2f, 0x0, 0x0, 0x0, 0x0, 0x2, 0xf2,
    0xff, 0xff, 0xff, 0xff, 0xff, 0xff, 0x2f, 0x22,
    0x22, 0x22, 0x22, 0x24, 0xf0,

    /* U+56FD "国" */
    0x2f, 0xff, 0xff, 0xff, 0xff, 0xff, 0x22, 0xf2,
    0x22, 0x22, 0x22, 0x22, 0xf2, 0x2f, 0x3f, 0xff,
    0xff, 0xff, 0x1f, 0x22, 0xf0, 0x11, 0x5f, 0x11,
    0x10, 0xf2, 0x2f, 0x0, 0x4, 0xf0, 0x0, 0xf,
    0x22, 0xf0, 0xff, 0xff, 0xff, 0xf0, 0xf2, 0x2f,
    0x1, 0x15, 0xf2, 0x91, 0xf, 0x22, 0xf0, 0x0,
    0x4f, 0xd, 0x50, 0xf2, 0x2f, 0x1, 0x15, 0xf1,
    0x46, 0xf, 0x22, 0xf7, 0xff, 0xff, 0xff, 0xf6,
    0xf2, 0x2f, 0x0, 0x0, 0x0, 0x0, 0xf, 0x22,
    0xff, 0xff, 0xff, 0xff, 0xff, 0xf2, 0x2f, 0x22,
    0x22, 0x22, 0x22, 0x2f, 0x20,

    /* U+56FE "图" */
    0x2f, 0xff, 0xff, 0xff, 0xff, 0xff, 0xf2, 0xf2,
    0x25, 0x92, 0x22, 0x22, 0x4f, 0x2f, 0x2, 0xef,
    0xee, 0xee, 0x12, 0xf2, 0xf3, 0xed, 0x70, 0x1d,
    0x80, 0x2f, 0x2f, 0x23, 0xb, 0xce, 0x60, 0x2,
    0xf2, 0xf0, 0x5a, 0xfb, 0xed, 0x85, 0x3f, 0x2f,
    0x8d, 0xa7, 0x20, 0x49, 0xd4, 0xf2, 0xf0, 0x3,
    0x9d, 0xeb, 0x0, 0x2f, 0x2f, 0x5, 0x74, 0x10,
    0x30, 0x2, 0xf2, 0xf0, 0x38, 0xbe, 0xda, 0x40,
    0x2f, 0x2f, 0x0, 0x0, 0x2, 0x54, 0x2, 0xf2,
    0xff, 0xff, 0xff, 0xff, 0xff, 0xff, 0x2f, 0x11,
    0x11, 0x11, 0x11, 0x13, 0xf0,

    /* U+5708 "圈" */
    0x2f, 0xff, 0xff, 0xff, 0xff, 0xff, 0xf2, 0xf1,
    0x65, 0x1b, 0x42, 0x91, 0x3f, 0x2f, 0x2, 0xe1,
    0xf1, 0xb8, 0x2, 0xf2, 0xf3, 0xcd, 0xcf, 0xce,
    0xc9, 0x2f, 0x2f, 0x2, 0x2a, 0x92, 0x22, 0x12,
    0xf2, 0xf7, 0xef, 0xfe, 0xff, 0xee, 0x4f, 0x2f,
    0x5, 0xf8, 0x45, 0xea, 0x12, 0xf2, 0xfa, 0xcf,
    0x87, 0x9c, 0x7e, 0x8f, 0x2f, 0x10, 0xf0, 0xcd,
    0x8a, 0x2, 0xf2, 0xf0, 0xf, 0x75, 0x57, 0xf0,
    0x2f, 0x2f, 0x0, 0x35, 0x66, 0x52, 0x2, 0xf2,
    0xff, 0xff, 0xff, 0xff, 0xff, 0xff, 0x2f, 0x11,
    0x11, 0x11, 0x11, 0x13, 0xf0,

    /* U+5728 "在" */
    0x0, 0x0, 0x2, 0xd2, 0x0, 0x0, 0x0, 0x0,
    0x0, 0x0, 0x7e, 0x0, 0x0, 0x0, 0x0, 0xf,
    0xff, 0xff, 0xff, 0xff, 0xff, 0xff, 0x0, 0x22,
    0x29, 0xf2, 0x22, 0x22, 0x22, 0x20, 0x0, 0x1,
    0xf8, 0x0, 0x1a, 0x10, 0x0, 0x0, 0x0, 0xbe,
    0x0, 0x2, 0xf2, 0x0, 0x0, 0x0, 0x6f, 0x60,
    0x11, 0x3f, 0x41, 0x11, 0x0, 0x4f, 0xf4, 0x7f,
    0xff, 0xff, 0xff, 0x90, 0xf, 0xaf, 0x40, 0x0,
    0x2f, 0x30, 0x0, 0x0, 0x60, 0xf4, 0x0, 0x2,
    0xf2, 0x0, 0x0, 0x0, 0xf, 0x40, 0x0, 0x2f,
    0x20, 0x0, 0x0, 0x0, 0xf4, 0x11, 0x12, 0xf3,
    0x11, 0x10, 0x0, 0xf, 0x5f, 0xff, 0xff, 0xff,
    0xff, 0x20, 0x0, 0xf4, 0x11, 0x11, 0x11, 0x11,
    0x10,

    /* U+5730 "地" */
    0x0, 0x0, 0x0, 0x0, 0xf2, 0x0, 0x0, 0x2,
    0xf0, 0x2, 0x0, 0xf2, 0x0, 0x0, 0x2, 0xf0,
    0xf, 0x20, 0xf2, 0x0, 0x0, 0x2, 0xf0, 0xf,
    0x20, 0xf7, 0xae, 0x30, 0xaf, 0xff, 0x4f, 0x8c,
    0xfd, 0x8f, 0x30, 0x14, 0xf3, 0xcf, 0xe8, 0xf2,
    0xf, 0x20, 0x2, 0xf0, 0xbf, 0x20, 0xf2, 0xf,
    0x20, 0x2, 0xf0, 0xf, 0x20, 0xf2, 0xf, 0x10,
    0x2, 0xf0, 0xf, 0x20, 0xf3, 0x5f, 0x10, 0x2,
    0xf0, 0xf, 0x20, 0xf8, 0xfb, 0x0, 0x5, 0xfb,
    0x7f, 0x20, 0xc1, 0x2, 0xf0, 0xcf, 0xe6, 0xf,
    0x20, 0x0, 0x3, 0xf0, 0x86, 0x0, 0xf, 0x72,
    0x22, 0x28, 0xe0, 0x0, 0x0, 0x8, 0xff, 0xff,
    0xff, 0x70,

    /* U+573A "场" */
    0x0, 0x2f, 0x0, 0x0, 0x0, 0x0, 0x0, 0x0,
    0x2f, 0x0, 0xff, 0xff, 0xff, 0xb0, 0x0, 0x2f,
    0x0, 0x22, 0x26, 0xed, 0x40, 0x5, 0x8f, 0x63,
    0x2, 0xaf, 0x70, 0x0, 0x8, 0xcf, 0xb7, 0x8f,
    0xa1, 0x0, 0x0, 0x0, 0x2f, 0x8, 0xff, 0xff,
    0xff, 0xf9, 0x0, 0x2f, 0x1, 0x2b, 0x83, 0xf2,
    0xb8, 0x0, 0x2f, 0x0, 0xe, 0x34, 0xd0, 0xb7,
    0x0, 0x2f, 0x0, 0x5e, 0x8, 0xa0, 0xc7, 0x0,
    0x2f, 0xb6, 0xd7, 0xd, 0x60, 0xd6, 0x8, 0xef,
    0xbb, 0xe0, 0x4f, 0x0, 0xd5, 0xc, 0x82, 0x5f,
    0x40, 0xd9, 0x0, 0xf4, 0x0, 0x0, 0x66, 0x9,
    0xe2, 0x26, 0xf2, 0x0, 0x0, 0x0, 0x6f, 0x36,
    0xff, 0xa0, 0x0, 0x0, 0x0, 0x2, 0x0, 0x0,
    0x0,

    /* U+5747 "均" */
    0x0, 0x0, 0x0, 0x1, 0x10, 0x0, 0x0, 0x0,
    0x2f, 0x0, 0x8, 0xd0, 0x0, 0x0, 0x0, 0x2f,
    0x0, 0xe, 0x70, 0x0, 0x0, 0x0, 0x2f, 0x0,
    0x5f, 0xff, 0xff, 0xf3, 0x0, 0x2f, 0x0, 0xdb,
    0x66, 0x66, 0xf3, 0xc, 0xff, 0xfc, 0xf2, 0x0,
    0x0, 0xe3, 0x4, 0x6f, 0x52, 0x3c, 0x80, 0x0,
    0xf2, 0x0, 0x2f, 0x0, 0x3, 0xf8, 0x0, 0xf2,
    0x0, 0x2f, 0x0, 0x0, 0x36, 0x12, 0xf1, 0x0,
    0x2f, 0x0, 0x0, 0x8, 0xf7, 0xf1, 0x0, 0x2f,
    0x0, 0x7, 0xef, 0x70, 0xf1, 0x0, 0x2f, 0xc9,
    0xdf, 0x81, 0x0, 0xf0, 0xa, 0xff, 0xb4, 0x62,
    0x0, 0x1, 0xf0, 0xc, 0x71, 0x0, 0x0, 0x12,
    0x28, 0xe0, 0x0, 0x0, 0x0, 0x0, 0x4f, 0xfe,
    0x70,

    /* U+574F "坏" */
    0x0, 0x1f, 0x0, 0x0, 0x0, 0x0, 0x0, 0x0,
    0x1, 0xf0, 0x2, 0x22, 0x22, 0x22, 0x20, 0x0,
    0x1f, 0x2, 0xff, 0xff, 0xff, 0xff, 0x0, 0x1,
    0xf0, 0x0, 0x0, 0xd8, 0x0, 0x0, 0xf, 0xff,
    0xfc, 0x0, 0x4f, 0x30, 0x0, 0x0, 0x23, 0xf3,
    0x10, 0xd, 0xf4, 0x30, 0x0, 0x0, 0x1f, 0x0,
    0x6, 0xff, 0xbe, 0x20, 0x0, 0x1, 0xf0, 0x3,
    0xf5, 0xf3, 0xbc, 0x0, 0x0, 0x1f, 0x2, 0xe8,
    0x1f, 0x31, 0xe9, 0x0, 0x1, 0xf0, 0x7a, 0x1,
    0xf3, 0x4, 0xf2, 0x0, 0x3f, 0x9a, 0x0, 0x1f,
    0x30, 0x2, 0x2, 0xef, 0xfd, 0x80, 0x1, 0xf3,
    0x0, 0x0, 0x7, 0x40, 0x0, 0x0, 0x1f, 0x30,
    0x0, 0x0, 0x0, 0x0, 0x0, 0x1, 0xf3, 0x0,
    0x0,

    /* U+5750 "坐" */
    0x0, 0x0, 0x0, 0x2f, 0x20, 0x0, 0x0, 0x0,
    0x0, 0x88, 0x2, 0xf2, 0x4, 0xc0, 0x0, 0x0,
    0xc, 0x80, 0x2f, 0x20, 0x8c, 0x0, 0x0, 0x1,
    0xf5, 0x2, 0xf2, 0xe, 0x90, 0x0, 0x0, 0x7f,
    0xe1, 0x2f, 0x24, 0xff, 0x40, 0x0, 0xe, 0x7c,
    0xb2, 0xf2, 0xca, 0x8e, 0x10, 0x9, 0xe0, 0x2f,
    0x7f, 0x8f, 0x20, 0xcc, 0x0, 0xc5, 0x0, 0x53,
    0xf3, 0x50, 0x2, 0x60, 0x0, 0x22, 0x22, 0x4f,
    0x42, 0x22, 0x20, 0x0, 0xe, 0xff, 0xff, 0xff,
    0xff, 0xfd, 0x0, 0x0, 0x0, 0x0, 0x2f, 0x20,
    0x0, 0x0, 0x0, 0x0, 0x0, 0x2, 0xf2, 0x0,
    0x0, 0x0, 0xf, 0xff, 0xff, 0xff, 0xff, 0xff,
    0xff, 0x0, 0x22, 0x22, 0x22, 0x22, 0x22, 0x22,
    0x20,

    /* U+5761 "坡" */
    0x2, 0xd0, 0x0, 0x0, 0x2f, 0x0, 0x0, 0x2,
    0xf0, 0x0, 0x0, 0x2f, 0x0, 0x0, 0x2, 0xf0,
    0xf, 0xff, 0xff, 0xff, 0xf1, 0x13, 0xf1, 0xf,
    0x42, 0x4f, 0x25, 0xf0, 0xbf, 0xff, 0x8f, 0x20,
    0x2f, 0x6, 0xa0, 0x25, 0xf4, 0x2f, 0x20, 0x2f,
    0x0, 0x0, 0x2, 0xf0, 0xf, 0xff, 0xff, 0xff,
    0x50, 0x2, 0xf0, 0xf, 0x8f, 0x52, 0x3f, 0x20,
    0x2, 0xf0, 0x1f, 0x1c, 0x90, 0x6c, 0x0, 0x2,
    0xfa, 0xaf, 0x3, 0xf5, 0xe4, 0x0, 0x8e, 0xfb,
    0xbb, 0x0, 0x6f, 0xa0, 0x0, 0x86, 0x10, 0xd7,
    0x3, 0xde, 0xf5, 0x0, 0x0, 0x5, 0xf4, 0xbf,
    0x80, 0x6f, 0xc1, 0x0, 0x6, 0x84, 0xb2, 0x0,
    0x2, 0xa0,

    /* U+5806 "堆" */
    0x0, 0x0, 0x0, 0x0, 0x10, 0x0, 0x0, 0x0,
    0x2, 0xf0, 0x0, 0x6b, 0x2e, 0x0, 0x0, 0x0,
    0x2f, 0x0, 0xc, 0x80, 0xf4, 0x0, 0x0, 0x2,
    0xf0, 0x2, 0xf7, 0x2c, 0x92, 0x21, 0x0, 0x2f,
    0x0, 0xaf, 0xff, 0xff, 0xff, 0x80, 0xaf, 0xff,
    0x7f, 0xf0, 0xf, 0x20, 0x0, 0x3, 0x6f, 0x5e,
    0xff, 0x22, 0xf4, 0x22, 0x0, 0x2, 0xf3, 0xf9,
    0xff, 0xff, 0xff, 0xf4, 0x0, 0x2f, 0x5, 0x2f,
    0x0, 0xf2, 0x0, 0x0, 0x2, 0xf0, 0x2, 0xf2,
    0x2f, 0x42, 0x20, 0x0, 0x2f, 0x14, 0x2f, 0xff,
    0xff, 0xff, 0x40, 0x17, 0xff, 0xa2, 0xf0, 0xf,
    0x20, 0x0, 0xf, 0xd8, 0x30, 0x2f, 0x11, 0xf3,
    0x11, 0x0, 0x20, 0x0, 0x2, 0xff, 0xff, 0xff,
    0xfa, 0x0, 0x0, 0x0, 0x2f, 0x11, 0x11, 0x11,
    0x0,

    /* U+5907 "备" */
    0x0, 0x0, 0x62, 0x0, 0x0, 0x0, 0x0, 0x0,
    0x6f, 0x42, 0x22, 0x22, 0x0, 0x0, 0x4f, 0xff,
    0xff, 0xff, 0xf5, 0x0, 0x4f, 0xf9, 0x0, 0x3,
    0xdc, 0x10, 0x4f, 0x92, 0xdb, 0x39, 0xf9, 0x0,
    0x0, 0x40, 0x5, 0xff, 0xf8, 0x0, 0x0, 0x38,
    0xbf, 0xe9, 0x5a, 0xff, 0xc9, 0x57, 0xc9, 0x51,
    0x11, 0x11, 0x59, 0xb9, 0x2, 0xff, 0xff, 0xff,
    0xff, 0xf4, 0x0, 0x2f, 0x0, 0xf, 0x20, 0xd,
    0x40, 0x2, 0xff, 0xff, 0xff, 0xff, 0xf4, 0x0,
    0x2f, 0x0, 0xf, 0x20, 0xd, 0x40, 0x2, 0xff,
    0xff, 0xff, 0xff, 0xf4, 0x0, 0x2f, 0x0, 0x0,
    0x0, 0xd, 0x40,

    /* U+590D "复" */
    0x0, 0x0, 0x20, 0x0, 0x0, 0x0, 0x0, 0x0,
    0x0, 0x7e, 0x10, 0x0, 0x0, 0x0, 0x0, 0x0,
    0x2f, 0xff, 0xff, 0xff, 0xff, 0xff, 0x10, 0x1d,
    0xa1, 0x11, 0x11, 0x11, 0x11, 0x10, 0xb, 0xfe,
    0xee, 0xee, 0xee, 0xee, 0xe0, 0x0, 0xc5, 0xf2,
    0x22, 0x22, 0x22, 0x4f, 0x0, 0x0, 0x2f, 0xdd,
    0xdd, 0xdd, 0xdd, 0xf0, 0x0, 0x2, 0xf0, 0x0,
    0x0, 0x0, 0x2f, 0x0, 0x0, 0x2f, 0xff, 0xff,
    0xff, 0xff, 0xf0, 0x0, 0x0, 0x1d, 0xb0, 0x0,
    0x0, 0x0, 0x0, 0x0, 0x1c, 0xff, 0xff, 0xff,
    0xff, 0xf0, 0x0, 0x5e, 0xaa, 0xd5, 0x0, 0x19,
    0xe6, 0x0, 0x9, 0x50, 0x3, 0xde, 0xbf, 0x91,
    0x0, 0x0, 0x14, 0x7a, 0xdf, 0xca, 0xef, 0xc9,
    0x72, 0x8, 0xda, 0x74, 0x0, 0x0, 0x26, 0x9b,
    0x30,

    /* U+5916 "外" */
    0x0, 0x0, 0x0, 0x0, 0x0, 0x0, 0x0, 0x0,
    0x8, 0xb0, 0x0, 0xf, 0x20, 0x0, 0x0, 0xc,
    0xa0, 0x0, 0xf, 0x20, 0x0, 0x0, 0x1f, 0x82,
    0x22, 0xf, 0x20, 0x0, 0x0, 0x7f, 0xff, 0xfd,
    0xf, 0x20, 0x0, 0x0, 0xe9, 0x0, 0x9b, 0xf,
    0x50, 0x0, 0x5, 0xf3, 0x0, 0xd7, 0xf, 0xf7,
    0x0, 0xd, 0xfd, 0x32, 0xf3, 0xf, 0x7f, 0xa0,
    0x3f, 0x3b, 0xe8, 0xd0, 0xf, 0x23, 0xea, 0x1,
    0x0, 0x3f, 0x60, 0xf, 0x20, 0x24, 0x0, 0x0,
    0xae, 0x0, 0xf, 0x20, 0x0, 0x0, 0x7, 0xf4,
    0x0, 0xf, 0x20, 0x0, 0x0, 0x6f, 0x70, 0x0,
    0xf, 0x20, 0x0, 0x8, 0xf8, 0x0, 0x0, 0xf,
    0x20, 0x0, 0xa, 0x70, 0x0, 0x0, 0xf, 0x20,
    0x0, 0x0, 0x0, 0x0, 0x0, 0x0, 0x0, 0x0,

    /* U+591C "夜" */
    0x0, 0x0, 0x0, 0x5b, 0x0, 0x0, 0x0, 0x0,
    0x1, 0x11, 0x13, 0xf7, 0x11, 0x11, 0x10, 0xe,
    0xff, 0xff, 0xff, 0xff, 0xff, 0xff, 0x0, 0x11,
    0x38, 0x11, 0xa4, 0x11, 0x11, 0x10, 0x0, 0x9,
    0xc0, 0x5f, 0x42, 0x22, 0x20, 0x0, 0x2, 0xf4,
    0xc, 0xff, 0xff, 0xff, 0x0, 0x0, 0xbf, 0x5,
    0xf2, 0x51, 0x6, 0xd0, 0x0, 0x7f, 0xf1, 0xef,
    0x28, 0xd1, 0xc7, 0x0, 0x1f, 0xaf, 0xac, 0x9c,
    0x8, 0x6f, 0x10, 0x0, 0x54, 0xf2, 0x20, 0xe9,
    0x2e, 0x60, 0x0, 0x0, 0x4f, 0x0, 0x2, 0xff,
    0xa0, 0x0, 0x0, 0x4, 0xf0, 0x1, 0x9f, 0xee,
    0x60, 0x0, 0x0, 0x4f, 0x29, 0xfd, 0x40, 0x8f,
    0xe9, 0x0, 0x4, 0xf4, 0xd5, 0x0, 0x0, 0x17,
    0x90, 0x0, 0x0, 0x0, 0x0, 0x0, 0x0, 0x0,
    0x0,

    /* U+5927 "大" */
    0x0, 0x0, 0x0, 0xf5, 0x0, 0x0, 0x0, 0x0,
    0x0, 0x0, 0xf5, 0x0, 0x0, 0x0, 0x0, 0x0,
    0x0, 0xf5, 0x0, 0x0, 0x0, 0x0, 0x0, 0x0,
    0xf5, 0x0, 0x0, 0x0, 0xaf, 0xff, 0xff, 0xff,
    0xff, 0xff, 0xf0, 0x12, 0x22, 0x24, 0xf7, 0x22,
    0x22, 0x20, 0x0, 0x0, 0x5, 0xfa, 0x0, 0x0,
    0x0, 0x0, 0x0, 0xa, 0xff, 0x10, 0x0, 0x0,
    0x0, 0x0, 0x3f, 0x5d, 0xa0, 0x0, 0x0, 0x0,
    0x1, 0xdc, 0x4, 0xf5, 0x0, 0x0, 0x0, 0x1d,
    0xe1, 0x0, 0x8f, 0x40, 0x0, 0x4, 0xee, 0x20,
    0x0, 0x9, 0xf8, 0x0, 0x9f, 0xc1, 0x0, 0x0,
    0x0, 0x8f, 0xd1, 0x68, 0x0, 0x0, 0x0, 0x0,
    0x3, 0x90,

    /* U+5929 "天" */
    0x2, 0xff, 0xff, 0xff, 0xff, 0xff, 0xf0, 0x0,
    0x2, 0x22, 0x26, 0xf3, 0x22, 0x22, 0x0, 0x0,
    0x0, 0x0, 0x4f, 0x10, 0x0, 0x0, 0x0, 0x0,
    0x0, 0x4, 0xf1, 0x0, 0x0, 0x0, 0x2, 0x22,
    0x22, 0x6f, 0x32, 0x22, 0x22, 0x0, 0xff, 0xff,
    0xff, 0xff, 0xff, 0xff, 0xd0, 0x0, 0x0, 0x0,
    0x8f, 0x60, 0x0, 0x0, 0x0, 0x0, 0x0, 0xe,
    0xfd, 0x0, 0x0, 0x0, 0x0, 0x0, 0x8, 0xf3,
    0xf8, 0x0, 0x0, 0x0, 0x0, 0x6, 0xf6, 0x6,
    0xf6, 0x0, 0x0, 0x0, 0x9, 0xf8, 0x0, 0x8,
    0xfa, 0x10, 0x0, 0x6e, 0xf5, 0x0, 0x0, 0x5,
    0xff, 0x80, 0xc, 0xa2, 0x0, 0x0, 0x0, 0x1,
    0x9a, 0x0, 0x0, 0x0, 0x0, 0x0, 0x0, 0x0,
    0x0,

    /* U+592A "太" */
    0x0, 0x0, 0x0, 0x7e, 0x0, 0x0, 0x0, 0x0,
    0x0, 0x0, 0x7e, 0x0, 0x0, 0x0, 0x0, 0x0,
    0x0, 0x7e, 0x0, 0x0, 0x0, 0x5, 0x55, 0x55,
    0xaf, 0x55, 0x55, 0x53, 0xf, 0xff, 0xff, 0xff,
    0xff, 0xff, 0xf8, 0x0, 0x0, 0x0, 0xaf, 0x10,
    0x0, 0x0, 0x0, 0x0, 0x0, 0xef, 0x60, 0x0,
    0x0, 0x0, 0x0, 0x5, 0xf9, 0xd0, 0x0, 0x0,
    0x0, 0x0, 0xd, 0x90, 0xe7, 0x0, 0x0, 0x0,
    0x0, 0xae, 0x10, 0x6f, 0x30, 0x0, 0x0, 0x8,
    0xf6, 0x80, 0xa, 0xe2, 0x0, 0x0, 0x8f, 0x72,
    0xf8, 0x0, 0xce, 0x30, 0x1c, 0xf7, 0x0, 0x4f,
    0x50, 0x1c, 0xf7, 0x1d, 0x40, 0x0, 0x4, 0x0,
    0x0, 0x96, 0x0, 0x0, 0x0, 0x0, 0x0, 0x0,
    0x0,

    /* U+5931 "失" */
    0x0, 0x3, 0x10, 0x2f, 0x30, 0x0, 0x0, 0x0,
    0xd, 0x80, 0x2f, 0x20, 0x0, 0x0, 0x0, 0x3f,
    0x40, 0x2f, 0x30, 0x0, 0x0, 0x0, 0x8f, 0xff,
    0xff, 0xff, 0xff, 0xf0, 0x0, 0xe7, 0x22, 0x4f,
    0x42, 0x22, 0x10, 0x4, 0xe0, 0x0, 0x3f, 0x20,
    0x0, 0x0, 0x2, 0x32, 0x22, 0x4f, 0x42, 0x22,
    0x21, 0xf, 0xff, 0xff, 0xff, 0xff, 0xff, 0xfa,
    0x0, 0x0, 0x0, 0xbf, 0x80, 0x0, 0x0, 0x0,
    0x0, 0x4, 0xfa, 0xf2, 0x0, 0x0, 0x0, 0x0,
    0x4f, 0xa0, 0xbe, 0x20, 0x0, 0x0, 0x8, 0xfb,
    0x0, 0xc, 0xf7, 0x0, 0x7, 0xef, 0x70, 0x0,
    0x0, 0x8f, 0xe7, 0xa, 0xa2, 0x0, 0x0, 0x0,
    0x2, 0x96, 0x0, 0x0, 0x0, 0x0, 0x0, 0x0,
    0x0,

    /* U+5934 "头" */
    0x0, 0x5, 0x10, 0x0, 0xba, 0x0, 0x0, 0x0,
    0x0, 0xde, 0x40, 0xb, 0xa0, 0x0, 0x0, 0x0,
    0x1, 0xaf, 0x90, 0xb9, 0x0, 0x0, 0x0, 0x3,
    0x0, 0x5d, 0x1c, 0x90, 0x0, 0x0, 0x1, 0xfb,
    0x20, 0x0, 0xc9, 0x0, 0x0, 0x0, 0x3, 0xdf,
    0x60, 0xd, 0x80, 0x0, 0x0, 0x0, 0x0, 0x7e,
    0x0, 0xe7, 0x0, 0x0, 0x0, 0x22, 0x22, 0x32,
    0x2f, 0x72, 0x22, 0x20, 0xf, 0xff, 0xff, 0xff,
    0xff, 0xff, 0xff, 0x0, 0x0, 0x0, 0x0, 0xbe,
    0x0, 0x0, 0x0, 0x0, 0x0, 0x0, 0x8f, 0xfb,
    0x20, 0x0, 0x0, 0x0, 0x5, 0xdf, 0x62, 0xbf,
    0x91, 0x0, 0x6, 0xaf, 0xfb, 0x30, 0x0, 0x4d,
    0xf7, 0x0, 0xcd, 0x82, 0x0, 0x0, 0x0, 0x8,
    0x90, 0x0, 0x0, 0x0, 0x0, 0x0, 0x0, 0x0,
    0x0,

    /* U+597D "好" */
    0x0, 0x3e, 0x0, 0x0, 0x0, 0x0, 0x0, 0x0,
    0x5, 0xe0, 0x0, 0xcf, 0xff, 0xff, 0xb0, 0x0,
    0x6c, 0x0, 0x1, 0x22, 0x26, 0xf6, 0x1, 0xff,
    0xff, 0xf6, 0x0, 0x2, 0xe8, 0x0, 0x2, 0xc8,
    0x2d, 0x50, 0x0, 0xda, 0x0, 0x0, 0xe, 0x50,
    0xf3, 0x0, 0x2f, 0x0, 0x0, 0x1, 0xf2, 0x2f,
    0x22, 0x24, 0xf2, 0x22, 0x0, 0x4e, 0x5, 0xe6,
    0xff, 0xff, 0xff, 0xf1, 0x7, 0xe1, 0xab, 0x0,
    0x2, 0xf0, 0x0, 0x0, 0x1c, 0xef, 0x60, 0x0,
    0x2f, 0x0, 0x0, 0x0, 0xd, 0xf5, 0x0, 0x2,
    0xf0, 0x0, 0x0, 0x4, 0xfc, 0xf6, 0x0, 0x2f,
    0x0, 0x0, 0x4, 0xf9, 0x8, 0xc1, 0x26, 0xf0,
    0x0, 0x0, 0xe8, 0x0, 0x0, 0x7f, 0xf8, 0x0,
    0x0, 0x0, 0x0, 0x0, 0x0, 0x0, 0x0, 0x0,
    0x0,

    /* U+59CB "始" */
    0x0, 0x0, 0x0, 0x0, 0x1, 0x0, 0x0, 0x0,
    0x7, 0xb0, 0x0, 0x2, 0xf3, 0x0, 0x0, 0x0,
    0x89, 0x0, 0x0, 0x9d, 0x1, 0x0, 0x0, 0x1a,
    0x91, 0x10, 0x1f, 0x51, 0xf2, 0x0, 0xf, 0xff,
    0xff, 0xa, 0xd0, 0xa, 0xa0, 0x0, 0x4f, 0x76,
    0xf5, 0xf5, 0x22, 0x6f, 0x30, 0x1, 0xf2, 0x5d,
    0x9f, 0xff, 0xfe, 0xeb, 0x0, 0x3f, 0x7, 0xb1,
    0x11, 0x0, 0x3, 0x80, 0x7, 0xc0, 0xa8, 0x2,
    0x22, 0x22, 0x20, 0x0, 0xab, 0xe, 0x42, 0xff,
    0xff, 0xff, 0x20, 0x4, 0xec, 0xf0, 0x2f, 0x10,
    0x0, 0xf2, 0x0, 0x2, 0xfd, 0x12, 0xf1, 0x0,
    0xf, 0x20, 0x0, 0x9d, 0xcd, 0x3f, 0x10, 0x0,
    0xf2, 0x0, 0x8f, 0x20, 0xb3, 0xff, 0xff, 0xff,
    0x20, 0xb, 0x30, 0x0, 0x2f, 0x32, 0x22, 0xf2,
    0x0, 0x0, 0x0, 0x0, 0x0, 0x0, 0x0, 0x0,

    /* U+5B50 "子" */
    0x0, 0xef, 0xff, 0xff, 0xff, 0xff, 0xf1, 0x0,
    0x2, 0x22, 0x22, 0x22, 0x2a, 0xfa, 0x0, 0x0,
    0x0, 0x0, 0x0, 0x1b, 0xf6, 0x0, 0x0, 0x0,
    0x0, 0x0, 0x3e, 0xe3, 0x0, 0x0, 0x0, 0x0,
    0x0, 0xf, 0xc1, 0x0, 0x0, 0x0, 0x22, 0x22,
    0x23, 0xf6, 0x22, 0x22, 0x20, 0xf, 0xff, 0xff,
    0xff, 0xff, 0xff, 0xff, 0x10, 0x0, 0x0, 0x1,
    0xf4, 0x0, 0x0, 0x0, 0x0, 0x0, 0x0, 0x1f,
    0x40, 0x0, 0x0, 0x0, 0x0, 0x0, 0x1, 0xf4,
    0x0, 0x0, 0x0, 0x0, 0x0, 0x0, 0x1f, 0x40,
    0x0, 0x0, 0x0, 0x0, 0x5, 0x58, 0xf4, 0x0,
    0x0, 0x0, 0x0, 0x0, 0xff, 0xfc, 0x0, 0x0,
    0x0, 0x0,

    /* U+5B57 "字" */
    0x0, 0x0, 0x0, 0x4c, 0x10, 0x0, 0x0, 0x0,
    0x0, 0x0, 0x1, 0xf7, 0x0, 0x0, 0x0, 0x9,
    0xff, 0xff, 0xff, 0xff, 0xff, 0xf9, 0x0, 0x9b,
    0x22, 0x22, 0x22, 0x22, 0x2c, 0x90, 0x9, 0xb1,
    0x11, 0x11, 0x11, 0x11, 0xb9, 0x0, 0x11, 0xaf,
    0xff, 0xff, 0xff, 0x91, 0x0, 0x0, 0x0, 0x0,
    0x0, 0x3e, 0xd2, 0x0, 0x0, 0x0, 0x0, 0x0,
    0x6f, 0xa0, 0x0, 0x0, 0x2, 0x22, 0x22, 0x2f,
    0xa2, 0x22, 0x22, 0x1, 0xff, 0xff, 0xff, 0xff,
    0xff, 0xff, 0xf0, 0x0, 0x0, 0x0, 0xf, 0x50,
    0x0, 0x0, 0x0, 0x0, 0x0, 0x0, 0xf5, 0x0,
    0x0, 0x0, 0x0, 0x0, 0x12, 0x4f, 0x50, 0x0,
    0x0, 0x0, 0x0, 0xa, 0xff, 0xd1, 0x0, 0x0,
    0x0,

    /* U+5B58 "存" */
    0x0, 0x0, 0x6, 0x90, 0x0, 0x0, 0x0, 0x0,
    0x22, 0x22, 0xdb, 0x22, 0x22, 0x22, 0x20, 0xf,
    0xff, 0xff, 0xff, 0xff, 0xff, 0xff, 0x0, 0x0,
    0xc, 0xc0, 0x0, 0x0, 0x0, 0x0, 0x0, 0x7,
    0xf4, 0x22, 0x22, 0x22, 0x20, 0x0, 0x2, 0xfa,
    0xf, 0xff, 0xff, 0xff, 0x50, 0x1, 0xdf, 0x30,
    0x0, 0x1, 0x8e, 0x70, 0x1, 0xde, 0xf3, 0x0,
    0x0, 0xea, 0x10, 0x0, 0x1c, 0x2f, 0x4f, 0xff,
    0xff, 0xff, 0xff, 0x10, 0x0, 0xf3, 0x22, 0x22,
    0xf7, 0x22, 0x20, 0x0, 0xf, 0x30, 0x0, 0xf,
    0x50, 0x0, 0x0, 0x0, 0xf3, 0x0, 0x0, 0xf5,
    0x0, 0x0, 0x0, 0xf, 0x30, 0x12, 0x4f, 0x40,
    0x0, 0x0, 0x0, 0xf3, 0x5, 0xdd, 0xa0, 0x0,
    0x0,

    /* U+5B83 "它" */
    0x0, 0x0, 0x2, 0xc3, 0x0, 0x0, 0x0, 0x0,
    0x0, 0xe, 0x90, 0x0, 0x0, 0x2f, 0xff, 0xff,
    0xff, 0xff, 0xff, 0xb2, 0xf2, 0x22, 0x22, 0x22,
    0x22, 0xab, 0x2f, 0x23, 0x0, 0x0, 0x0, 0x8,
    0xa0, 0x8, 0xc0, 0x0, 0x0, 0x7, 0x0, 0x0,
    0x8c, 0x0, 0x1, 0x8e, 0xf4, 0x0, 0x8, 0xc0,
    0x5b, 0xff, 0x92, 0x0, 0x0, 0x8f, 0xff, 0xb6,
    0x0, 0x0, 0x0, 0x8, 0xe6, 0x10, 0x0, 0x0,
    0x71, 0x0, 0x8c, 0x0, 0x0, 0x0, 0xf, 0x50,
    0x8, 0xc0, 0x0, 0x0, 0x0, 0xf4, 0x0, 0x7e,
    0x42, 0x22, 0x22, 0x7f, 0x20, 0x1, 0xcf, 0xff,
    0xff, 0xff, 0x90,

    /* U+5B8C "完" */
    0x0, 0x0, 0x0, 0x6a, 0x0, 0x0, 0x0, 0x0,
    0x11, 0x11, 0x6f, 0x31, 0x11, 0x10, 0xb, 0xff,
    0xff, 0xff, 0xff, 0xff, 0xf6, 0xb, 0x91, 0x11,
    0x11, 0x11, 0x11, 0xe6, 0x6, 0x51, 0x11, 0x11,
    0x11, 0x11, 0x73, 0x0, 0x2f, 0xff, 0xff, 0xff,
    0xfc, 0x0, 0x0, 0x1, 0x11, 0x11, 0x11, 0x10,
    0x0, 0x2, 0x22, 0x22, 0x22, 0x22, 0x22, 0x21,
    0xf, 0xff, 0xff, 0xff, 0xff, 0xff, 0xfa, 0x0,
    0x0, 0x7d, 0x0, 0xb8, 0x0, 0x0, 0x0, 0x0,
    0xab, 0x0, 0xb8, 0x0, 0x67, 0x0, 0x3, 0xf6,
    0x0, 0xb8, 0x0, 0x8a, 0x1, 0x7f, 0xb0, 0x0,
    0xab, 0x22, 0xc9, 0xd, 0xe7, 0x0, 0x0, 0x4e,
    0xff, 0xd2, 0x2, 0x0, 0x0, 0x0, 0x0, 0x0,
    0x0,

    /* U+5B9A "定" */
    0x0, 0x0, 0x0, 0x7a, 0x0, 0x0, 0x0, 0x2,
    0x22, 0x22, 0x7f, 0x32, 0x22, 0x20, 0x2f, 0xff,
    0xff, 0xff, 0xff, 0xff, 0xf0, 0x2f, 0x0, 0x0,
    0x0, 0x0, 0x2, 0xf0, 0x18, 0x0, 0x0, 0x0,
    0x0, 0x1, 0x70, 0xf, 0xff, 0xff, 0xff, 0xff,
    0xff, 0xe0, 0x2, 0x22, 0x22, 0x4f, 0x22, 0x22,
    0x20, 0x0, 0x45, 0x0, 0x2f, 0x0, 0x0, 0x0,
    0x0, 0xac, 0x0, 0x2f, 0x22, 0x22, 0x10, 0x0,
    0xc9, 0x0, 0x2f, 0xff, 0xff, 0x80, 0x1, 0xf9,
    0x0, 0x2f, 0x0, 0x0, 0x0, 0x7, 0xff, 0x50,
    0x2f, 0x0, 0x0, 0x0, 0x1e, 0x86, 0xfb, 0x7f,
    0x22, 0x22, 0x21, 0xad, 0x0, 0x3a, 0xef, 0xff,
    0xff, 0xf7, 0x22, 0x0, 0x0, 0x0, 0x0, 0x0,
    0x0,

    /* U+5BF9 "对" */
    0x0, 0x0, 0x0, 0x0, 0x0, 0xf, 0x20, 0x6,
    0x66, 0x66, 0x20, 0x0, 0xf, 0x20, 0xe, 0xee,
    0xef, 0x50, 0x0, 0xf, 0x20, 0x0, 0x0, 0xf,
    0x5f, 0xff, 0xff, 0xfc, 0xc, 0x60, 0x4f, 0x2,
    0x22, 0x2f, 0x41, 0x6, 0xf2, 0x8c, 0x7, 0x0,
    0xf, 0x20, 0x0, 0xcc, 0xd7, 0xe, 0x70, 0xf,
    0x20, 0x0, 0x2f, 0xf1, 0x5, 0xf1, 0xf, 0x20,
    0x0, 0xb, 0xf1, 0x0, 0xca, 0xf, 0x20, 0x0,
    0x3f, 0xea, 0x0, 0x37, 0xf, 0x20, 0x0, 0xcb,
    0x4f, 0x40, 0x0, 0xf, 0x20, 0x7, 0xf2, 0xa,
    0xd0, 0x0, 0xf, 0x20, 0x3f, 0x60, 0x1, 0x50,
    0x22, 0x5f, 0x10, 0x18, 0x0, 0x0, 0x0, 0xbf,
    0xf9, 0x0,

    /* U+5BFC "导" */
    0x0, 0xef, 0xff, 0xff, 0xff, 0xff, 0x40, 0x0,
    0xe, 0x72, 0x22, 0x22, 0x23, 0xf4, 0x0, 0x0,
    0xe7, 0x22, 0x22, 0x22, 0x2f, 0x40, 0x0, 0xe,
    0xff, 0xff, 0xff, 0xff, 0xf4, 0x0, 0x0, 0xe6,
    0x0, 0x0, 0x0, 0x0, 0xa6, 0x0, 0xd, 0xa2,
    0x22, 0x22, 0x22, 0x3e, 0x80, 0x0, 0x6f, 0xff,
    0xff, 0xff, 0xff, 0xd2, 0x0, 0x0, 0x0, 0x0,
    0x0, 0xc, 0x80, 0x0, 0x1f, 0xff, 0xff, 0xff,
    0xff, 0xff, 0xff, 0x0, 0x11, 0x76, 0x11, 0x11,
    0x1c, 0x91, 0x10, 0x0, 0x6, 0xf8, 0x0, 0x0,
    0xc8, 0x0, 0x0, 0x0, 0x3, 0xe2, 0x12, 0x3e,
    0x70, 0x0, 0x0, 0x0, 0x0, 0x5, 0xff, 0xd2,
    0x0, 0x0,

    /* U+5C0F "小" */
    0x0, 0x0, 0x0, 0x1f, 0x50, 0x0, 0x0, 0x0,
    0x0, 0x0, 0x1, 0xf5, 0x0, 0x0, 0x0, 0x0,
    0x0, 0x0, 0x1f, 0x50, 0x0, 0x0, 0x0, 0x0,
    0xb9, 0x1, 0xf5, 0xf, 0x50, 0x0, 0x0, 0xf,
    0x70, 0x1f, 0x50, 0xbc, 0x0, 0x0, 0x3, 0xf3,
    0x1, 0xf5, 0x5, 0xf3, 0x0, 0x0, 0x8e, 0x0,
    0x1f, 0x50, 0xe, 0x90, 0x0, 0xd, 0x90, 0x1,
    0xf5, 0x0, 0x9e, 0x0, 0x3, 0xf4, 0x0, 0x1f,
    0x50, 0x3, 0xf5, 0x0, 0x9e, 0x0, 0x1, 0xf5,
    0x0, 0xd, 0xb0, 0x1f, 0x70, 0x0, 0x1f, 0x50,
    0x0, 0x8f, 0x10, 0x71, 0x0, 0x1, 0xf5, 0x0,
    0x2, 0x70, 0x0, 0x0, 0x55, 0x9f, 0x40, 0x0,
    0x0, 0x0, 0x0, 0xe, 0xff, 0xb0, 0x0, 0x0,
    0x0,

    /* U+5C1D "尝" */
    0x0, 0x71, 0x0, 0xf5, 0x0, 0x81, 0x0, 0xa,
    0xd0, 0xf, 0x50, 0x8e, 0x10, 0x0, 0xb, 0x30,
    0xf5, 0xc, 0x30, 0x7, 0xff, 0xff, 0xff, 0xff,
    0xff, 0xfc, 0x7d, 0x22, 0x22, 0x22, 0x22, 0x29,
    0xc6, 0xd1, 0x22, 0x22, 0x22, 0x22, 0x8c, 0x0,
    0x9f, 0xff, 0xff, 0xff, 0xf0, 0x0, 0x0, 0x0,
    0x0, 0x0, 0x0, 0x0, 0x12, 0x22, 0x22, 0x22,
    0x22, 0x22, 0x2a, 0xff, 0xff, 0xff, 0xff, 0xff,
    0xff, 0x0, 0x3, 0xe9, 0x0, 0x78, 0x0, 0x0,
    0x8, 0xf6, 0x0, 0x3, 0xea, 0x0, 0x6, 0xff,
    0xef, 0xff, 0xff, 0xfb, 0x0, 0x15, 0x43, 0x32,
    0x10, 0x1, 0xa1,

    /* U+5C31 "就" */
    0x0, 0x0, 0x0, 0x0, 0x0, 0x0, 0x0, 0x0,
    0x0, 0x5e, 0x0, 0x0, 0xf1, 0x70, 0x0, 0x6,
    0x67, 0xf7, 0x64, 0xf, 0x1a, 0xc0, 0x0, 0xbb,
    0xbb, 0xbb, 0x80, 0xf1, 0xb, 0x50, 0x0, 0x0,
    0x0, 0x3, 0x9f, 0x98, 0x88, 0x0, 0x4f, 0xff,
    0xff, 0x5a, 0xfa, 0x99, 0x90, 0x4, 0xd0, 0x1,
    0xf0, 0x2f, 0x0, 0x0, 0x0, 0x4d, 0x0, 0x1f,
    0x3, 0xf6, 0xa0, 0x0, 0x4, 0xff, 0xff, 0xf0,
    0x4d, 0x7b, 0x0, 0x0, 0x1, 0x1f, 0x12, 0x7,
    0xb7, 0xb0, 0x0, 0x3, 0xe1, 0xf4, 0xd0, 0xa8,
    0x7b, 0x6, 0x0, 0x8a, 0x1f, 0x1d, 0x6f, 0x37,
    0xb0, 0xe0, 0xe, 0x41, 0xf1, 0x38, 0xd0, 0x7b,
    0xe, 0x2, 0xb2, 0x5f, 0x1, 0xe6, 0x6, 0xd5,
    0xe0, 0x0, 0xcf, 0xb0, 0x5d, 0x0, 0x1c, 0xd7,
    0x0, 0x0, 0x0, 0x0, 0x0, 0x0, 0x0, 0x0,

    /* U+5C3D "尽" */
    0x0, 0x2f, 0xff, 0xff, 0xff, 0xff, 0xf0, 0x0,
    0x2, 0xf3, 0x22, 0x22, 0x22, 0x4f, 0x0, 0x0,
    0x2f, 0x10, 0x0, 0x0, 0x2, 0xf0, 0x0, 0x2,
    0xf3, 0x22, 0x22, 0x22, 0x4f, 0x0, 0x0, 0x3f,
    0xff, 0xff, 0xff, 0xff, 0xf0, 0x0, 0x3, 0xf0,
    0x0, 0x2, 0xf3, 0x0, 0x0, 0x0, 0x5e, 0x1,
    0x0, 0x9, 0xd0, 0x0, 0x0, 0x9, 0xb0, 0x9f,
    0xa5, 0x1d, 0xb0, 0x0, 0x0, 0xd7, 0x0, 0x49,
    0xee, 0x2d, 0xd3, 0x0, 0x4f, 0x12, 0x0, 0x0,
    0x30, 0x1b, 0xf2, 0xd, 0xa0, 0xbf, 0xa5, 0x0,
    0x0, 0x4, 0x0, 0xa1, 0x0, 0x5a, 0xff, 0xa5,
    0x0, 0x0, 0x0, 0x0, 0x0, 0x0, 0x5b, 0xf3,
    0x0, 0x0, 0x0, 0x0, 0x0, 0x0, 0x1, 0x0,
    0x0,

    /* U+5C4F "屏" */
    0x0, 0xff, 0xff, 0xff, 0xff, 0xff, 0xf1, 0x0,
    0xf4, 0x22, 0x22, 0x22, 0x24, 0xf1, 0x0, 0xff,
    0xff, 0xff, 0xff, 0xff, 0xf1, 0x0, 0xf4, 0x23,
    0x62, 0x22, 0x84, 0x20, 0x0, 0xf2, 0x7, 0xe0,
    0x2, 0xf5, 0x0, 0x0, 0xf2, 0x23, 0xf4, 0x29,
    0xe2, 0x20, 0x0, 0xf2, 0xff, 0xff, 0xff, 0xff,
    0xf2, 0x1, 0xf0, 0x3, 0xf0, 0x3, 0xf1, 0x0,
    0x3, 0xfa, 0xff, 0xff, 0xff, 0xff, 0xfc, 0x6,
    0xc1, 0x26, 0xe2, 0x24, 0xf2, 0x21, 0xb, 0x80,
    0xa, 0xa0, 0x3, 0xf1, 0x0, 0x2f, 0x40, 0x7f,
    0x30, 0x3, 0xf1, 0x0, 0x2b, 0x0, 0xe6, 0x0,
    0x3, 0xf1, 0x0, 0x0, 0x0, 0x0, 0x0, 0x0,
    0x0, 0x0,

    /* U+5C71 "山" */
    0x0, 0x0, 0x2, 0xf3, 0x0, 0x0, 0x0, 0x0,
    0x2, 0xf3, 0x0, 0x0, 0x1, 0x0, 0x2, 0xf3,
    0x0, 0x0, 0x1f, 0x10, 0x2, 0xf3, 0x0, 0x3f,
    0x1f, 0x10, 0x2, 0xf3, 0x0, 0x3f, 0x1f, 0x10,
    0x2, 0xf3, 0x0, 0x3f, 0x1f, 0x10, 0x2, 0xf3,
    0x0, 0x3f, 0x1f, 0x10, 0x2, 0xf3, 0x0, 0x3f,
    0x1f, 0x10, 0x2, 0xf3, 0x0, 0x3f, 0x1f, 0x10,
    0x2, 0xf3, 0x0, 0x3f, 0x1f, 0x10, 0x2, 0xf3,
    0x0, 0x3f, 0x1f, 0x32, 0x24, 0xf5, 0x22, 0x5f,
    0x1f, 0xff, 0xff, 0xff, 0xff, 0xff, 0x0, 0x0,
    0x0, 0x0, 0x0, 0x3f,

    /* U+5CF0 "峰" */
    0x0, 0x0, 0x0, 0x2, 0x10, 0x0, 0x0, 0x0,
    0xf0, 0x0, 0xe, 0x50, 0x0, 0x0, 0x0, 0xf0,
    0x0, 0x7f, 0xba, 0xaa, 0x0, 0x0, 0xf0, 0x3,
    0xfc, 0x99, 0xce, 0x0, 0xe0, 0xf4, 0xad, 0xbe,
    0x35, 0xf4, 0x0, 0xe0, 0xf4, 0xa2, 0x9, 0xff,
    0x50, 0x0, 0xe0, 0xf4, 0xb9, 0xde, 0x79, 0xfd,
    0x90, 0xe0, 0xf4, 0xa7, 0x30, 0xa6, 0x5, 0x60,
    0xe0, 0xf4, 0xa8, 0xcc, 0xee, 0xcc, 0x40, 0xe0,
    0xf4, 0xa2, 0x33, 0xc9, 0x33, 0x10, 0xe0, 0xf4,
    0xa5, 0xbb, 0xed, 0xbb, 0x20, 0xe0, 0xf6, 0xa1,
    0x44, 0xc9, 0x44, 0x0, 0xed, 0xff, 0xab, 0xbb,
    0xed, 0xbb, 0x90, 0x87, 0x46, 0xa6, 0x66, 0xda,
    0x66, 0x40, 0x0, 0x0, 0x0, 0x0, 0xb7, 0x0,
    0x0,

    /* U+5DDE "州" */
    0x0, 0x2, 0xf0, 0x0, 0x0, 0x0, 0xf2, 0x0,
    0x2, 0xf0, 0x2, 0xf0, 0x0, 0xf2, 0x0, 0x2,
    0xf0, 0x2, 0xf0, 0x0, 0xf2, 0x0, 0x2, 0xf0,
    0x2, 0xf0, 0x0, 0xf2, 0x0, 0xb3, 0xf7, 0x22,
    0xf5, 0x30, 0xf2, 0x3, 0xe2, 0xf9, 0xa2, 0xf7,
    0xb0, 0xf2, 0x6, 0xb3, 0xf2, 0xf3, 0xf1, 0xf2,
    0xf2, 0xa, 0x73, 0xe0, 0xc9, 0xf0, 0x99, 0xf2,
    0xd, 0x35, 0xd0, 0x46, 0xf0, 0x26, 0xf2, 0x0,
    0x8, 0xb0, 0x2, 0xf0, 0x0, 0xf2, 0x0, 0xd,
    0x70, 0x2, 0xf0, 0x0, 0xf2, 0x0, 0x5f, 0x20,
    0x2, 0xf0, 0x0, 0xf2, 0x1, 0xea, 0x0, 0x2,
    0xf0, 0x0, 0xf2, 0x7, 0xe1, 0x0, 0x2, 0xf0,
    0x0, 0xf2, 0x0, 0x10, 0x0, 0x0, 0x0, 0x0,
    0x0,

    /* U+5DE5 "工" */
    0x5, 0x55, 0x55, 0x55, 0x55, 0x55, 0x12, 0xff,
    0xff, 0xff, 0xff, 0xff, 0xf3, 0x0, 0x0, 0x3,
    0xf3, 0x0, 0x0, 0x0, 0x0, 0x0, 0x3f, 0x30,
    0x0, 0x0, 0x0, 0x0, 0x3, 0xf3, 0x0, 0x0,
    0x0, 0x0, 0x0, 0x3f, 0x30, 0x0, 0x0, 0x0,
    0x0, 0x3, 0xf3, 0x0, 0x0, 0x0, 0x0, 0x0,
    0x3f, 0x30, 0x0, 0x0, 0x0, 0x0, 0x3, 0xf3,
    0x0, 0x0, 0x0, 0x0, 0x0, 0x3f, 0x30, 0x0,
    0x0, 0x22, 0x22, 0x25, 0xf5, 0x22, 0x22, 0x2f,
    0xff, 0xff, 0xff, 0xff, 0xff, 0xff,

    /* U+5DE6 "左" */
    0x0, 0x0, 0x0, 0x30, 0x0, 0x0, 0x0, 0x0,
    0x0, 0x4, 0xf1, 0x0, 0x0, 0x0, 0x2, 0x22,
    0x28, 0xe2, 0x22, 0x22, 0x22, 0xd, 0xff, 0xff,
    0xff, 0xff, 0xff, 0xff, 0x0, 0x0, 0x1f, 0x40,
    0x0, 0x0, 0x0, 0x0, 0x0, 0x8e, 0x0, 0x0,
    0x0, 0x0, 0x0, 0x0, 0xea, 0x22, 0x22, 0x22,
    0x20, 0x0, 0x7, 0xff, 0xff, 0xff, 0xff, 0xf2,
    0x0, 0x2f, 0x70, 0x1, 0xf3, 0x0, 0x0, 0x0,
    0xcc, 0x0, 0x1, 0xf3, 0x0, 0x0, 0xa, 0xe2,
    0x0, 0x1, 0xf3, 0x0, 0x0, 0x2f, 0x30, 0x0,
    0x1, 0xf3, 0x0, 0x0, 0x2, 0x5f, 0xff, 0xff,
    0xff, 0xff, 0xfe, 0x0, 0x2, 0x22, 0x22, 0x22,
    0x22, 0x22,

    /* U+5DF2 "已" */
    0x8f, 0xff, 0xff, 0xff, 0xff, 0xf5, 0x1, 0x22,
    0x22, 0x22, 0x22, 0x2f, 0x50, 0x0, 0x0, 0x0,
    0x0, 0x0, 0xf5, 0x0, 0xf6, 0x0, 0x0, 0x0,
    0xf, 0x50, 0xf, 0x60, 0x0, 0x0, 0x0, 0xf5,
    0x0, 0xff, 0xff, 0xff, 0xff, 0xff, 0x50, 0xf,
    0x72, 0x22, 0x22, 0x22, 0x20, 0x0, 0xf6, 0x0,
    0x0, 0x0, 0x0, 0x0, 0xf, 0x60, 0x0, 0x0,
    0x0, 0x9, 0x40, 0xf6, 0x0, 0x0, 0x0, 0x0,
    0xd7, 0xf, 0x60, 0x0, 0x0, 0x0, 0xe, 0x70,
    0xec, 0x32, 0x22, 0x22, 0x25, 0xf4, 0x5, 0xef,
    0xff, 0xff, 0xff, 0xfb, 0x0,

    /* U+5E26 "带" */
    0x0, 0x9, 0xa0, 0x1f, 0x10, 0xa8, 0x0, 0x0,
    0x88, 0xcd, 0x89, 0xf9, 0x8d, 0xc8, 0x80, 0x9,
    0x9d, 0xd9, 0xaf, 0xa9, 0xdd, 0x99, 0x0, 0x0,
    0x9a, 0x1, 0xf1, 0xa, 0x80, 0x0, 0x0, 0x0,
    0x0, 0x1, 0x0, 0x0, 0x0, 0x0, 0xaf, 0xff,
    0xff, 0xff, 0xff, 0xff, 0xa0, 0xa, 0xa2, 0x22,
    0x25, 0x22, 0x22, 0xaa, 0x0, 0x55, 0x0, 0x2,
    0xf2, 0x0, 0x5, 0x50, 0x0, 0x5f, 0xff, 0xff,
    0xff, 0xff, 0x60, 0x0, 0x5, 0xd2, 0x24, 0xf3,
    0x22, 0xd6, 0x0, 0x0, 0x5d, 0x0, 0x2f, 0x20,
    0xd, 0x60, 0x0, 0x5, 0xd0, 0x2, 0xf2, 0x22,
    0xe5, 0x0, 0x0, 0x5d, 0x0, 0x2f, 0x2e, 0xfd,
    0x10, 0x0, 0x0, 0x0, 0x2, 0xf2, 0x0, 0x0,
    0x0,

    /* U+5E38 "常" */
    0x4, 0x70, 0x2, 0xf0, 0x6, 0x40, 0x0, 0x6f,
    0x60, 0x2f, 0x3, 0xf6, 0x0, 0x11, 0x9d, 0x13,
    0xf1, 0xb9, 0x11, 0xf, 0xff, 0xff, 0xff, 0xff,
    0xff, 0xf2, 0xf2, 0x0, 0x0, 0x0, 0x0, 0xf,
    0x2d, 0x4f, 0xff, 0xff, 0xff, 0xf2, 0xd2, 0x2,
    0xf0, 0x0, 0x0, 0xf, 0x20, 0x0, 0x2f, 0xff,
    0xff, 0xff, 0xf2, 0x0, 0x0, 0x0, 0x2, 0xf0,
    0x0, 0x0, 0x4, 0xff, 0xff, 0xff, 0xff, 0xff,
    0x70, 0x4f, 0x21, 0x13, 0xf1, 0x11, 0xf7, 0x4,
    0xf0, 0x0, 0x2f, 0x0, 0x1f, 0x70, 0x4f, 0x0,
    0x2, 0xf0, 0xff, 0xf4, 0x0, 0x10, 0x0, 0x2f,
    0x2, 0x21, 0x0,

    /* U+5E73 "平" */
    0x6, 0xff, 0xff, 0xff, 0xff, 0xff, 0xf6, 0x0,
    0x12, 0x22, 0x24, 0xf4, 0x22, 0x22, 0x10, 0x0,
    0x95, 0x0, 0x2f, 0x20, 0x6, 0x90, 0x0, 0x6,
    0xf2, 0x2, 0xf2, 0x2, 0xf6, 0x0, 0x0, 0xa,
    0xd0, 0x2f, 0x20, 0xdb, 0x0, 0x0, 0x0, 0x1e,
    0x32, 0xf2, 0x4d, 0x10, 0x0, 0x0, 0x0, 0x0,
    0x2f, 0x20, 0x0, 0x0, 0x0, 0xff, 0xff, 0xff,
    0xff, 0xff, 0xff, 0xf0, 0x2, 0x22, 0x22, 0x4f,
    0x42, 0x22, 0x22, 0x0, 0x0, 0x0, 0x2, 0xf2,
    0x0, 0x0, 0x0, 0x0, 0x0, 0x0, 0x2f, 0x20,
    0x0, 0x0, 0x0, 0x0, 0x0, 0x2, 0xf2, 0x0,
    0x0, 0x0, 0x0, 0x0, 0x0, 0x2f, 0x20, 0x0,
    0x0, 0x0,

    /* U+5E8F "序" */
    0x0, 0x0, 0x0, 0x7, 0x50, 0x0, 0x0, 0x0,
    0x22, 0x22, 0x2b, 0xd2, 0x22, 0x22, 0x0, 0xff,
    0xff, 0xff, 0xff, 0xff, 0xfd, 0x0, 0xf2, 0x0,
    0x0, 0x0, 0x0, 0x0, 0x0, 0xf2, 0x9f, 0xff,
    0xff, 0xff, 0xf0, 0x0, 0xf2, 0x12, 0x92, 0x22,
    0x8f, 0x80, 0x0, 0xf2, 0x1, 0xcd, 0x5b, 0xd4,
    0x0, 0x0, 0xf2, 0x22, 0x2a, 0xfe, 0x32, 0x21,
    0x0, 0xf6, 0xff, 0xff, 0xff, 0xff, 0xfc, 0x1,
    0xf1, 0x0, 0x0, 0xd7, 0x0, 0xc8, 0x4, 0xe0,
    0x0, 0x0, 0xd7, 0x5, 0xf1, 0x8, 0xb0, 0x0,
    0x0, 0xd7, 0x2, 0x50, 0xd, 0x70, 0x1, 0x23,
    0xe6, 0x0, 0x0, 0x1c, 0x10, 0x7, 0xff, 0xd1,
    0x0, 0x0, 0x0, 0x0, 0x0, 0x0, 0x0, 0x0,
    0x0,

    /* U+5E94 "应" */
    0x0, 0x0, 0x0, 0xb, 0x40, 0x0, 0x0, 0x0,
    0x0, 0x0, 0xd, 0xa0, 0x0, 0x0, 0x0, 0xff,
    0xff, 0xff, 0xff, 0xff, 0xfb, 0x0, 0xf4, 0x22,
    0x22, 0x22, 0x22, 0x21, 0x0, 0xf2, 0x20, 0x8,
    0x60, 0x1, 0x40, 0x0, 0xf3, 0xf3, 0x8, 0xb0,
    0x6, 0xe0, 0x0, 0xf2, 0xb8, 0x5, 0xf0, 0xb,
    0x90, 0x0, 0xf2, 0x6d, 0x1, 0xf2, 0xf, 0x40,
    0x1, 0xf1, 0x1f, 0x30, 0xe5, 0x5e, 0x0, 0x2,
    0xf0, 0xc, 0x70, 0xb7, 0xa9, 0x0, 0x6, 0xd0,
    0x7, 0x70, 0x0, 0xf4, 0x0, 0xa, 0xa0, 0x0,
    0x0, 0x6, 0xe0, 0x0, 0x1f, 0x6c, 0xff, 0xff,
    0xff, 0xff, 0xfd, 0x1b, 0x1, 0x22, 0x22, 0x22,
    0x22, 0x22, 0x0, 0x0, 0x0, 0x0, 0x0, 0x0,
    0x0,

    /* U+5E95 "底" */
    0x0, 0x0, 0x0, 0x7, 0x50, 0x0, 0x0, 0x0,
    0x2, 0x22, 0x22, 0xbc, 0x22, 0x22, 0x20, 0x0,
    0xff, 0xff, 0xff, 0xff, 0xff, 0xff, 0x0, 0xf,
    0x20, 0x0, 0x1, 0x23, 0x45, 0x0, 0x0, 0xf2,
    0x2f, 0xff, 0xff, 0xdc, 0xa1, 0x0, 0xf, 0x22,
    0xf2, 0x13, 0xf0, 0x0, 0x0, 0x0, 0xf2, 0x2f,
    0x0, 0x1f, 0x0, 0x0, 0x0, 0xf, 0x22, 0xf2,
    0x23, 0xf3, 0x22, 0x20, 0x0, 0xf1, 0x2f, 0xff,
    0xff, 0xff, 0xff, 0x0, 0x1f, 0x2, 0xf0, 0x0,
    0xc7, 0x0, 0x0, 0x4, 0xe0, 0x2f, 0x0, 0x9,
    0xb0, 0x6, 0x0, 0x7b, 0x2, 0xf0, 0x28, 0x3f,
    0x23, 0xe0, 0xd, 0x80, 0x4f, 0xd6, 0xd5, 0xbc,
    0xaa, 0x2, 0xf2, 0x6, 0xd6, 0x5, 0xc1, 0xce,
    0x30, 0x1, 0x0, 0x0, 0x0, 0x1, 0x0, 0x0,
    0x0,

    /* U+5EA6 "度" */
    0x0, 0x0, 0x0, 0x8, 0x40, 0x0, 0x0, 0x0,
    0x22, 0x22, 0x2d, 0xb2, 0x22, 0x21, 0x0, 0xff,
    0xff, 0xff, 0xff, 0xff, 0xfd, 0x0, 0xf2, 0xc,
    0x60, 0x0, 0xf4, 0x0, 0x0, 0xff, 0xff, 0xff,
    0xff, 0xff, 0xfd, 0x0, 0xf3, 0xc, 0x60, 0x0,
    0xf4, 0x0, 0x0, 0xf2, 0xc, 0x60, 0x0, 0xf4,
    0x0, 0x0, 0xf2, 0xc, 0xff, 0xff, 0xf4, 0x0,
    0x0, 0xf1, 0x0, 0x0, 0x0, 0x0, 0x0, 0x1,
    0xf0, 0xff, 0xff, 0xff, 0xff, 0x30, 0x3, 0xe0,
    0x7f, 0x50, 0x2, 0xdb, 0x0, 0x6, 0xc0, 0x5,
    0xf9, 0x7f, 0x90, 0x0, 0xb, 0x80, 0x4, 0xbf,
    0xfd, 0x63, 0x0, 0x1f, 0x3d, 0xfe, 0x93, 0x27,
    0xcf, 0xfc, 0x4, 0x5, 0x20, 0x0, 0x0, 0x0,
    0x33,

    /* U+5EF6 "延" */
    0x6, 0x66, 0x61, 0x23, 0x57, 0x9b, 0xb0, 0xc,
    0xce, 0xf4, 0xfe, 0xcf, 0xa7, 0x40, 0x0, 0x2e,
    0x80, 0x0, 0xf, 0x20, 0x0, 0x0, 0xda, 0x0,
    0x60, 0xf, 0x20, 0x0, 0xa, 0xe3, 0x20, 0xf2,
    0xf, 0x98, 0x70, 0xf, 0xff, 0xf1, 0xf2, 0xf,
    0xba, 0x80, 0x2, 0x2, 0xf0, 0xf2, 0xf, 0x20,
    0x0, 0x1f, 0x26, 0xb0, 0xf2, 0xf, 0x20, 0x0,
    0xb, 0x9c, 0x60, 0xf4, 0x2f, 0x42, 0x20, 0x3,
    0xff, 0x10, 0xff, 0xff, 0xff, 0xf0, 0x0, 0xde,
    0x30, 0x0, 0x0, 0x0, 0x0, 0x9, 0xea, 0xfa,
    0x53, 0x22, 0x22, 0x21, 0x5f, 0x30, 0x4a, 0xef,
    0xff, 0xff, 0xf4, 0x3, 0x0, 0x0, 0x0, 0x0,
    0x0, 0x0,

    /* U+5EFA "建" */
    0x0, 0x0, 0x0, 0x0, 0x2f, 0x0, 0x0, 0x0,
    0xff, 0xff, 0x1f, 0xff, 0xff, 0xff, 0x0, 0x0,
    0xa, 0xb0, 0x0, 0x2f, 0x2, 0xf0, 0x0, 0x4,
    0xf2, 0x0, 0x2, 0xf0, 0x2f, 0x0, 0x0, 0xd7,
    0xb, 0xff, 0xff, 0xff, 0xff, 0x20, 0x8d, 0x22,
    0x0, 0x2, 0xf0, 0x2f, 0x0, 0xb, 0xff, 0xf2,
    0xff, 0xff, 0xff, 0xf0, 0x0, 0x30, 0x4d, 0x0,
    0x2, 0xf0, 0x0, 0x0, 0xc, 0x48, 0xa3, 0xff,
    0xff, 0xff, 0xf4, 0x0, 0x6b, 0xd5, 0x0, 0x2,
    0xf0, 0x0, 0x0, 0x0, 0xdf, 0xf, 0xff, 0xff,
    0xff, 0xfc, 0x0, 0xc, 0xe4, 0x0, 0x1, 0xa0,
    0x0, 0x0, 0x6, 0xc2, 0xe9, 0x53, 0x22, 0x22,
    0x22, 0x1, 0xf3, 0x1, 0x8d, 0xff, 0xff, 0xff,
    0xf0, 0x3, 0x0, 0x0, 0x0, 0x0, 0x0, 0x0,
    0x0,

    /* U+5F00 "开" */
    0x9, 0xff, 0xff, 0xff, 0xff, 0xff, 0xf9, 0x0,
    0x12, 0x2b, 0xa2, 0x22, 0x7f, 0x22, 0x10, 0x0,
    0x0, 0xba, 0x0, 0x5, 0xf0, 0x0, 0x0, 0x0,
    0xb, 0xa0, 0x0, 0x5f, 0x0, 0x0, 0x0, 0x0,
    0xba, 0x0, 0x5, 0xf0, 0x0, 0x0, 0x22, 0x2b,
    0xa2, 0x22, 0x7f, 0x22, 0x20, 0x3f, 0xff, 0xff,
    0xff, 0xff, 0xff, 0xff, 0x20, 0x0, 0xc, 0x80,
    0x0, 0x5f, 0x0, 0x0, 0x0, 0x0, 0xf6, 0x0,
    0x5, 0xf0, 0x0, 0x0, 0x0, 0x4f, 0x20, 0x0,
    0x5f, 0x0, 0x0, 0x0, 0xd, 0xb0, 0x0, 0x5,
    0xf0, 0x0, 0x0, 0x1c, 0xe1, 0x0, 0x0, 0x5f,
    0x0, 0x0, 0x6, 0xe2, 0x0, 0x0, 0x5, 0xf0,
    0x0, 0x0, 0x0, 0x0, 0x0, 0x0, 0x0, 0x0,
    0x0,

    /* U+5F0F "式" */
    0x0, 0x0, 0x0, 0x0, 0xd7, 0x39, 0x0, 0x0,
    0x0, 0x0, 0x0, 0xd7, 0x2e, 0x90, 0x1, 0x11,
    0x11, 0x11, 0xc8, 0x14, 0xc1, 0x1f, 0xff, 0xff,
    0xff, 0xff, 0xff, 0xff, 0x1, 0x11, 0x11, 0x11,
    0xba, 0x11, 0x11, 0x0, 0x0, 0x0, 0x0, 0x9a,
    0x0, 0x0, 0xa, 0xff, 0xff, 0xfb, 0x8c, 0x0,
    0x0, 0x1, 0x23, 0xf5, 0x21, 0x6e, 0x0, 0x0,
    0x0, 0x1, 0xf3, 0x0, 0x3f, 0x10, 0x0, 0x0,
    0x1, 0xf3, 0x0, 0xf, 0x40, 0x16, 0x0, 0x1,
    0xf3, 0x2, 0x1c, 0x90, 0x4d, 0x4, 0x69, 0xfe,
    0xff, 0x56, 0xf0, 0x7b, 0xf, 0xfc, 0xa8, 0x53,
    0x0, 0xec, 0xd7, 0x1, 0x0, 0x0, 0x0, 0x0,
    0x3e, 0xd1,

    /* U+5F3A "强" */
    0xde, 0xee, 0xf, 0xee, 0xee, 0xef, 0x0, 0x22,
    0x5f, 0xf, 0x20, 0x0, 0x2f, 0x0, 0x0, 0x3f,
    0xf, 0x20, 0x0, 0x2f, 0x0, 0x26, 0x8f, 0xf,
    0xff, 0xff, 0xff, 0x0, 0x7d, 0x88, 0x0, 0x0,
    0xf2, 0x0, 0x0, 0x89, 0x0, 0x6f, 0xff, 0xff,
    0xff, 0x80, 0xab, 0x66, 0x6a, 0x0, 0xf2, 0x9,
    0x80, 0x8c, 0xdd, 0x6a, 0x0, 0xf2, 0x9, 0x80,
    0x0, 0x5c, 0x6f, 0xff, 0xff, 0xff, 0x80, 0x0,
    0x6c, 0x0, 0x0, 0xf2, 0x7, 0x0, 0x0, 0x6b,
    0x0, 0x1, 0xf4, 0x3e, 0x50, 0x22, 0xaa, 0xbf,
    0xff, 0xff, 0xee, 0xc0, 0xcf, 0xe4, 0x33, 0x21,
    0x0, 0x0, 0xf3, 0x0, 0x0, 0x0, 0x0, 0x0,
    0x0, 0x30,

    /* U+5F52 "归" */
    0x0, 0x2, 0xf0, 0x0, 0x0, 0x0, 0x0, 0x0,
    0x2f, 0x13, 0x33, 0x33, 0x30, 0x2f, 0x2, 0xf3,
    0xff, 0xff, 0xff, 0x22, 0xf0, 0x2f, 0x12, 0x22,
    0x22, 0xf2, 0x2f, 0x2, 0xf0, 0x0, 0x0, 0xf,
    0x22, 0xf0, 0x2f, 0x0, 0x0, 0x0, 0xf2, 0x2f,
    0x2, 0xf0, 0x22, 0x22, 0x2f, 0x22, 0xf0, 0x2f,
    0xf, 0xff, 0xff, 0xf2, 0x2f, 0x3, 0xe0, 0x11,
    0x11, 0x1f, 0x22, 0xf0, 0x6d, 0x0, 0x0, 0x0,
    0xf2, 0x2f, 0xa, 0x90, 0x0, 0x0, 0xf, 0x20,
    0x3, 0xf3, 0x12, 0x22, 0x22, 0xf2, 0x3, 0xea,
    0xc, 0xff, 0xff, 0xff, 0x20, 0xec, 0x0, 0x0,
    0x0, 0x0, 0xf2, 0x2, 0x0, 0x0, 0x0, 0x0,
    0x0, 0x0,

    /* U+5F53 "当" */
    0x4, 0x10, 0x1, 0xf1, 0x0, 0x4, 0x0, 0xec,
    0x0, 0x1f, 0x10, 0xa, 0xe0, 0x2, 0xfa, 0x1,
    0xf1, 0x8, 0xf3, 0x0, 0x4, 0xf5, 0x1f, 0x15,
    0xf5, 0x0, 0x0, 0x3, 0x1, 0xf1, 0x4, 0x0,
    0x6, 0xff, 0xff, 0xff, 0xff, 0xff, 0xf1, 0x12,
    0x22, 0x22, 0x22, 0x22, 0x6f, 0x10, 0x0, 0x0,
    0x0, 0x0, 0x4, 0xf1, 0x2, 0x22, 0x22, 0x22,
    0x22, 0x6f, 0x10, 0xff, 0xff, 0xff, 0xff, 0xff,
    0xf1, 0x0, 0x0, 0x0, 0x0, 0x0, 0x4f, 0x10,
    0x0, 0x0, 0x0, 0x0, 0x4, 0xf1, 0xbf, 0xff,
    0xff, 0xff, 0xff, 0xff, 0x11, 0x22, 0x22, 0x22,
    0x22, 0x26, 0xf1,

    /* U+5F55 "录" */
    0x0, 0xef, 0xff, 0xff, 0xff, 0xff, 0x20, 0x0,
    0x1, 0x22, 0x22, 0x22, 0x23, 0xf2, 0x0, 0x0,
    0x7f, 0xff, 0xff, 0xff, 0xff, 0x20, 0x0, 0x0,
    0x11, 0x11, 0x11, 0x13, 0xf2, 0x0, 0x2, 0x22,
    0x22, 0x22, 0x22, 0x3f, 0x42, 0x0, 0xff, 0xff,
    0xff, 0xff, 0xff, 0xff, 0xf1, 0x0, 0x83, 0x0,
    0x1f, 0x50, 0x2, 0x70, 0x0, 0x7, 0xf7, 0x1,
    0xfd, 0x4, 0xec, 0x0, 0x0, 0x4, 0xa6, 0xdf,
    0xed, 0xf8, 0x0, 0x0, 0x0, 0x6e, 0xf9, 0xf5,
    0xdd, 0x20, 0x0, 0x7, 0xef, 0x81, 0x1f, 0x31,
    0xbf, 0x82, 0x0, 0xd8, 0x11, 0x25, 0xf3, 0x0,
    0x5d, 0xe0, 0x0, 0x0, 0x6f, 0xfb, 0x0, 0x0,
    0x2, 0x0,

    /* U+5F62 "形" */
    0x0, 0x0, 0x0, 0x0, 0x0, 0x0, 0x80, 0x0,
    0xbf, 0xff, 0xff, 0xf8, 0x0, 0xbe, 0x10, 0x1,
    0x7e, 0x23, 0xf4, 0x12, 0xdd, 0x10, 0x0, 0x5,
    0xd0, 0x1f, 0x25, 0xfa, 0x0, 0x0, 0x0, 0x5d,
    0x1, 0xf2, 0x25, 0x0, 0x72, 0x0, 0x5, 0xd0,
    0x1f, 0x20, 0x0, 0x7f, 0x50, 0xf, 0xff, 0xff,
    0xff, 0xe0, 0x9f, 0x50, 0x0, 0x27, 0xd2, 0x3f,
    0x44, 0xce, 0x40, 0x0, 0x0, 0x6c, 0x1, 0xf2,
    0x6c, 0x10, 0x27, 0x0, 0x8, 0xb0, 0x1f, 0x20,
    0x0, 0x1d, 0xc0, 0x0, 0xc8, 0x1, 0xf2, 0x0,
    0x1c, 0xd1, 0x0, 0x1f, 0x30, 0x1f, 0x20, 0x2d,
    0xd1, 0x0, 0x9, 0xd0, 0x1, 0xf2, 0x7f, 0xc1,
    0x0, 0x0, 0xd5, 0x0, 0x1f, 0x2c, 0x80, 0x0,
    0x0, 0x0, 0x0, 0x0, 0x0, 0x0, 0x0, 0x0,
    0x0,

    /* U+5F85 "待" */
    0x0, 0x0, 0x0, 0x0, 0x0, 0x0, 0x0, 0x0,
    0x2d, 0x10, 0x3, 0xf1, 0x0, 0x0, 0x0, 0xdb,
    0x0, 0x3, 0xf1, 0x0, 0x0, 0xb, 0xe1, 0x3f,
    0xff, 0xff, 0xff, 0x70, 0x9f, 0x21, 0x2, 0x25,
    0xf3, 0x22, 0x10, 0x83, 0x4e, 0x0, 0x3, 0xf1,
    0x0, 0x0, 0x0, 0xd8, 0xff, 0xff, 0xff, 0xff,
    0xf2, 0x8, 0xf0, 0x22, 0x22, 0x25, 0xf3, 0x20,
    0x4f, 0xf0, 0x12, 0x22, 0x25, 0xf2, 0x10, 0xeb,
    0xf0, 0xbf, 0xff, 0xff, 0xff, 0xe0, 0x52, 0xf0,
    0x7, 0x10, 0x3, 0xf1, 0x0, 0x2, 0xf0, 0x1e,
    0xb0, 0x3, 0xf1, 0x0, 0x2, 0xf0, 0x2, 0xf6,
    0x3, 0xf1, 0x0, 0x2, 0xf0, 0x0, 0x32, 0x28,
    0xf0, 0x0, 0x2, 0xf0, 0x0, 0xc, 0xff, 0x90,
    0x0, 0x0, 0x20, 0x0, 0x0, 0x0, 0x0, 0x0,

    /* U+5FC3 "心" */
    0x0, 0x0, 0x0, 0x10, 0x0, 0x0, 0x0, 0x0,
    0x0, 0x0, 0xd, 0x80, 0x0, 0x0, 0x0, 0x0,
    0x0, 0x0, 0x5f, 0x30, 0x0, 0x0, 0x0, 0x0,
    0x1, 0x30, 0xad, 0x0, 0x0, 0x0, 0x0, 0x0,
    0x6f, 0x1, 0xe8, 0x0, 0x0, 0x0, 0x7, 0x96,
    0xf0, 0x4, 0x21, 0xf3, 0x0, 0x0, 0xc9, 0x6f,
    0x0, 0x0, 0xc, 0xa0, 0x0, 0xf, 0x56, 0xf0,
    0x0, 0x0, 0x5f, 0x10, 0x4, 0xf1, 0x6f, 0x0,
    0x0, 0x0, 0xe7, 0x0, 0xac, 0x6, 0xf0, 0x0,
    0x9, 0x39, 0xe0, 0xd, 0x70, 0x6f, 0x0, 0x0,
    0xf6, 0x3c, 0x10, 0x0, 0x6, 0xf0, 0x0, 0xf,
    0x50, 0x0, 0x0, 0x0, 0x5f, 0x85, 0x58, 0xf3,
    0x0, 0x0, 0x0, 0x0, 0xbf, 0xff, 0xfa, 0x0,
    0x0,

    /* U+5FD7 "志" */
    0x0, 0x0, 0x0, 0x4f, 0x0, 0x0, 0x0, 0x0,
    0x0, 0x0, 0x4, 0xf0, 0x0, 0x0, 0x0, 0xf,
    0xff, 0xff, 0xff, 0xff, 0xff, 0xfc, 0x0, 0x22,
    0x22, 0x26, 0xf2, 0x22, 0x22, 0x10, 0x0, 0x0,
    0x0, 0x4f, 0x0, 0x0, 0x0, 0x0, 0x2, 0x22,
    0x25, 0xf2, 0x22, 0x22, 0x0, 0x6, 0xff, 0xff,
    0xff, 0xff, 0xff, 0xf1, 0x0, 0x0, 0x0, 0x0,
    0x40, 0x0, 0x0, 0x0, 0x0, 0x0, 0x42, 0x4f,
    0x20, 0x2, 0x0, 0x0, 0x1e, 0x2c, 0x70, 0xcb,
    0x0, 0xe6, 0x0, 0x5, 0xe0, 0xc7, 0x3, 0xe3,
    0x67, 0xe0, 0x0, 0xc8, 0xc, 0x70, 0x0, 0x4e,
    0xd, 0x80, 0x3f, 0x20, 0xca, 0x22, 0x28, 0xd0,
    0x5d, 0x0, 0x30, 0x6, 0xff, 0xff, 0xe6, 0x0,
    0x0,

    /* U+5FEB "快" */
    0x0, 0x2f, 0x0, 0x0, 0xaa, 0x0, 0x0, 0x0,
    0x2, 0xf0, 0x0, 0xa, 0xa0, 0x0, 0x0, 0x0,
    0x2f, 0x0, 0x22, 0xba, 0x22, 0x20, 0x0, 0x99,
    0xfb, 0x2f, 0xff, 0xff, 0xfe, 0x0, 0xb, 0x7f,
    0xbd, 0x0, 0xa9, 0x5, 0xe0, 0x0, 0xd5, 0xf0,
    0x30, 0xa, 0x90, 0x5e, 0x0, 0xf, 0x3f, 0x0,
    0x0, 0xa9, 0x5, 0xe0, 0x2, 0xd2, 0xf0, 0xff,
    0xff, 0xff, 0xff, 0xf0, 0x0, 0x2f, 0x2, 0x22,
    0xff, 0x32, 0x22, 0x0, 0x2, 0xf0, 0x0, 0x4f,
    0xe7, 0x0, 0x0, 0x0, 0x2f, 0x0, 0xd, 0xa5,
    0xf2, 0x0, 0x0, 0x2, 0xf0, 0x1c, 0xe1, 0xa,
    0xe3, 0x0, 0x0, 0x2f, 0x4e, 0xe2, 0x0, 0xb,
    0xf9, 0x0, 0x2, 0xf7, 0xb1, 0x0, 0x0, 0x7,
    0xa0, 0x0, 0x0, 0x0, 0x0, 0x0, 0x0, 0x0,
    0x0,

    /* U+6001 "态" */
    0x0, 0x0, 0x0, 0x0, 0x0, 0x0, 0x0, 0x0,
    0x0, 0x0, 0xf4, 0x0, 0x0, 0x0, 0x0, 0x0,
    0x1, 0xf3, 0x0, 0x0, 0x0, 0x9f, 0xff, 0xff,
    0xff, 0xff, 0xff, 0xf0, 0x12, 0x22, 0x2c, 0xfe,
    0x32, 0x22, 0x20, 0x0, 0x0, 0x5f, 0x4d, 0xb0,
    0x0, 0x0, 0x0, 0x6, 0xfe, 0x2, 0xec, 0x20,
    0x0, 0x4, 0xcf, 0x9d, 0xc1, 0x2d, 0xf9, 0x20,
    0xcf, 0xd4, 0x1, 0xc4, 0x0, 0x8f, 0xf3, 0x55,
    0x0, 0x10, 0x50, 0x0, 0x1, 0x60, 0x8, 0x57,
    0xc0, 0xd8, 0x0, 0x79, 0x0, 0xf, 0x47, 0xc0,
    0x3f, 0x34, 0x3f, 0x30, 0x5e, 0x7, 0xc0, 0x4,
    0xf, 0x29, 0xc0, 0xc8, 0x7, 0xe3, 0x22, 0x4f,
    0x11, 0xe2, 0x21, 0x2, 0xdf, 0xff, 0xfa, 0x0,
    0x0,

    /* U+601D "思" */
    0x0, 0xff, 0xff, 0xff, 0xff, 0xff, 0x90, 0x0,
    0xf, 0x42, 0x24, 0xf2, 0x22, 0xb9, 0x0, 0x0,
    0xf4, 0x22, 0x4f, 0x22, 0x2b, 0x90, 0x0, 0xf,
    0xff, 0xff, 0xff, 0xff, 0xf9, 0x0, 0x0, 0xf2,
    0x0, 0x2f, 0x0, 0xb, 0x90, 0x0, 0xf, 0x42,
    0x24, 0xf2, 0x22, 0xb9, 0x0, 0x0, 0xff, 0xff,
    0xff, 0xff, 0xff, 0x90, 0x0, 0x0, 0x0, 0x1,
    0x80, 0x0, 0x0, 0x0, 0x2, 0x70, 0xd1, 0x3f,
    0x60, 0x6, 0x40, 0x0, 0x7c, 0xf, 0x20, 0x8e,
    0x15, 0x8d, 0x0, 0xc, 0x70, 0xf2, 0x0, 0x42,
    0xf0, 0xe7, 0x2, 0xf1, 0xf, 0x72, 0x22, 0x8e,
    0x6, 0xe0, 0x15, 0x0, 0x9f, 0xff, 0xfe, 0x70,
    0x1, 0x0,

    /* U+603B "总" */
    0x0, 0x2, 0x20, 0x0, 0x13, 0x0, 0x0, 0x0,
    0xa, 0xd0, 0x0, 0xad, 0x0, 0x0, 0x0, 0x23,
    0xf5, 0x25, 0xf5, 0x21, 0x0, 0x2, 0xff, 0xff,
    0xff, 0xff, 0xf9, 0x0, 0x2, 0xf0, 0x0, 0x0,
    0x0, 0xb9, 0x0, 0x2, 0xf0, 0x0, 0x0, 0x0,
    0xb9, 0x0, 0x2, 0xf2, 0x22, 0x22, 0x22, 0xc9,
    0x0, 0x2, 0xff, 0xff, 0xff, 0xff, 0xf9, 0x0,
    0x0, 0x0, 0x0, 0x70, 0x0, 0x0, 0x0, 0x6,
    0x65, 0x81, 0xe7, 0x0, 0x76, 0x0, 0xc, 0x77,
    0xc0, 0x5f, 0x4, 0x7e, 0x10, 0x2f, 0x27, 0xc0,
    0x2, 0xf, 0x2d, 0x90, 0x8c, 0x7, 0xd2, 0x22,
    0x5f, 0x14, 0xe0, 0x13, 0x2, 0xef, 0xff, 0xfa,
    0x0, 0x0,

    /* U+6062 "恢" */
    0x0, 0x2f, 0x0, 0x2f, 0x0, 0x0, 0x0, 0x0,
    0x2, 0xf0, 0x3, 0xf0, 0x0, 0x0, 0x0, 0x2,
    0x4f, 0xc, 0xff, 0xff, 0xff, 0xff, 0x0, 0x89,
    0xfc, 0x37, 0xe2, 0x23, 0x22, 0x20, 0xa, 0x7f,
    0x88, 0x7c, 0x6, 0xc0, 0x0, 0x0, 0xc5, 0xf0,
    0x9, 0xc0, 0x6c, 0x4, 0x40, 0xe, 0x3f, 0x0,
    0xdf, 0x66, 0xb0, 0xd5, 0x1, 0xe2, 0xf0, 0x1f,
    0x6d, 0x8c, 0x6d, 0x0, 0x2, 0x2f, 0x7, 0xc0,
    0xcd, 0xf9, 0x40, 0x0, 0x2, 0xf0, 0xd6, 0x1,
    0xfe, 0x60, 0x0, 0x0, 0x2f, 0x6e, 0x0, 0x9c,
    0x6d, 0x0, 0x0, 0x2, 0xfa, 0x60, 0x6f, 0x30,
    0xda, 0x0, 0x0, 0x2f, 0x0, 0x8f, 0x50, 0x2,
    0xfb, 0x0, 0x2, 0xf0, 0x1d, 0x40, 0x0, 0x3,
    0xa0, 0x0, 0x0, 0x0, 0x0, 0x0, 0x0, 0x0,
    0x0,

    /* U+60E0 "惠" */
    0x0, 0x0, 0x0, 0x2f, 0x0, 0x0, 0x0, 0xf,
    0xff, 0xff, 0xff, 0xff, 0xff, 0xfc, 0x0, 0x0,
    0x0, 0x3f, 0x0, 0x0, 0x0, 0x0, 0xdf, 0xff,
    0xff, 0xff, 0xff, 0x90, 0x0, 0xe6, 0x22, 0x4f,
    0x22, 0x2a, 0xa0, 0x0, 0xee, 0xdd, 0xdf, 0xdd,
    0xde, 0xa0, 0x0, 0xe5, 0x0, 0x2f, 0x0, 0x9,
    0xa0, 0x0, 0xce, 0xee, 0xef, 0xee, 0xef, 0x90,
    0x0, 0x0, 0x0, 0x3f, 0x1, 0x1e, 0x60, 0xf,
    0xff, 0xff, 0xff, 0xee, 0xed, 0xf3, 0x2, 0x72,
    0x62, 0x3c, 0x10, 0x3, 0xb4, 0x2, 0xf2, 0xe5,
    0x9, 0x93, 0xa7, 0xe1, 0xc, 0xa0, 0xe7, 0x0,
    0x17, 0xd0, 0xc9, 0x1a, 0x10, 0x8f, 0xff, 0xff,
    0x60, 0x35,

    /* U+611F "感" */
    0x0, 0x0, 0x0, 0x0, 0x0, 0x0, 0x0, 0x0,
    0x0, 0x0, 0x0, 0x7, 0xd0, 0xa1, 0x0, 0x0,
    0x33, 0x33, 0x33, 0x7f, 0x3a, 0x82, 0x0, 0xf,
    0xff, 0xff, 0xff, 0xff, 0xff, 0xc0, 0x0, 0xf2,
    0x0, 0x0, 0x1f, 0x30, 0x30, 0x0, 0xf, 0x7e,
    0xee, 0xe6, 0xe5, 0x5e, 0x0, 0x0, 0xf1, 0x0,
    0x0, 0xb, 0x8d, 0x60, 0x0, 0x1f, 0x2f, 0xdd,
    0xf0, 0x7f, 0xd0, 0x70, 0x4, 0xf1, 0xe0, 0xf,
    0x7, 0xf5, 0x1e, 0x0, 0x9b, 0x1f, 0xbb, 0xf7,
    0xfd, 0xc7, 0xb0, 0xe, 0x50, 0x33, 0x47, 0x43,
    0xb, 0xe3, 0x0, 0x2a, 0x1c, 0x34, 0xf4, 0x0,
    0x55, 0x0, 0x7, 0xd0, 0xf4, 0x6, 0xb1, 0xf5,
    0xf1, 0x1, 0xf5, 0xe, 0x71, 0x11, 0x6e, 0xb,
    0xa0, 0x29, 0x0, 0x9f, 0xff, 0xff, 0x70, 0x23,
    0x0,

    /* U+6210 "成" */
    0x0, 0x0, 0x0, 0x0, 0x0, 0x0, 0x0, 0x0,
    0x0, 0x0, 0x0, 0x2f, 0x17, 0xa0, 0x0, 0x0,
    0x0, 0x0, 0x0, 0xf2, 0x2f, 0x70, 0x0, 0x2,
    0x22, 0x22, 0x2f, 0x52, 0x77, 0x10, 0x0, 0xff,
    0xff, 0xff, 0xff, 0xff, 0xfc, 0x0, 0xf, 0x20,
    0x0, 0xc, 0x60, 0x0, 0x0, 0x0, 0xf2, 0x0,
    0x0, 0xb8, 0x5, 0xc0, 0x0, 0xf, 0xff, 0xff,
    0x19, 0xa0, 0xb9, 0x0, 0x0, 0xf4, 0x24, 0xf0,
    0x6c, 0x3f, 0x20, 0x0, 0xf, 0x10, 0x2f, 0x3,
    0xfc, 0xa0, 0x0, 0x1, 0xf0, 0x3, 0xf0, 0xf,
    0xf1, 0x4, 0x0, 0x4e, 0x0, 0x6d, 0x3, 0xfa,
    0x1, 0xf0, 0x7, 0xca, 0xff, 0x62, 0xeb, 0xf1,
    0x4d, 0x0, 0xd7, 0x12, 0x12, 0xea, 0xb, 0xcb,
    0x90, 0x2e, 0x20, 0x0, 0x19, 0x0, 0x1d, 0xd2,
    0x0, 0x0, 0x0, 0x0, 0x0, 0x0, 0x0, 0x0,

    /* U+6237 "户" */
    0x0, 0x0, 0x0, 0x0, 0x0, 0x0, 0x0, 0x0,
    0x0, 0xe, 0x60, 0x0, 0x0, 0x0, 0x0, 0x0,
    0xad, 0x0, 0x0, 0x0, 0x2f, 0xff, 0xff, 0xff,
    0xff, 0xf5, 0x2, 0xf3, 0x22, 0x22, 0x22, 0x2f,
    0x50, 0x2f, 0x10, 0x0, 0x0, 0x0, 0xf5, 0x2,
    0xf1, 0x0, 0x0, 0x0, 0xf, 0x50, 0x2f, 0x31,
    0x11, 0x11, 0x11, 0xf5, 0x2, 0xff, 0xff, 0xff,
    0xff, 0xff, 0x50, 0x3f, 0x0, 0x0, 0x0, 0x0,
    0x0, 0x5, 0xe0, 0x0, 0x0, 0x0, 0x0, 0x0,
    0x8c, 0x0, 0x0, 0x0, 0x0, 0x0, 0xd, 0x80,
    0x0, 0x0, 0x0, 0x0, 0x6, 0xf2, 0x0, 0x0,
    0x0, 0x0, 0x0, 0x79, 0x0, 0x0, 0x0, 0x0,
    0x0, 0x0, 0x0, 0x0, 0x0, 0x0, 0x0, 0x0,

    /* U+6240 "所" */
    0x0, 0x0, 0x0, 0x0, 0x0, 0x0, 0x0, 0x0,
    0x4, 0x68, 0xce, 0x1, 0x46, 0xae, 0x60, 0x0,
    0xff, 0xc9, 0x52, 0xff, 0xeb, 0x72, 0x0, 0xf,
    0x20, 0x0, 0x2f, 0x10, 0x0, 0x0, 0x0, 0xf5,
    0x33, 0x2, 0xf0, 0x0, 0x0, 0x0, 0xf, 0xff,
    0xf2, 0x2f, 0x22, 0x22, 0x20, 0x0, 0xf2, 0xf,
    0x22, 0xff, 0xff, 0xff, 0x30, 0xf, 0x20, 0xf2,
    0x3f, 0x0, 0xf2, 0x0, 0x0, 0xff, 0xff, 0x24,
    0xe0, 0xf, 0x20, 0x0, 0x1f, 0x32, 0x20, 0x6d,
    0x0, 0xf2, 0x0, 0x4, 0xf0, 0x0, 0xb, 0xa0,
    0xf, 0x20, 0x0, 0x7d, 0x0, 0x2, 0xf5, 0x0,
    0xf2, 0x0, 0xc, 0x80, 0x0, 0xcd, 0x0, 0xf,
    0x20, 0x1, 0xe2, 0x0, 0x2e, 0x40, 0x0, 0xf2,
    0x0, 0x0, 0x0, 0x0, 0x0, 0x0, 0x0, 0x0,
    0x0,

    /* U+624B "手" */
    0x0, 0x23, 0x34, 0x57, 0x89, 0xbc, 0xe0, 0x0,
    0x3f, 0xff, 0xfe, 0xfd, 0xa9, 0x76, 0x0, 0x0,
    0x11, 0x0, 0xf, 0x50, 0x0, 0x0, 0x0, 0x0,
    0x0, 0x0, 0xf5, 0x0, 0x0, 0x0, 0x0, 0xff,
    0xff, 0xff, 0xff, 0xff, 0xf2, 0x0, 0x2, 0x22,
    0x22, 0xf7, 0x22, 0x22, 0x0, 0x0, 0x0, 0x0,
    0xf, 0x50, 0x0, 0x0, 0x0, 0x22, 0x22, 0x22,
    0xf7, 0x22, 0x22, 0x20, 0x1f, 0xff, 0xff, 0xff,
    0xff, 0xff, 0xff, 0x20, 0x0, 0x0, 0x0, 0xf5,
    0x0, 0x0, 0x0, 0x0, 0x0, 0x0, 0xf, 0x50,
    0x0, 0x0, 0x0, 0x0, 0x2, 0x24, 0xf5, 0x0,
    0x0, 0x0, 0x0, 0x0, 0xdf, 0xfc, 0x10, 0x0,
    0x0, 0x0,

    /* U+6253 "打" */
    0x0, 0xf, 0x50, 0x0, 0x0, 0x0, 0x0, 0x0,
    0xf, 0x50, 0x5d, 0xdd, 0xdd, 0xda, 0x0, 0xf,
    0x50, 0x49, 0x99, 0xfc, 0x97, 0xf, 0xff, 0xff,
    0x30, 0x0, 0xf6, 0x0, 0x2, 0x2f, 0x62, 0x0,
    0x0, 0xf6, 0x0, 0x0, 0xf, 0x50, 0x0, 0x0,
    0xf6, 0x0, 0x0, 0xf, 0x77, 0x20, 0x0, 0xf6,
    0x0, 0x3, 0x8f, 0xfe, 0x30, 0x0, 0xf6, 0x0,
    0x2f, 0xef, 0x70, 0x0, 0x0, 0xf6, 0x0, 0x3,
    0xf, 0x50, 0x0, 0x0, 0xf6, 0x0, 0x0, 0xf,
    0x50, 0x0, 0x0, 0xf6, 0x0, 0x0, 0xf, 0x50,
    0x0, 0x0, 0xf6, 0x0, 0x2, 0x3f, 0x40, 0x1,
    0x24, 0xf5, 0x0, 0xf, 0xfd, 0x10, 0x8, 0xff,
    0xc0, 0x0,

    /* U+6267 "执" */
    0x2, 0xe0, 0x0, 0x1f, 0x10, 0x0, 0x0, 0x2,
    0xf0, 0x0, 0x1f, 0x0, 0x0, 0x0, 0x2, 0xf0,
    0x0, 0x1f, 0x0, 0x0, 0x0, 0xcf, 0xff, 0x7f,
    0xff, 0xff, 0xf1, 0x0, 0x14, 0xf2, 0x2, 0x4f,
    0x23, 0xf1, 0x0, 0x2, 0xf0, 0x0, 0x2f, 0x1,
    0xf1, 0x0, 0x2, 0xfd, 0x77, 0x4f, 0x1, 0xf1,
    0x0, 0x7e, 0xf8, 0x5e, 0xfe, 0x0, 0xf1, 0x0,
    0xc9, 0xf0, 0x0, 0xbf, 0xc3, 0xf1, 0x0, 0x2,
    0xf0, 0x0, 0xda, 0xc8, 0xf2, 0x0, 0x2, 0xf0,
    0x3, 0xf4, 0x0, 0xf2, 0x82, 0x2, 0xf0, 0xc,
    0xc0, 0x0, 0xe3, 0xd1, 0x36, 0xf0, 0x8f, 0x20,
    0x0, 0xbb, 0xd0, 0xcf, 0xb2, 0xf5, 0x0, 0x0,
    0x4f, 0x60, 0x0, 0x0, 0x0, 0x0, 0x0, 0x0,
    0x0,

    /* U+626B "扫" */
    0x0, 0x4f, 0x0, 0x0, 0x0, 0x0, 0x0, 0x0,
    0x4f, 0x0, 0x8b, 0xbb, 0xbb, 0xb1, 0x0, 0x4f,
    0x0, 0xad, 0xdd, 0xdd, 0xf2, 0xf, 0xff, 0xfc,
    0x0, 0x0, 0x0, 0xf2, 0x2, 0x6f, 0x21, 0x0,
    0x0, 0x0, 0xf2, 0x0, 0x4f, 0x0, 0x0, 0x0,
    0x0, 0xf2, 0x0, 0x4f, 0x14, 0x12, 0x22, 0x22,
    0xf2, 0x2, 0x8f, 0xfb, 0x8f, 0xff, 0xff, 0xf2,
    0x4f, 0xef, 0x20, 0x0, 0x0, 0x0, 0xf2, 0x12,
    0x4f, 0x0, 0x0, 0x0, 0x0, 0xf2, 0x0, 0x4f,
    0x0, 0x0, 0x0, 0x0, 0xf2, 0x0, 0x4f, 0x0,
    0x22, 0x22, 0x22, 0xf2, 0x2, 0x7f, 0x5, 0xff,
    0xff, 0xff, 0xf2, 0x1f, 0xfa, 0x0, 0x0, 0x0,
    0x0, 0xf2, 0x0, 0x0, 0x0, 0x0, 0x0, 0x0,
    0x10,

    /* U+627E "找" */
    0x0, 0x0, 0x0, 0x0, 0x0, 0x0, 0x0, 0x0,
    0x0, 0xe3, 0x0, 0x4f, 0x7, 0x0, 0x0, 0x0,
    0xf, 0x30, 0x3, 0xf0, 0xbc, 0x10, 0x0, 0x0,
    0xf3, 0x0, 0x2f, 0x10, 0xba, 0x0, 0xf, 0xff,
    0xff, 0x1, 0xf2, 0x13, 0x76, 0x0, 0x22, 0xf5,
    0x39, 0xbf, 0xff, 0xfe, 0xc0, 0x0, 0xf, 0x30,
    0xa8, 0xf8, 0x20, 0x40, 0x0, 0x0, 0xf5, 0x70,
    0xc, 0x70, 0x5f, 0x20, 0x3, 0x8f, 0xfd, 0x10,
    0xaa, 0x3f, 0x60, 0x0, 0xfc, 0xf5, 0x0, 0x7,
    0xee, 0x90, 0x0, 0x1, 0xf, 0x30, 0x0, 0x8f,
    0x90, 0x3, 0x0, 0x0, 0xf3, 0x2, 0xbf, 0xf6,
    0x1, 0xf0, 0x0, 0xf, 0x39, 0xfc, 0x38, 0xd0,
    0x4d, 0x0, 0x67, 0xf3, 0x55, 0x0, 0x1f, 0xbc,
    0x90, 0xb, 0xeb, 0x0, 0x0, 0x0, 0x4e, 0xd2,
    0x0,

    /* U+62A2 "抢" */
    0x0, 0x5d, 0x0, 0x0, 0x4f, 0x40, 0x0, 0x0,
    0x5, 0xd0, 0x0, 0xc, 0xfc, 0x0, 0x0, 0x0,
    0x5d, 0x0, 0x6, 0xf3, 0xf6, 0x0, 0x0, 0xff,
    0xff, 0x62, 0xf8, 0x7, 0xf3, 0x0, 0x2, 0x7e,
    0x22, 0xec, 0x0, 0xb, 0xe3, 0x0, 0x5, 0xd1,
    0xdf, 0x42, 0x22, 0x3c, 0xf0, 0x0, 0x5d, 0x9,
    0xdf, 0xff, 0xff, 0x36, 0x0, 0x4a, 0xff, 0x4b,
    0x80, 0x0, 0xf2, 0x0, 0x1c, 0xbe, 0x10, 0xb8,
    0x0, 0x2f, 0x20, 0x0, 0x5, 0xd0, 0xb, 0x85,
    0xff, 0xc1, 0x0, 0x0, 0x5d, 0x0, 0xb8, 0x2,
    0x10, 0xc7, 0x0, 0x5, 0xd0, 0xb, 0x80, 0x0,
    0xc, 0x60, 0x1, 0x7d, 0x0, 0xab, 0x22, 0x24,
    0xf5, 0x0, 0xff, 0x90, 0x4, 0xef, 0xff, 0xfb,
    0x0, 0x2, 0x20, 0x0, 0x0, 0x0, 0x0, 0x0,
    0x0,

    /* U+62D4 "拔" */
    0x0, 0x0, 0x0, 0x0, 0x0, 0x0, 0x0, 0x0,
    0x2, 0xf0, 0x0, 0x8b, 0x6, 0xa0, 0x0, 0x0,
    0x2f, 0x0, 0x8, 0xb0, 0x2f, 0x70, 0x0, 0x2,
    0xf0, 0x2, 0xab, 0x22, 0x7a, 0x20, 0x9, 0xff,
    0xf7, 0xff, 0xff, 0xff, 0xff, 0x40, 0x14, 0xf2,
    0x10, 0xc7, 0x0, 0x0, 0x0, 0x0, 0x2f, 0x0,
    0xe, 0x72, 0x22, 0x20, 0x0, 0x2, 0xf6, 0x40,
    0xff, 0xff, 0xff, 0x30, 0x4, 0xaf, 0xf5, 0x4f,
    0xd0, 0x3, 0xf1, 0x0, 0xed, 0xf0, 0x9, 0xce,
    0x40, 0xab, 0x0, 0x1, 0x2f, 0x0, 0xe5, 0x7d,
    0x4f, 0x40, 0x0, 0x2, 0xf0, 0x6f, 0x0, 0xdf,
    0x90, 0x0, 0x0, 0x2f, 0xe, 0x70, 0x2d, 0xfa,
    0x0, 0x0, 0x26, 0xf8, 0xe1, 0x7f, 0xa4, 0xee,
    0x50, 0xc, 0xf9, 0x14, 0xae, 0x50, 0x1, 0x9f,
    0x10, 0x0, 0x0, 0x1, 0x0, 0x0, 0x0, 0x10,

    /* U+62DF "拟" */
    0x0, 0x7c, 0x0, 0x0, 0x50, 0x0, 0x0, 0x0,
    0x7c, 0x2, 0xf2, 0xf1, 0xe, 0x30, 0x0, 0x7c,
    0x2, 0xf0, 0xa8, 0xf, 0x30, 0xf, 0xff, 0xf4,
    0xf0, 0x3e, 0xf, 0x20, 0x2, 0x8d, 0x22, 0xf0,
    0x1, 0xf, 0x20, 0x0, 0x7c, 0x2, 0xf0, 0x0,
    0xf, 0x10, 0x0, 0x7e, 0xa2, 0xf0, 0x0, 0x2f,
    0x0, 0x6, 0xdf, 0xb3, 0xf0, 0x10, 0x3e, 0x0,
    0x2f, 0xdc, 0x2, 0xf1, 0xd4, 0x7b, 0x0, 0x1,
    0x7c, 0x2, 0xfd, 0xa0, 0xc8, 0x0, 0x0, 0x7c,
    0x3, 0xfb, 0x4, 0xff, 0x10, 0x0, 0x7c, 0x3,
    0xb0, 0x2e, 0x7d, 0xb0, 0x2, 0x9c, 0x0, 0x2,
    0xea, 0x3, 0xf4, 0x1f, 0xf6, 0x0, 0x9, 0xa0,
    0x0, 0x82, 0x0, 0x0, 0x0, 0x0, 0x0, 0x0,
    0x0,

    /* U+62E9 "择" */
    0x2, 0xf0, 0x0, 0x0, 0x0, 0x0, 0x0, 0x2,
    0xf0, 0xd, 0xff, 0xff, 0xff, 0x20, 0x2, 0xf0,
    0x9, 0xe3, 0x22, 0xad, 0x0, 0xbf, 0xff, 0x70,
    0xbc, 0x17, 0xf3, 0x0, 0x14, 0xf2, 0x10, 0xd,
    0xff, 0x40, 0x0, 0x2, 0xf0, 0x28, 0xdf, 0xad,
    0xfa, 0x60, 0x2, 0xfb, 0x6c, 0x71, 0x71, 0x49,
    0xb0, 0x6d, 0xfa, 0x1, 0x11, 0xf5, 0x11, 0x0,
    0xb9, 0xf0, 0x2f, 0xff, 0xff, 0xff, 0x60, 0x2,
    0xf0, 0x0, 0x0, 0xf4, 0x0, 0x0, 0x2, 0xf0,
    0x22, 0x22, 0xf5, 0x22, 0x20, 0x2, 0xf0, 0xff,
    0xff, 0xff, 0xff, 0xf0, 0x26, 0xf0, 0x0, 0x0,
    0xf3, 0x0, 0x0, 0xcf, 0xa0, 0x0, 0x0, 0xf3,
    0x0, 0x0,

    /* U+6301 "持" */
    0x0, 0x2f, 0x0, 0x0, 0xf, 0x40, 0x0, 0x0,
    0x2, 0xf0, 0x0, 0x0, 0xf4, 0x0, 0x0, 0x2,
    0x5f, 0x31, 0xff, 0xff, 0xff, 0xf7, 0x0, 0xcf,
    0xff, 0x72, 0x22, 0xf6, 0x22, 0x10, 0x0, 0x3f,
    0x0, 0x0, 0xf, 0x40, 0x0, 0x0, 0x2, 0xf0,
    0xbf, 0xff, 0xff, 0xff, 0xf2, 0x0, 0x2f, 0x75,
    0x22, 0x22, 0x3f, 0x42, 0x0, 0x6b, 0xff, 0x51,
    0x11, 0x12, 0xf3, 0x10, 0x1f, 0xbf, 0x8, 0xff,
    0xff, 0xff, 0xff, 0x0, 0x2, 0xf0, 0x6, 0x31,
    0x12, 0xf3, 0x10, 0x0, 0x2f, 0x0, 0xae, 0x10,
    0x1f, 0x20, 0x0, 0x2, 0xf0, 0x0, 0xca, 0x1,
    0xf2, 0x0, 0x2, 0x5f, 0x0, 0x1, 0x32, 0x6f,
    0x20, 0x0, 0xbf, 0xa0, 0x0, 0xa, 0xff, 0xb0,
    0x0, 0x0, 0x0, 0x0, 0x0, 0x0, 0x0, 0x0,
    0x0,

    /* U+6302 "挂" */
    0x2, 0xf0, 0x0, 0x0, 0xf3, 0x0, 0x0, 0x2,
    0xf0, 0x0, 0x0, 0xf3, 0x0, 0x0, 0x2, 0xf0,
    0x1c, 0xcc, 0xfd, 0xcc, 0x40, 0x9f, 0xff, 0x87,
    0x78, 0xf9, 0x77, 0x30, 0x14, 0xf2, 0x10, 0x0,
    0xf3, 0x0, 0x0, 0x2, 0xf0, 0x12, 0x23, 0xf5,
    0x22, 0x20, 0x2, 0xf6, 0xaf, 0xff, 0xff, 0xff,
    0xf0, 0x6d, 0xfa, 0x10, 0x0, 0xf3, 0x0, 0x0,
    0xcb, 0xf0, 0x2, 0x23, 0xf5, 0x22, 0x0, 0x2,
    0xf0, 0x3f, 0xff, 0xff, 0xff, 0x60, 0x2, 0xf0,
    0x0, 0x0, 0xf3, 0x0, 0x0, 0x2, 0xf0, 0x0,
    0x0, 0xf3, 0x0, 0x0, 0x25, 0xf0, 0xff, 0xff,
    0xff, 0xff, 0xf2, 0xbf, 0xa0, 0x22, 0x22, 0x22,
    0x22, 0x20,

    /* U+6307 "指" */
    0x0, 0x2f, 0x0, 0xf2, 0x0, 0x0, 0x40, 0x0,
    0x2f, 0x0, 0xf2, 0x15, 0xaf, 0xf1, 0x2, 0x5f,
    0x31, 0xfe, 0xfe, 0xa5, 0x20, 0xb, 0xff, 0xf8,
    0xf8, 0x30, 0x0, 0x6c, 0x1, 0x4f, 0x21, 0xf5,
    0x11, 0x11, 0x9a, 0x0, 0x2f, 0x0, 0x8f, 0xff,
    0xff, 0xf4, 0x0, 0x2f, 0x83, 0x0, 0x0, 0x0,
    0x0, 0x7, 0xdf, 0xc3, 0xff, 0xff, 0xff, 0xf2,
    0xd, 0xbf, 0x0, 0xf3, 0x11, 0x11, 0xf2, 0x0,
    0x2f, 0x0, 0xf3, 0x11, 0x11, 0xf2, 0x0, 0x2f,
    0x0, 0xff, 0xff, 0xff, 0xf2, 0x0, 0x2f, 0x0,
    0xf2, 0x0, 0x0, 0xf2, 0x2, 0x5f, 0x0, 0xff,
    0xff, 0xff, 0xf2, 0xc, 0xfa, 0x0, 0xf3, 0x11,
    0x11, 0xf2, 0x0, 0x0, 0x0, 0x30, 0x0, 0x0,
    0x30,

    /* U+6309 "按" */
    0x0, 0x0, 0x0, 0x0, 0x2, 0x0, 0x0, 0x0,
    0x2f, 0x0, 0x0, 0x5f, 0x10, 0x0, 0x0, 0x2f,
    0x1, 0x33, 0x4f, 0x83, 0x32, 0x0, 0x2f, 0x6,
    0xff, 0xff, 0xff, 0xfa, 0xb, 0xff, 0xfc, 0xd2,
    0x32, 0x22, 0x9a, 0x1, 0x4f, 0x25, 0x91, 0xf4,
    0x0, 0x68, 0x0, 0x2f, 0x0, 0x6, 0xe0, 0x0,
    0x0, 0x0, 0x2f, 0xcc, 0xff, 0xff, 0xff, 0xff,
    0x8, 0xef, 0x93, 0x5f, 0x42, 0x2f, 0x72, 0xb,
    0x9f, 0x0, 0x9c, 0x0, 0x4f, 0x10, 0x0, 0x2f,
    0x0, 0xde, 0x50, 0xca, 0x0, 0x0, 0x2f, 0x0,
    0x8, 0xfe, 0xf2, 0x0, 0x0, 0x2f, 0x0, 0x1,
    0xcf, 0xf8, 0x0, 0x2, 0x6f, 0x2, 0x8f, 0xd4,
    0x7f, 0xd3, 0xb, 0xfa, 0xf, 0xd6, 0x0, 0x2,
    0xb9, 0x0, 0x0, 0x1, 0x0, 0x0, 0x0, 0x0,

    /* U+6362 "换" */
    0x0, 0x0, 0x0, 0x0, 0x0, 0x0, 0x0, 0x0,
    0x9, 0xa0, 0x0, 0x8c, 0x0, 0x0, 0x0, 0x0,
    0x9a, 0x0, 0xe, 0xa2, 0x22, 0x0, 0x0, 0x9,
    0xa0, 0x8, 0xff, 0xff, 0xf4, 0x0, 0x1c, 0xee,
    0xc5, 0xf7, 0x0, 0x9d, 0x0, 0x0, 0x7c, 0xc8,
    0xfc, 0x22, 0x5f, 0x52, 0x0, 0x0, 0x9a, 0xb,
    0xff, 0xff, 0xff, 0xf2, 0x0, 0x9, 0xa4, 0x3f,
    0x2, 0xf0, 0xf, 0x20, 0x3, 0xcf, 0xf3, 0xf0,
    0x2f, 0x0, 0xf2, 0x1, 0xff, 0xc2, 0x5f, 0x24,
    0xf2, 0x2f, 0x40, 0x3, 0x9a, 0x5f, 0xff, 0xff,
    0xff, 0xff, 0x10, 0x9, 0xa0, 0x0, 0x9, 0xf7,
    0x0, 0x0, 0x0, 0x9a, 0x0, 0x7, 0xf7, 0xf5,
    0x0, 0x0, 0x2b, 0x91, 0x6d, 0xf5, 0x5, 0xfa,
    0x30, 0x1f, 0xf5, 0x6e, 0x81, 0x0, 0x2, 0xad,
    0x0, 0x0, 0x0, 0x0, 0x0, 0x0, 0x0, 0x0,

    /* U+636E "据" */
    0x2, 0xf0, 0x0, 0x0, 0x0, 0x0, 0x0, 0x2,
    0xf0, 0xf, 0xff, 0xff, 0xff, 0xf0, 0x2, 0xf0,
    0xf, 0x41, 0x11, 0x14, 0xf0, 0xbe, 0xfe, 0x4f,
    0x31, 0x11, 0x14, 0xf0, 0x58, 0xf6, 0x2f, 0xff,
    0xff, 0xff, 0xf0, 0x2, 0xf1, 0x1f, 0x20, 0xf,
    0x20, 0x0, 0x4, 0xff, 0x5f, 0xff, 0xff, 0xff,
    0xf5, 0xaf, 0xf5, 0x1f, 0x31, 0x1f, 0x31, 0x10,
    0xa8, 0xf0, 0x3f, 0x0, 0xf, 0x20, 0x0, 0x2,
    0xf0, 0x5e, 0x6f, 0xff, 0xff, 0xc0, 0x2, 0xf0,
    0x9b, 0x6c, 0x11, 0x17, 0xc0, 0x2, 0xf0, 0xf6,
    0x6c, 0x0, 0x6, 0xc0, 0x26, 0xf8, 0xf1, 0x6f,
    0xff, 0xff, 0xc0, 0xcf, 0xa5, 0x80, 0x6c, 0x11,
    0x17, 0xc0, 0x0, 0x0, 0x0, 0x0, 0x0, 0x1,
    0x20,

    /* U+6389 "掉" */
    0x0, 0x5b, 0x0, 0x0, 0x2f, 0x0, 0x0, 0x0,
    0x6, 0xd0, 0x0, 0x2, 0xf1, 0x11, 0x10, 0x0,
    0x6d, 0x0, 0x0, 0x2f, 0xff, 0xfe, 0x0, 0xbd,
    0xfb, 0x31, 0x13, 0xf1, 0x11, 0x0, 0x4, 0x8e,
    0x42, 0xff, 0xff, 0xff, 0xf2, 0x0, 0x6, 0xd0,
    0x1f, 0x20, 0x0, 0xf, 0x20, 0x0, 0x6e, 0x94,
    0xff, 0xff, 0xff, 0xf2, 0x2, 0xae, 0xfa, 0x3f,
    0x20, 0x0, 0xf, 0x20, 0x29, 0x9d, 0x1, 0xff,
    0xff, 0xff, 0xf2, 0x0, 0x6, 0xd0, 0x1, 0x11,
    0xf2, 0x11, 0x0, 0x0, 0x6d, 0x2, 0x22, 0x2f,
    0x32, 0x22, 0x0, 0x6, 0xd2, 0xff, 0xff, 0xff,
    0xff, 0xf1, 0x2, 0x8d, 0x0, 0x0, 0x1f, 0x10,
    0x0, 0x1, 0xff, 0x70, 0x0, 0x1, 0xf1, 0x0,
    0x0,

    /* U+63A5 "接" */
    0x0, 0x0, 0x0, 0x0, 0x1, 0x0, 0x0, 0x0,
    0x2, 0xf0, 0x0, 0x4, 0xf2, 0x0, 0x0, 0x0,
    0x2f, 0x0, 0x11, 0x2f, 0x71, 0x10, 0x0, 0x2,
    0xf0, 0x7f, 0xff, 0xff, 0xff, 0xa0, 0x9, 0xdf,
    0xd4, 0xf, 0x30, 0x1f, 0x10, 0x0, 0x25, 0xf3,
    0x10, 0xb7, 0x6, 0xd0, 0x0, 0x0, 0x2f, 0xe,
    0xff, 0xff, 0xff, 0xff, 0x0, 0x2, 0xf8, 0x42,
    0x39, 0x22, 0x22, 0x20, 0x4, 0xbf, 0xd3, 0x17,
    0xe1, 0x11, 0x11, 0x0, 0xdb, 0xf1, 0xff, 0xff,
    0xff, 0xff, 0xf1, 0x0, 0x2f, 0x0, 0x6e, 0x0,
    0x1f, 0x30, 0x0, 0x2, 0xf0, 0xd, 0xe7, 0xb,
    0xb0, 0x0, 0x0, 0x2f, 0x0, 0x5, 0xdf, 0xf3,
    0x0, 0x0, 0x26, 0xf0, 0x15, 0xaf, 0xcc, 0xf8,
    0x10, 0xc, 0xfa, 0xf, 0xe9, 0x30, 0x4, 0xcb,
    0x0, 0x0, 0x0, 0x10, 0x0, 0x0, 0x0, 0x0,

    /* U+63A8 "推" */
    0x0, 0x0, 0x0, 0x0, 0x0, 0x0, 0x0, 0x0,
    0x7, 0xc0, 0x2, 0xf2, 0x3c, 0x0, 0x0, 0x0,
    0x7c, 0x0, 0x7e, 0x0, 0xf3, 0x0, 0x0, 0x17,
    0xd1, 0xd, 0xc5, 0x5d, 0xa5, 0x50, 0xf, 0xff,
    0xf5, 0xfc, 0xcc, 0xfc, 0xcc, 0x0, 0x17, 0xd1,
    0xcf, 0x30, 0x1f, 0x10, 0x0, 0x0, 0x7c, 0x4f,
    0xf4, 0x13, 0xf2, 0x11, 0x0, 0x7, 0xc3, 0x6f,
    0xff, 0xff, 0xff, 0xc0, 0x3, 0xaf, 0xf2, 0xf3,
    0x1, 0xf1, 0x0, 0x1, 0xfe, 0xd2, 0xf, 0x42,
    0x3f, 0x22, 0x10, 0x1, 0x7c, 0x0, 0xff, 0xff,
    0xff, 0xfc, 0x0, 0x7, 0xc0, 0xf, 0x30, 0x1f,
    0x10, 0x0, 0x0, 0x7c, 0x0, 0xf4, 0x12, 0xf2,
    0x11, 0x0, 0x7c, 0xc0, 0xf, 0xff, 0xff, 0xff,
    0xf2, 0xc, 0xc5, 0x0, 0xf4, 0x11, 0x11, 0x11,
    0x0,

    /* U+63CF "描" */
    0x2, 0xf0, 0x0, 0xf4, 0x6, 0xc0, 0x0, 0x2f,
    0x4, 0x6f, 0x86, 0xad, 0x66, 0x48, 0xf7, 0xde,
    0xfe, 0xee, 0xfe, 0xe7, 0xcf, 0xc3, 0xf, 0x40,
    0x6c, 0x0, 0x2, 0xf0, 0x0, 0x41, 0x2, 0x30,
    0x0, 0x2f, 0x6, 0xff, 0xff, 0xff, 0xf4, 0x3,
    0xfe, 0x8d, 0x24, 0xf2, 0x2e, 0x49, 0xff, 0xb7,
    0xc0, 0x2f, 0x0, 0xe4, 0xdb, 0xf0, 0x6d, 0x24,
    0xf2, 0x2e, 0x40, 0x2f, 0x6, 0xff, 0xff, 0xff,
    0xf4, 0x2, 0xf0, 0x6c, 0x2, 0xf0, 0xe, 0x40,
    0x2f, 0x6, 0xc1, 0x3f, 0x11, 0xe4, 0x15, 0xf0,
    0x6f, 0xff, 0xff, 0xff, 0x4a, 0xf9, 0x6, 0xd1,
    0x11, 0x11, 0xe4, 0x0, 0x0, 0x12, 0x0, 0x0,
    0x3, 0x0,

    /* U+641C "搜" */
    0x2, 0xf0, 0x0, 0x0, 0xf2, 0x0, 0x0, 0x2,
    0xf0, 0x0, 0x78, 0xf2, 0x0, 0x0, 0x2, 0xf0,
    0x1f, 0xe7, 0xf2, 0xff, 0xf0, 0x6a, 0xfa, 0x3f,
    0x0, 0xf2, 0x2, 0xf0, 0x48, 0xf6, 0x3f, 0xfa,
    0xf2, 0xef, 0xf0, 0x2, 0xf0, 0x1f, 0x0, 0xf2,
    0x2, 0xf0, 0x3, 0xfd, 0x4f, 0xee, 0xfe, 0xee,
    0xf0, 0x8f, 0xf5, 0x0, 0x0, 0xf2, 0x0, 0x0,
    0x44, 0xf0, 0xf, 0xff, 0xff, 0xff, 0xa0, 0x2,
    0xf0, 0xa, 0xd1, 0x0, 0x6f, 0x50, 0x2, 0xf0,
    0x0, 0xdb, 0x7, 0xf9, 0x0, 0x2, 0xf0, 0x0,
    0x1d, 0xef, 0x90, 0x0, 0x15, 0xf0, 0x26, 0xaf,
    0xef, 0xe8, 0x41, 0x9f, 0xa4, 0xfd, 0x83, 0x3,
    0x9d, 0xfa, 0x0, 0x0, 0x10, 0x0, 0x0, 0x0,
    0x11,

    /* U+64AD "播" */
    0x0, 0xf2, 0x0, 0x12, 0x45, 0x7a, 0x60, 0x0,
    0xf2, 0xbf, 0xff, 0xfc, 0xba, 0x50, 0x13, 0xf5,
    0x2d, 0x22, 0xf0, 0x5d, 0x0, 0x6f, 0xff, 0x46,
    0x92, 0xf0, 0xc4, 0x0, 0x0, 0xf2, 0xff, 0xff,
    0xff, 0xff, 0xf1, 0x0, 0xf3, 0x11, 0xcd, 0xfd,
    0xa1, 0x0, 0x0, 0xff, 0x4c, 0xd3, 0xf2, 0xeb,
    0x10, 0x5e, 0xfb, 0xfb, 0x11, 0x80, 0x1c, 0xf3,
    0x69, 0xf2, 0xbf, 0xff, 0xff, 0xff, 0x90, 0x0,
    0xf2, 0x6b, 0x2, 0xf0, 0xe, 0x30, 0x0, 0xf2,
    0x6f, 0xee, 0xfe, 0xef, 0x30, 0x0, 0xf2, 0x6b,
    0x2, 0xf0, 0xe, 0x30, 0x13, 0xf2, 0x6f, 0xff,
    0xff, 0xff, 0x30, 0x6f, 0xc0, 0x6b, 0x0, 0x0,
    0xe, 0x30,

    /* U+64CD "操" */
    0x0, 0xf2, 0x0, 0x0, 0x0, 0x0, 0x0, 0x0,
    0xf2, 0x7, 0xff, 0xff, 0xff, 0x10, 0x0, 0xf2,
    0x7, 0xc0, 0x0, 0x2f, 0x10, 0x4d, 0xfd, 0x57,
    0xfc, 0xcc, 0xdf, 0x10, 0x15, 0xf7, 0x21, 0x22,
    0x22, 0x22, 0x0, 0x0, 0xf2, 0x4f, 0xff, 0x5c,
    0xff, 0xd0, 0x0, 0xf8, 0x4c, 0xa, 0x5c, 0x32,
    0xd0, 0x3a, 0xfd, 0x4f, 0xdf, 0x5c, 0xee, 0xd0,
    0x69, 0xf2, 0x0, 0x0, 0x84, 0x0, 0x0, 0x0,
    0xf2, 0xff, 0xff, 0xff, 0xff, 0xf4, 0x0, 0xf2,
    0x11, 0x2d, 0xff, 0x71, 0x10, 0x0, 0xf2, 0x3,
    0xda, 0xca, 0xf7, 0x0, 0x13, 0xf3, 0x9f, 0x70,
    0xc6, 0x4e, 0xd3, 0x6f, 0xc3, 0xa2, 0x0, 0xc6,
    0x1, 0x94,

    /* U+652F "支" */
    0x0, 0x0, 0x0, 0x3f, 0x10, 0x0, 0x0, 0x0,
    0x0, 0x0, 0x3f, 0x10, 0x0, 0x0, 0xf, 0xff,
    0xff, 0xff, 0xff, 0xff, 0xfe, 0x2, 0x22, 0x22,
    0x5f, 0x32, 0x22, 0x22, 0x0, 0x0, 0x0, 0x3f,
    0x10, 0x0, 0x0, 0x0, 0x2, 0x22, 0x5f, 0x32,
    0x22, 0x0, 0x0, 0x3f, 0xff, 0xff, 0xff, 0xff,
    0x10, 0x0, 0xd, 0xa0, 0x0, 0x0, 0xcc, 0x0,
    0x0, 0x3, 0xf5, 0x0, 0x9, 0xf2, 0x0, 0x0,
    0x0, 0x7f, 0x50, 0x8f, 0x50, 0x0, 0x0, 0x0,
    0x7, 0xfc, 0xf6, 0x0, 0x0, 0x0, 0x0, 0x29,
    0xff, 0xe6, 0x0, 0x0, 0x2, 0x7c, 0xfd, 0x61,
    0x9f, 0xfa, 0x62, 0xf, 0xfa, 0x40, 0x0, 0x1,
    0x6c, 0xfb, 0x3, 0x0, 0x0, 0x0, 0x0, 0x0,
    0x12,

    /* U+6536 "收" */
    0x0, 0x0, 0x0, 0x0, 0x0, 0x0, 0x0, 0x0,
    0x2, 0xf0, 0x6, 0xe0, 0x0, 0x0, 0x0, 0x2,
    0xf0, 0xa, 0xc0, 0x0, 0x0, 0x2d, 0x2, 0xf0,
    0x1f, 0x92, 0x22, 0x21, 0x2f, 0x2, 0xf0, 0x7f,
    0xff, 0xff, 0xf8, 0x2f, 0x2, 0xf0, 0xec, 0x0,
    0xf, 0x20, 0x2f, 0x2, 0xf7, 0xff, 0x0, 0x3f,
    0x0, 0x2f, 0x2, 0xfa, 0x7e, 0x30, 0x7c, 0x0,
    0x2f, 0x2, 0xf0, 0xa, 0xa0, 0xc8, 0x0, 0x2f,
    0x6, 0xf0, 0x3, 0xf6, 0xf2, 0x0, 0x4f, 0xef,
    0xf0, 0x0, 0xaf, 0xa0, 0x0, 0x4e, 0x84, 0xf0,
    0x0, 0xaf, 0xb0, 0x0, 0x0, 0x2, 0xf0, 0xb,
    0xf6, 0xfc, 0x10, 0x0, 0x2, 0xf3, 0xde, 0x30,
    0x3e, 0xe4, 0x0, 0x2, 0xf8, 0xc1, 0x0, 0x1,
    0xc3, 0x0, 0x0, 0x0, 0x0, 0x0, 0x0, 0x0,

    /* U+653E "放" */
    0x0, 0x3, 0x30, 0x0, 0x5, 0x0, 0x0, 0x0,
    0x0, 0xab, 0x0, 0x4, 0xf1, 0x0, 0x0, 0x2,
    0x26, 0xf3, 0x20, 0x9c, 0x0, 0x0, 0x0, 0xff,
    0xff, 0xff, 0x5f, 0xff, 0xff, 0xf0, 0x0, 0xb7,
    0x0, 0x8, 0xf2, 0x28, 0xd2, 0x0, 0xc, 0x70,
    0x2, 0xff, 0x10, 0x8a, 0x0, 0x0, 0xcf, 0xff,
    0xa9, 0xd5, 0xc, 0x70, 0x0, 0xd, 0x72, 0xa8,
    0x9, 0xa1, 0xf3, 0x0, 0x0, 0xe5, 0xa, 0x70,
    0x4f, 0x9e, 0x0, 0x0, 0xf, 0x30, 0xb7, 0x0,
    0xdf, 0x80, 0x0, 0x2, 0xf1, 0xb, 0x60, 0xa,
    0xf4, 0x0, 0x0, 0x7d, 0x0, 0xc5, 0x6, 0xfd,
    0xe2, 0x0, 0xd, 0x82, 0x4f, 0x47, 0xf7, 0x1d,
    0xe2, 0x4, 0xf1, 0xcf, 0xc8, 0xf7, 0x0, 0x1c,
    0xd0, 0x3, 0x0, 0x0, 0x14, 0x0, 0x0, 0x3,
    0x0,

    /* U+6548 "效" */
    0x0, 0x3, 0x50, 0x0, 0x6, 0x30, 0x0, 0x0,
    0x0, 0x5f, 0x0, 0x0, 0xe4, 0x0, 0x0, 0x9,
    0x9a, 0xfa, 0x96, 0x4f, 0x22, 0x22, 0x0, 0x88,
    0x88, 0x88, 0x5a, 0xff, 0xff, 0xf0, 0x0, 0x69,
    0x2c, 0x2, 0xf5, 0x3, 0xf0, 0x0, 0x1e, 0x40,
    0xba, 0x9f, 0x80, 0x6c, 0x0, 0xc, 0xa0, 0x1,
    0xe9, 0x7c, 0x9, 0x90, 0x1, 0xb6, 0x20, 0xe7,
    0x61, 0xf2, 0xe4, 0x0, 0x0, 0xae, 0x7e, 0x0,
    0xc, 0xce, 0x0, 0x0, 0x0, 0xcf, 0x70, 0x0,
    0x5f, 0x70, 0x0, 0x0, 0x9, 0xfb, 0x0, 0x9,
    0xfb, 0x0, 0x0, 0x8, 0xf5, 0xe9, 0x8, 0xf5,
    0xfa, 0x0, 0xb, 0xf4, 0x4, 0x8a, 0xf4, 0x4,
    0xfb, 0x0, 0xa2, 0x0, 0x1, 0xc3, 0x0, 0x4,
    0xa0, 0x0, 0x0, 0x0, 0x0, 0x0, 0x0, 0x0,
    0x0,

    /* U+6570 "数" */
    0x0, 0x0, 0x0, 0x0, 0x0, 0x0, 0x0, 0x0,
    0x22, 0xe, 0x30, 0x40, 0x7b, 0x0, 0x0, 0x6,
    0xb0, 0xe3, 0x7b, 0xa, 0x90, 0x0, 0x0, 0xd,
    0x4e, 0x4f, 0x30, 0xf6, 0x11, 0x10, 0x0, 0x31,
    0xe3, 0x60, 0x5f, 0xff, 0xff, 0x20, 0xef, 0xff,
    0xff, 0xfc, 0xd7, 0x8f, 0x70, 0x0, 0x3c, 0xfb,
    0x53, 0xfc, 0x4, 0xe0, 0x0, 0xba, 0x2b, 0x38,
    0x86, 0xf0, 0x8b, 0x0, 0x1, 0xc, 0x60, 0x0,
    0xd, 0x5d, 0x70, 0x0, 0xff, 0xff, 0xff, 0x80,
    0x7e, 0xf2, 0x0, 0x0, 0xc9, 0x1, 0xe4, 0x1,
    0xfa, 0x0, 0x0, 0x1b, 0xe7, 0xba, 0x0, 0x9f,
    0xf2, 0x0, 0x0, 0x9, 0xff, 0x91, 0x7f, 0x4b,
    0xe2, 0x0, 0x9e, 0xe6, 0x4c, 0xbf, 0x50, 0xc,
    0xe0, 0x8, 0x40, 0x0, 0x3, 0x40, 0x0, 0x6,
    0x0,

    /* U+6587 "文" */
    0x0, 0x0, 0x0, 0x26, 0x0, 0x0, 0x0, 0x0,
    0x0, 0x0, 0x5, 0xf2, 0x0, 0x0, 0x0, 0x2,
    0x22, 0x22, 0x3f, 0x92, 0x22, 0x22, 0x0, 0xff,
    0xff, 0xff, 0xff, 0xff, 0xff, 0xe0, 0x0, 0x8,
    0xd0, 0x0, 0x0, 0xf6, 0x0, 0x0, 0x0, 0x2f,
    0x30, 0x0, 0x5f, 0x10, 0x0, 0x0, 0x0, 0xc9,
    0x0, 0xc, 0xa0, 0x0, 0x0, 0x0, 0x5, 0xf3,
    0x5, 0xf3, 0x0, 0x0, 0x0, 0x0, 0xb, 0xd2,
    0xea, 0x0, 0x0, 0x0, 0x0, 0x0, 0x1e, 0xfd,
    0x0, 0x0, 0x0, 0x0, 0x0, 0x4, 0xef, 0xe4,
    0x0, 0x0, 0x0, 0x0, 0x3b, 0xfb, 0x2b, 0xfb,
    0x30, 0x0, 0x5, 0xcf, 0xd5, 0x0, 0x5, 0xdf,
    0xc7, 0x0, 0xdd, 0x60, 0x0, 0x0, 0x0, 0x5c,
    0xb0, 0x1, 0x0, 0x0, 0x0, 0x0, 0x0, 0x0,
    0x0,

    /* U+6597 "斗" */
    0x0, 0x1, 0x0, 0x0, 0xf6, 0x0, 0x0, 0x0,
    0x7f, 0x70, 0x0, 0xf6, 0x0, 0x0, 0x0, 0x8,
    0xfc, 0x20, 0xf6, 0x0, 0x0, 0x0, 0x0, 0x2c,
    0xc0, 0xf6, 0x0, 0x0, 0x5, 0x40, 0x0, 0x20,
    0xf6, 0x0, 0x0, 0x9, 0xfb, 0x10, 0x0, 0xf6,
    0x0, 0x0, 0x0, 0x4e, 0xf5, 0x0, 0xf6, 0x0,
    0x0, 0x0, 0x0, 0x95, 0x0, 0xf6, 0x0, 0x0,
    0x0, 0x0, 0x2, 0x35, 0xfb, 0x9b, 0xc0, 0x9c,
    0xdf, 0xff, 0xff, 0xfe, 0xba, 0x80, 0x99, 0x86,
    0x53, 0x20, 0xf6, 0x0, 0x0, 0x0, 0x0, 0x0,
    0x0, 0xf6, 0x0, 0x0, 0x0, 0x0, 0x0, 0x0,
    0xf6, 0x0, 0x0, 0x0, 0x0, 0x0, 0x0, 0xf6,
    0x0, 0x0,

    /* U+659C "斜" */
    0x0, 0x5, 0xf7, 0x0, 0x0, 0xf, 0x20, 0x0,
    0xd, 0xbf, 0x40, 0x60, 0xf, 0x20, 0x0, 0x8e,
    0x7, 0xe2, 0xe8, 0xf, 0x20, 0x4, 0xf5, 0x0,
    0xbb, 0x3f, 0x4f, 0x20, 0x2f, 0xc2, 0x22, 0x48,
    0x3, 0xf, 0x20, 0xb, 0xef, 0xff, 0xf1, 0x60,
    0xf, 0x20, 0x0, 0x1, 0xf2, 0x3, 0xe9, 0xf,
    0x20, 0xf, 0xff, 0xff, 0xf9, 0x19, 0xf, 0x20,
    0x2, 0x22, 0xf4, 0x21, 0x0, 0x2f, 0x95, 0x2,
    0xe1, 0xf6, 0xc6, 0xdf, 0xff, 0xd7, 0x7, 0xa1,
    0xf2, 0xd8, 0x75, 0x2f, 0x20, 0xe, 0x41, 0xf2,
    0x68, 0x0, 0xf, 0x20, 0x3c, 0x14, 0xf2, 0x0,
    0x0, 0xf, 0x20, 0x0, 0xaf, 0xc0, 0x0, 0x0,
    0xf, 0x20,

    /* U+65AD "断" */
    0x0, 0x0, 0xf1, 0x0, 0x0, 0x2, 0x60, 0x2f,
    0x40, 0xf1, 0x24, 0x59, 0xdf, 0xf0, 0x2f, 0x93,
    0xf1, 0xb7, 0xfc, 0x85, 0x10, 0x2f, 0x3a, 0xf6,
    0xe0, 0xf2, 0x0, 0x0, 0x2f, 0x2, 0xf2, 0x20,
    0xf2, 0x0, 0x0, 0x2f, 0xaf, 0xff, 0xf5, 0xff,
    0xff, 0xf6, 0x2f, 0x16, 0xf3, 0x20, 0xf6, 0x4f,
    0x61, 0x2f, 0xc, 0xfc, 0x20, 0xf2, 0xf, 0x20,
    0x2f, 0x6b, 0xf7, 0xe5, 0xf1, 0xf, 0x20, 0x2f,
    0xc2, 0xf1, 0x33, 0xf0, 0xf, 0x20, 0x2f, 0x10,
    0xf1, 0x4, 0xd0, 0xf, 0x20, 0x2f, 0x0, 0x20,
    0x8, 0xa0, 0xf, 0x20, 0x2f, 0xff, 0xff, 0xcd,
    0x50, 0xf, 0x20, 0x2, 0x22, 0x22, 0x3d, 0x0,
    0xf, 0x20, 0x0, 0x0, 0x0, 0x0, 0x0, 0x0,
    0x0,

    /* U+65B0 "新" */
    0x0, 0x2, 0x90, 0x0, 0x0, 0x0, 0x0, 0x0,
    0x1, 0x3f, 0x41, 0x10, 0x36, 0x8c, 0xd0, 0x9,
    0xff, 0xff, 0xfa, 0x6f, 0xeb, 0x83, 0x0, 0x9,
    0x70, 0x5c, 0x6, 0xf0, 0x0, 0x0, 0x0, 0x6a,
    0x8, 0x80, 0x6f, 0x0, 0x0, 0x0, 0x7a, 0xe7,
    0xda, 0x76, 0xf2, 0x22, 0x20, 0xa, 0xaa, 0xfb,
    0xaa, 0x6f, 0xff, 0xff, 0x20, 0x12, 0x2f, 0x42,
    0x16, 0xf0, 0x2f, 0x0, 0xc, 0xff, 0xff, 0xfc,
    0x6e, 0x2, 0xf0, 0x0, 0x4, 0xf, 0x33, 0x7,
    0xd0, 0x2f, 0x0, 0x1, 0xf1, 0xf6, 0xe1, 0xab,
    0x2, 0xf0, 0x0, 0x8a, 0xf, 0x39, 0x9e, 0x70,
    0x2f, 0x0, 0xe, 0x33, 0xf2, 0x5, 0xf2, 0x2,
    0xf0, 0x0, 0x7, 0xfd, 0x0, 0xab, 0x0, 0x2f,
    0x0, 0x0, 0x0, 0x0, 0x0, 0x0, 0x0, 0x20,
    0x0,

    /* U+65B9 "方" */
    0x0, 0x0, 0x0, 0x0, 0x0, 0x0, 0x0, 0x0,
    0x0, 0x0, 0x5f, 0x20, 0x0, 0x0, 0x0, 0x0,
    0x0, 0xf, 0x90, 0x0, 0x0, 0xe, 0xff, 0xff,
    0xff, 0xff, 0xff, 0xff, 0x2, 0x22, 0x6f, 0x22,
    0x22, 0x22, 0x22, 0x0, 0x0, 0x5f, 0x0, 0x0,
    0x0, 0x0, 0x0, 0x0, 0x6e, 0x0, 0x0, 0x0,
    0x0, 0x0, 0x0, 0x8f, 0xff, 0xff, 0xff, 0x50,
    0x0, 0x0, 0xac, 0x22, 0x22, 0x3f, 0x40, 0x0,
    0x0, 0xd8, 0x0, 0x0, 0x1f, 0x30, 0x0, 0x2,
    0xf4, 0x0, 0x0, 0x2f, 0x20, 0x0, 0x9, 0xe0,
    0x0, 0x0, 0x3f, 0x10, 0x0, 0x4f, 0x70, 0x0,
    0x0, 0x4f, 0x0, 0x2, 0xec, 0x0, 0x2, 0x23,
    0xcd, 0x0, 0xd, 0xd1, 0x0, 0x2f, 0xff, 0xd4,
    0x0, 0x2, 0x10, 0x0, 0x0, 0x0, 0x0, 0x0,

    /* U+65E0 "无" */
    0x1, 0xff, 0xff, 0xff, 0xff, 0xff, 0xf0, 0x0,
    0x22, 0x22, 0xac, 0x22, 0x22, 0x20, 0x0, 0x0,
    0x0, 0xab, 0x0, 0x0, 0x0, 0x0, 0x0, 0x0,
    0xab, 0x0, 0x0, 0x0, 0x2, 0x22, 0x22, 0xcb,
    0x22, 0x22, 0x22, 0xf, 0xff, 0xff, 0xff, 0xff,
    0xff, 0xff, 0x0, 0x0, 0x2, 0xf4, 0x0, 0x0,
    0x0, 0x0, 0x0, 0x8, 0xe6, 0xc0, 0x0, 0x0,
    0x0, 0x0, 0x1e, 0x97, 0xe0, 0x0, 0x0, 0x0,
    0x0, 0xae, 0x17, 0xe0, 0x0, 0x8d, 0x0, 0x9,
    0xf4, 0x7, 0xe0, 0x0, 0x8c, 0x1, 0xbf, 0x50,
    0x6, 0xf4, 0x22, 0xcb, 0xd, 0xe3, 0x0, 0x1,
    0xcf, 0xff, 0xe4, 0x2, 0x10, 0x0, 0x0, 0x0,
    0x0, 0x0,

    /* U+65E5 "日" */
    0x6f, 0xff, 0xff, 0xff, 0xff, 0x66, 0xf2, 0x22,
    0x22, 0x22, 0xf6, 0x6f, 0x0, 0x0, 0x0, 0xf,
    0x66, 0xf0, 0x0, 0x0, 0x0, 0xf6, 0x6f, 0x0,
    0x0, 0x0, 0xf, 0x66, 0xf2, 0x22, 0x22, 0x22,
    0xf6, 0x6f, 0xff, 0xff, 0xff, 0xff, 0x66, 0xf0,
    0x0, 0x0, 0x0, 0xf6, 0x6f, 0x0, 0x0, 0x0,
    0xf, 0x66, 0xf0, 0x0, 0x0, 0x0, 0xf6, 0x6f,
    0x22, 0x22, 0x22, 0x2f, 0x66, 0xff, 0xff, 0xff,
    0xff, 0xf6, 0x6f, 0x0, 0x0, 0x0, 0xf, 0x60,
    0x0, 0x0, 0x0, 0x0, 0x0,

    /* U+65F6 "时" */
    0x0, 0x0, 0x0, 0x0, 0x0, 0x2f, 0x0, 0x2e,
    0xee, 0xe2, 0x0, 0x0, 0x2f, 0x0, 0x2f, 0x77,
    0xf2, 0x0, 0x0, 0x2f, 0x0, 0x2f, 0x0, 0xf5,
    0xff, 0xff, 0xff, 0xf9, 0x2f, 0x0, 0xf2, 0x22,
    0x22, 0x4f, 0x21, 0x2f, 0x0, 0xf2, 0x36, 0x0,
    0x2f, 0x0, 0x2f, 0xff, 0xf2, 0x6f, 0x20, 0x2f,
    0x0, 0x2f, 0x22, 0xf2, 0xc, 0xc0, 0x2f, 0x0,
    0x2f, 0x0, 0xf2, 0x3, 0xf5, 0x2f, 0x0, 0x2f,
    0x0, 0xf2, 0x0, 0x40, 0x2f, 0x0, 0x2f, 0x0,
    0xf2, 0x0, 0x0, 0x2f, 0x0, 0x2f, 0xff, 0xf2,
    0x0, 0x0, 0x2f, 0x0, 0x2f, 0x22, 0x20, 0x2,
    0x55, 0x9f, 0x0, 0x17, 0x0, 0x0, 0x6, 0xff,
    0xe7, 0x0,

    /* U+661F "星" */
    0x6, 0xff, 0xff, 0xff, 0xff, 0xfb, 0x0, 0x6e,
    0x0, 0x0, 0x0, 0x9, 0xb0, 0x6, 0xfe, 0xee,
    0xee, 0xee, 0xfb, 0x0, 0x6e, 0x0, 0x0, 0x0,
    0x9, 0xb0, 0x6, 0xff, 0xff, 0xff, 0xff, 0xfb,
    0x0, 0x7, 0x40, 0xd, 0x70, 0x0, 0x0, 0x2,
    0xf7, 0x11, 0xd8, 0x11, 0x11, 0x0, 0xcf, 0xff,
    0xff, 0xff, 0xff, 0xf7, 0x9e, 0x30, 0x0, 0xd7,
    0x0, 0x0, 0x5, 0x3f, 0xff, 0xff, 0xff, 0xff,
    0xf0, 0x0, 0x0, 0x0, 0xd7, 0x0, 0x0, 0xc,
    0xff, 0xff, 0xff, 0xff, 0xff, 0xff, 0x1, 0x11,
    0x11, 0x11, 0x11, 0x11, 0x10,

    /* U+662F "是" */
    0x0, 0x4f, 0xff, 0xff, 0xff, 0xff, 0x20, 0x0,
    0x4, 0xf1, 0x11, 0x11, 0x13, 0xf2, 0x0, 0x0,
    0x4f, 0xff, 0xff, 0xff, 0xff, 0x20, 0x0, 0x4,
    0xf0, 0x0, 0x0, 0x2, 0xf2, 0x0, 0x0, 0x4f,
    0xff, 0xff, 0xff, 0xff, 0x20, 0x0, 0x0, 0x0,
    0x0, 0x0, 0x0, 0x0, 0x0, 0xf, 0xff, 0xff,
    0xff, 0xff, 0xff, 0xff, 0x0, 0x11, 0x31, 0x11,
    0xf5, 0x11, 0x11, 0x10, 0x0, 0xf, 0x50, 0xf,
    0x51, 0x11, 0x10, 0x0, 0x4, 0xf2, 0x0, 0xff,
    0xff, 0xff, 0x0, 0x0, 0xbf, 0xb0, 0xf, 0x40,
    0x0, 0x0, 0x0, 0x4f, 0x5e, 0xc6, 0xf5, 0x22,
    0x22, 0x20, 0xe, 0x90, 0x18, 0xdf, 0xff, 0xff,
    0xff, 0x0, 0x40, 0x0, 0x0, 0x0, 0x0, 0x0,
    0x0,

    /* U+663E "显" */
    0x0, 0xaf, 0xff, 0xff, 0xff, 0xff, 0xa0, 0x0,
    0xa, 0xa2, 0x22, 0x22, 0x22, 0xaa, 0x0, 0x0,
    0xaf, 0xff, 0xff, 0xff, 0xff, 0xa0, 0x0, 0xa,
    0xa0, 0x0, 0x0, 0x0, 0xaa, 0x0, 0x0, 0xaa,
    0x22, 0x22, 0x22, 0x2a, 0xa0, 0x0, 0xa, 0xff,
    0xff, 0xff, 0xff, 0xfa, 0x0, 0x0, 0x0, 0xb,
    0x90, 0x8b, 0x0, 0x20, 0x0, 0x3e, 0x10, 0xb9,
    0x8, 0xb0, 0x1f, 0x30, 0x0, 0xcb, 0xb, 0x90,
    0x8b, 0xa, 0xc0, 0x0, 0x2, 0xf4, 0xb9, 0x8,
    0xb3, 0xf3, 0x0, 0x0, 0x8, 0x3b, 0x90, 0x8b,
    0x48, 0x0, 0x0, 0x22, 0x22, 0xba, 0x29, 0xc2,
    0x22, 0x20, 0x1f, 0xff, 0xff, 0xff, 0xff, 0xff,
    0xff, 0x10,

    /* U+666E "普" */
    0x0, 0x0, 0x85, 0x0, 0x3, 0x80, 0x0, 0x0,
    0x1, 0x17, 0xf3, 0x11, 0xd9, 0x11, 0x0, 0x9,
    0xff, 0xff, 0xff, 0xff, 0xff, 0xfa, 0x0, 0x8,
    0x40, 0xa9, 0x8, 0xb0, 0x48, 0x0, 0x0, 0x5f,
    0x3a, 0x90, 0x8b, 0x3e, 0x40, 0x0, 0x11, 0x73,
    0xa9, 0x19, 0xb4, 0x71, 0x10, 0x1f, 0xff, 0xff,
    0xff, 0xff, 0xff, 0xff, 0x10, 0x0, 0x0, 0x0,
    0x0, 0x0, 0x0, 0x0, 0x0, 0x4f, 0xff, 0xff,
    0xff, 0xff, 0x50, 0x0, 0x4, 0xf0, 0x0, 0x0,
    0x0, 0xf5, 0x0, 0x0, 0x4f, 0xee, 0xee, 0xee,
    0xef, 0x50, 0x0, 0x4, 0xf0, 0x0, 0x0, 0x0,
    0xf5, 0x0, 0x0, 0x4f, 0xff, 0xff, 0xff, 0xff,
    0x50, 0x0, 0x4, 0xf0, 0x0, 0x0, 0x0, 0xf5,
    0x0,

    /* U+6682 "暂" */
    0x0, 0x1, 0x10, 0x0, 0x0, 0x0, 0x0, 0x0,
    0x0, 0xa9, 0x0, 0x0, 0x24, 0x7a, 0x40, 0xc,
    0xff, 0xff, 0xf7, 0xdf, 0xec, 0x82, 0x0, 0xa,
    0x94, 0x20, 0xd, 0x50, 0x0, 0x0, 0x2, 0xf2,
    0xc6, 0x0, 0xd6, 0x33, 0x33, 0x0, 0x6f, 0xff,
    0xff, 0x3e, 0xed, 0xfe, 0xd0, 0x0, 0x0, 0xd8,
    0x41, 0xf3, 0xc, 0x50, 0x0, 0xef, 0xef, 0xdb,
    0x8e, 0x0, 0xc5, 0x0, 0x0, 0x0, 0x83, 0x7,
    0x40, 0x5, 0x20, 0x0, 0x3, 0xff, 0xff, 0xff,
    0xff, 0xf2, 0x0, 0x0, 0x3f, 0x10, 0x0, 0x0,
    0xf, 0x20, 0x0, 0x3, 0xfe, 0xee, 0xee, 0xee,
    0xf2, 0x0, 0x0, 0x3f, 0x10, 0x0, 0x0, 0xf,
    0x20, 0x0, 0x3, 0xff, 0xff, 0xff, 0xff, 0xf2,
    0x0, 0x0, 0x3f, 0x10, 0x0, 0x0, 0xf, 0x20,
    0x0,

    /* U+66F4 "更" */
    0xbf, 0xff, 0xff, 0xff, 0xff, 0xff, 0xf0, 0x12,
    0x22, 0x22, 0xf6, 0x22, 0x22, 0x20, 0x9, 0xff,
    0xff, 0xff, 0xff, 0xfe, 0x0, 0x9, 0xa1, 0x11,
    0xf5, 0x11, 0x6e, 0x0, 0x9, 0xa0, 0x0, 0xf4,
    0x0, 0x5e, 0x0, 0x9, 0xff, 0xff, 0xff, 0xff,
    0xfe, 0x0, 0x9, 0xa0, 0x0, 0xf4, 0x0, 0x5e,
    0x0, 0x9, 0xff, 0xff, 0xff, 0xff, 0xfe, 0x0,
    0x0, 0x73, 0x13, 0xf3, 0x11, 0x11, 0x0, 0x0,
    0xbe, 0x37, 0xe0, 0x0, 0x0, 0x0, 0x0, 0xa,
    0xff, 0x70, 0x0, 0x0, 0x0, 0x1, 0x5b, 0xff,
    0xfc, 0x86, 0x43, 0x20, 0xaf, 0xe9, 0x30, 0x47,
    0xac, 0xef, 0xf0, 0x32, 0x0, 0x0, 0x0, 0x0,
    0x0, 0x0,

    /* U+6700 "最" */
    0x0, 0x5f, 0xff, 0xff, 0xff, 0xff, 0x50, 0x0,
    0x5, 0xfd, 0xdd, 0xdd, 0xdd, 0xf5, 0x0, 0x0,
    0x5e, 0x11, 0x11, 0x11, 0x1e, 0x50, 0x0, 0x5,
    0xff, 0xff, 0xff, 0xff, 0xf5, 0x0, 0x0, 0x0,
    0x0, 0x0, 0x0, 0x0, 0x0, 0x1, 0xff, 0xff,
    0xff, 0xff, 0xff, 0xff, 0xf1, 0x0, 0xd5, 0x0,
    0xf2, 0x23, 0x33, 0x30, 0x0, 0xd, 0xed, 0xdf,
    0x2e, 0xed, 0xdf, 0x30, 0x0, 0xd5, 0x0, 0xf2,
    0x9a, 0x5, 0xe0, 0x0, 0xd, 0xee, 0xef, 0x21,
    0xe5, 0xe5, 0x0, 0x0, 0xd5, 0x13, 0xf9, 0x16,
    0xfc, 0x0, 0x0, 0xcf, 0xfd, 0xbf, 0xa9, 0xf9,
    0xdd, 0x60, 0x2, 0x10, 0x0, 0xf6, 0xa2, 0x0,
    0x7b, 0x0,

    /* U+6708 "月" */
    0x0, 0xf, 0xff, 0xff, 0xff, 0xff, 0x0, 0xf,
    0x42, 0x22, 0x22, 0x4f, 0x0, 0xf, 0x20, 0x0,
    0x0, 0x2f, 0x0, 0xf, 0x42, 0x22, 0x22, 0x4f,
    0x0, 0xf, 0xff, 0xff, 0xff, 0xff, 0x0, 0xf,
    0x20, 0x0, 0x0, 0x2f, 0x0, 0xf, 0x10, 0x0,
    0x0, 0x2f, 0x0, 0xf, 0xff, 0xff, 0xff, 0xff,
    0x0, 0x2f, 0x22, 0x22, 0x22, 0x4f, 0x0, 0x5c,
    0x0, 0x0, 0x0, 0x2f, 0x0, 0xa8, 0x0, 0x0,
    0x0, 0x2f, 0x3, 0xf2, 0x0, 0x0, 0x22, 0x7f,
    0xc, 0xa0, 0x0, 0x3, 0xff, 0xf8, 0x1, 0x10,
    0x0, 0x0, 0x0, 0x0,

    /* U+6709 "有" */
    0x0, 0x0, 0x2, 0xa1, 0x0, 0x0, 0x0, 0x0,
    0x0, 0x0, 0x9d, 0x0, 0x0, 0x0, 0x0, 0xf,
    0xff, 0xff, 0xff, 0xff, 0xff, 0xff, 0x0, 0x22,
    0x2c, 0xd2, 0x22, 0x22, 0x22, 0x20, 0x0, 0x6,
    0xf7, 0x22, 0x22, 0x22, 0x10, 0x0, 0x2, 0xff,
    0xff, 0xff, 0xff, 0xf6, 0x0, 0x2, 0xef, 0x80,
    0x0, 0x0, 0xd, 0x60, 0x1, 0xea, 0xbf, 0xff,
    0xff, 0xff, 0xf6, 0x0, 0xa, 0xb, 0x91, 0x11,
    0x11, 0x1d, 0x60, 0x0, 0x0, 0xb9, 0x0, 0x0,
    0x0, 0xd6, 0x0, 0x0, 0xb, 0xff, 0xff, 0xff,
    0xff, 0x60, 0x0, 0x0, 0xb8, 0x0, 0x0, 0x0,
    0xd6, 0x0, 0x0, 0xb, 0x80, 0x0, 0x12, 0x3f,
    0x60, 0x0, 0x0, 0xb8, 0x0, 0x9, 0xff, 0xd1,
    0x0, 0x0, 0x1, 0x10, 0x0, 0x0, 0x0, 0x0,
    0x0,

    /* U+671F "期" */
    0x0, 0xe3, 0x2, 0xf0, 0x0, 0x0, 0x0, 0x1,
    0xe5, 0x14, 0xf1, 0x5f, 0xff, 0xf2, 0xd, 0xff,
    0xff, 0xfe, 0x5b, 0x22, 0xf2, 0x0, 0xe3, 0x2,
    0xf0, 0x5b, 0x0, 0xf2, 0x0, 0xe9, 0x79, 0xf0,
    0x5b, 0x22, 0xf2, 0x0, 0xeb, 0xab, 0xf0, 0x5f,
    0xff, 0xf2, 0x0, 0xe4, 0x3, 0xf0, 0x5b, 0x0,
    0xf2, 0x0, 0xef, 0xff, 0xf0, 0x5b, 0x0, 0xf2,
    0x0, 0xe3, 0x2, 0xf0, 0x6e, 0xbb, 0xf2, 0x1f,
    0xff, 0xff, 0xff, 0x7a, 0x33, 0xf2, 0x1, 0x27,
    0x15, 0x11, 0x97, 0x0, 0xf2, 0x0, 0xbd, 0xc,
    0xa0, 0xd4, 0x0, 0xf2, 0x8, 0xf2, 0x1, 0xe8,
    0xe0, 0x24, 0xf1, 0xd, 0x40, 0x0, 0xd, 0x80,
    0xcf, 0xb0, 0x0, 0x0, 0x0, 0x1, 0x0, 0x0,
    0x0,

    /* U+672A "未" */
    0x0, 0x0, 0x0, 0x4f, 0x0, 0x0, 0x0, 0x0,
    0x0, 0x0, 0x4f, 0x0, 0x0, 0x0, 0x0, 0x22,
    0x22, 0x6f, 0x22, 0x22, 0x10, 0x1, 0xff, 0xff,
    0xff, 0xff, 0xff, 0xc0, 0x0, 0x0, 0x0, 0x4f,
    0x0, 0x0, 0x0, 0x0, 0x0, 0x0, 0x4f, 0x0,
    0x0, 0x0, 0xf, 0xff, 0xff, 0xff, 0xff, 0xff,
    0xfb, 0x2, 0x22, 0x24, 0xff, 0xe3, 0x22, 0x21,
    0x0, 0x0, 0xd, 0xdf, 0xda, 0x0, 0x0, 0x0,
    0x1, 0xcb, 0x4f, 0x2e, 0xa0, 0x0, 0x0, 0x3e,
    0xd1, 0x4f, 0x3, 0xec, 0x10, 0x8, 0xfb, 0x10,
    0x4f, 0x0, 0x2d, 0xf6, 0x1e, 0x70, 0x0, 0x4f,
    0x0, 0x1, 0xa9, 0x0, 0x0, 0x0, 0x4f, 0x0,
    0x0, 0x0,

    /* U+672C "本" */
    0x0, 0x0, 0x0, 0xe, 0x60, 0x0, 0x0, 0x0,
    0x0, 0x0, 0x0, 0xe6, 0x0, 0x0, 0x0, 0x1,
    0x22, 0x22, 0x2e, 0x82, 0x22, 0x22, 0x0, 0x7f,
    0xff, 0xff, 0xff, 0xff, 0xff, 0xf0, 0x0, 0x0,
    0x1, 0xef, 0xf8, 0x0, 0x0, 0x0, 0x0, 0x0,
    0x8b, 0xea, 0xf1, 0x0, 0x0, 0x0, 0x0, 0x3f,
    0x2e, 0x6b, 0xb0, 0x0, 0x0, 0x0, 0x1d, 0x80,
    0xe6, 0x1f, 0x70, 0x0, 0x0, 0xc, 0xc0, 0xe,
    0x60, 0x5f, 0x60, 0x0, 0x1c, 0xe1, 0x0, 0xe6,
    0x0, 0x8f, 0x70, 0xc, 0xe2, 0xdf, 0xff, 0xff,
    0xf5, 0x8f, 0x50, 0x52, 0x2, 0x22, 0xe8, 0x22,
    0x0, 0x50, 0x0, 0x0, 0x0, 0xe, 0x60, 0x0,
    0x0, 0x0, 0x0, 0x0, 0x0, 0xe6, 0x0, 0x0,
    0x0,

    /* U+673A "机" */
    0x0, 0x1f, 0x10, 0x0, 0x0, 0x0, 0x0, 0x0,
    0x1, 0xf1, 0x2, 0xff, 0xff, 0xf0, 0x0, 0x0,
    0x1f, 0x10, 0x2f, 0x22, 0x4f, 0x0, 0x0, 0xef,
    0xff, 0xe2, 0xf0, 0x2, 0xf0, 0x0, 0x2, 0x5f,
    0x32, 0x2f, 0x0, 0x2f, 0x0, 0x0, 0x8, 0xf2,
    0x2, 0xf0, 0x2, 0xf0, 0x0, 0x0, 0xef, 0xd2,
    0x2f, 0x0, 0x2f, 0x0, 0x0, 0x5e, 0xfa, 0xf5,
    0xf0, 0x2, 0xf0, 0x0, 0xd, 0x8f, 0x16, 0x4e,
    0x0, 0x2f, 0x0, 0x2, 0xe2, 0xf1, 0x4, 0xd0,
    0x2, 0xf0, 0x82, 0x5, 0x1f, 0x10, 0x79, 0x0,
    0x2f, 0xc, 0x40, 0x1, 0xf1, 0xd, 0x40, 0x2,
    0xf0, 0xd4, 0x0, 0x1f, 0x16, 0xc0, 0x0, 0x2f,
    0x3e, 0x40, 0x1, 0xf3, 0xd2, 0x0, 0x0, 0xdf,
    0xd1, 0x0, 0x0, 0x0, 0x0, 0x0, 0x0, 0x0,
    0x0,

    /* U+675F "束" */
    0x0, 0x0, 0x0, 0x4f, 0x0, 0x0, 0x0, 0x0,
    0x22, 0x22, 0x26, 0xf2, 0x22, 0x22, 0x10, 0xf,
    0xff, 0xff, 0xff, 0xff, 0xff, 0xfc, 0x0, 0x0,
    0x0, 0x4, 0xf0, 0x0, 0x0, 0x0, 0x0, 0x22,
    0x22, 0x5f, 0x22, 0x22, 0x10, 0x0, 0xf, 0xff,
    0xff, 0xff, 0xff, 0xfb, 0x0, 0x0, 0xf4, 0x0,
    0x4f, 0x0, 0x9, 0xb0, 0x0, 0xf, 0x62, 0x25,
    0xf2, 0x22, 0x9b, 0x0, 0x0, 0xff, 0xff, 0xff,
    0xff, 0xff, 0xb0, 0x0, 0x0, 0x0, 0x6f, 0xfe,
    0x30, 0x0, 0x0, 0x0, 0x0, 0x9f, 0x9f, 0x8f,
    0x60, 0x0, 0x0, 0x6, 0xed, 0x34, 0xf0, 0x5e,
    0xc4, 0x0, 0x1e, 0xf7, 0x0, 0x4f, 0x0, 0x19,
    0xfc, 0x0, 0x50, 0x0, 0x4, 0xf0, 0x0, 0x1,
    0x30,

    /* U+6761 "条" */
    0x0, 0x0, 0x11, 0x0, 0x0, 0x0, 0x0, 0x0,
    0x1, 0xdc, 0x11, 0x11, 0x11, 0x0, 0x0, 0x1c,
    0xff, 0xff, 0xff, 0xff, 0x10, 0x4, 0xef, 0xc1,
    0x0, 0x7, 0xf9, 0x0, 0x1f, 0x81, 0xae, 0x76,
    0xdd, 0x40, 0x0, 0x2, 0x1, 0x5d, 0xff, 0xf6,
    0x20, 0x0, 0x4a, 0xdf, 0xd8, 0x32, 0x7b, 0xfe,
    0xc5, 0x26, 0x30, 0x0, 0x5c, 0x0, 0x2, 0x42,
    0xf, 0xff, 0xff, 0xff, 0xff, 0xff, 0xf1, 0x2,
    0x22, 0x42, 0x7e, 0x22, 0x22, 0x20, 0x0, 0xb,
    0xc0, 0x6e, 0xd, 0x80, 0x0, 0x1, 0xbe, 0x20,
    0x6e, 0x5, 0xec, 0x20, 0x4e, 0xc1, 0x22, 0xad,
    0x0, 0x1b, 0xf4, 0x28, 0x0, 0xcf, 0xf6, 0x0,
    0x0, 0x72,

    /* U+6765 "来" */
    0x0, 0x0, 0x0, 0x2f, 0x10, 0x0, 0x0, 0x0,
    0x0, 0x0, 0x2, 0xf1, 0x0, 0x0, 0x0, 0x3,
    0xff, 0xff, 0xff, 0xff, 0xff, 0xf3, 0x0, 0x2,
    0x72, 0x24, 0xf3, 0x22, 0x72, 0x0, 0x0, 0x2f,
    0x70, 0x2f, 0x10, 0x6f, 0x20, 0x0, 0x0, 0x5f,
    0x32, 0xf1, 0x4f, 0x60, 0x0, 0x2, 0x22, 0x82,
    0x3f, 0x33, 0x92, 0x22, 0x0, 0xff, 0xff, 0xff,
    0xff, 0xff, 0xff, 0xf0, 0x0, 0x0, 0x3, 0xff,
    0xe3, 0x0, 0x0, 0x0, 0x0, 0x4, 0xeb, 0xfa,
    0xe4, 0x0, 0x0, 0x0, 0x8, 0xf9, 0x2f, 0x18,
    0xf9, 0x0, 0x0, 0x6e, 0xf6, 0x2, 0xf1, 0x5,
    0xee, 0x70, 0xd, 0xa1, 0x0, 0x2f, 0x10, 0x1,
    0x9c, 0x0, 0x0, 0x0, 0x2, 0xf1, 0x0, 0x0,
    0x0,

    /* U+677F "板" */
    0x0, 0x2f, 0x0, 0x0, 0x0, 0x0, 0x42, 0x0,
    0x2, 0xf0, 0x2, 0x46, 0x8c, 0xff, 0x70, 0x0,
    0x2f, 0x0, 0xff, 0xec, 0xa8, 0x51, 0x0, 0x9b,
    0xfb, 0x7f, 0x20, 0x0, 0x0, 0x0, 0x7, 0xaf,
    0x85, 0xf4, 0x22, 0x22, 0x20, 0x0, 0x9, 0xf0,
    0xf, 0xff, 0xff, 0xff, 0x30, 0x0, 0xef, 0xa0,
    0xf6, 0xe0, 0x3, 0xf1, 0x0, 0x6e, 0xfd, 0xaf,
    0x1e, 0x40, 0x8c, 0x0, 0xe, 0x7f, 0x16, 0xf0,
    0x9b, 0xe, 0x50, 0x0, 0xc2, 0xf0, 0x4e, 0x1,
    0xfc, 0xc0, 0x0, 0x1, 0x2f, 0x7, 0xc0, 0xa,
    0xf5, 0x0, 0x0, 0x2, 0xf0, 0xd7, 0x9, 0xfd,
    0xe3, 0x0, 0x0, 0x2f, 0x4f, 0x6d, 0xf4, 0xa,
    0xf8, 0x0, 0x2, 0xf4, 0x96, 0xb1, 0x0, 0x6,
    0x90, 0x0, 0x0, 0x0, 0x0, 0x0, 0x0, 0x0,
    0x0,

    /* U+6790 "析" */
    0x0, 0x2f, 0x10, 0x0, 0x0, 0x14, 0x72, 0x0,
    0x2, 0xf1, 0x2, 0xac, 0xef, 0xff, 0x50, 0x0,
    0x2f, 0x10, 0x4f, 0xa7, 0x53, 0x0, 0x0, 0xff,
    0xff, 0xe4, 0xf0, 0x0, 0x0, 0x0, 0x2, 0x7f,
    0x32, 0x4f, 0x0, 0x0, 0x0, 0x0, 0xa, 0xf1,
    0x4, 0xf2, 0x22, 0x22, 0x20, 0x0, 0xff, 0xb0,
    0x4f, 0xff, 0xff, 0xff, 0x20, 0x7e, 0xfc, 0xd6,
    0xf0, 0x2, 0xf0, 0x0, 0xe, 0x7f, 0x17, 0x6f,
    0x0, 0x2f, 0x0, 0x1, 0xc2, 0xf1, 0x7, 0xd0,
    0x2, 0xf0, 0x0, 0x2, 0x2f, 0x10, 0xab, 0x0,
    0x2f, 0x0, 0x0, 0x2, 0xf1, 0x1f, 0x60, 0x2,
    0xf0, 0x0, 0x0, 0x2f, 0x1a, 0xe0, 0x0, 0x2f,
    0x0, 0x0, 0x2, 0xf1, 0xb5, 0x0, 0x2, 0xe0,
    0x0, 0x0, 0x0, 0x0, 0x0, 0x0, 0x0, 0x0,
    0x0,

    /* U+67E5 "查" */
    0x0, 0x0, 0x0, 0x6e, 0x0, 0x0, 0x0, 0x2,
    0x22, 0x22, 0x7e, 0x22, 0x22, 0x21, 0xf, 0xff,
    0xff, 0xff, 0xff, 0xff, 0xf9, 0x0, 0x0, 0x4c,
    0xef, 0xe9, 0x10, 0x0, 0x0, 0x4b, 0xe6, 0x6e,
    0x1b, 0xfb, 0x51, 0x3e, 0xf8, 0x10, 0x12, 0x0,
    0x4b, 0xfc, 0x6, 0x5f, 0xff, 0xff, 0xff, 0xfd,
    0x13, 0x0, 0x5f, 0x0, 0x0, 0x0, 0x7d, 0x0,
    0x0, 0x5f, 0xff, 0xff, 0xff, 0xfd, 0x0, 0x0,
    0x5f, 0x0, 0x0, 0x0, 0x7d, 0x0, 0x0, 0x5f,
    0xff, 0xff, 0xff, 0xfd, 0x0, 0x0, 0x0, 0x0,
    0x0, 0x0, 0x0, 0x0, 0x1, 0x11, 0x11, 0x11,
    0x11, 0x11, 0x11, 0x1f, 0xff, 0xff, 0xff, 0xff,
    0xff, 0xfa,

    /* U+6807 "标" */
    0x0, 0x2f, 0x0, 0x0, 0x0, 0x0, 0x0, 0x0,
    0x2, 0xf0, 0xa, 0xff, 0xff, 0xff, 0x90, 0x1,
    0x3f, 0x11, 0x12, 0x22, 0x22, 0x21, 0x0, 0xef,
    0xff, 0x90, 0x0, 0x0, 0x0, 0x0, 0x3, 0x7f,
    0x42, 0x0, 0x0, 0x0, 0x0, 0x0, 0xa, 0xf0,
    0x4f, 0xff, 0xff, 0xff, 0xf3, 0x0, 0xff, 0xb1,
    0x22, 0x2b, 0xa2, 0x22, 0x0, 0x6d, 0xfb, 0xb0,
    0x70, 0xb9, 0x34, 0x0, 0xe, 0x6f, 0x3, 0x5f,
    0xb, 0x96, 0xd0, 0x1, 0xc2, 0xf0, 0xb, 0x90,
    0xb9, 0x1f, 0x30, 0x3, 0x2f, 0x2, 0xf4, 0xb,
    0x90, 0xb9, 0x0, 0x2, 0xf0, 0xad, 0x0, 0xb9,
    0x5, 0xf0, 0x0, 0x2f, 0x8, 0x52, 0x2d, 0x80,
    0xb, 0x10, 0x2, 0xf0, 0x0, 0xaf, 0xe4, 0x0,
    0x0,

    /* U+6808 "栈" */
    0x0, 0x0, 0x0, 0x0, 0x0, 0x0, 0x0, 0x0,
    0x2, 0xf0, 0x0, 0x3f, 0x9, 0x30, 0x0, 0x0,
    0x2f, 0x0, 0x2, 0xf1, 0x5e, 0x30, 0x0, 0x2,
    0xf0, 0x0, 0x1f, 0x20, 0x64, 0x30, 0xf, 0xff,
    0xfc, 0x79, 0xfd, 0xef, 0xfc, 0x0, 0x26, 0xf2,
    0x18, 0x8f, 0x73, 0x10, 0x0, 0x0, 0xaf, 0x10,
    0x0, 0xd6, 0x13, 0x57, 0x10, 0xf, 0xfd, 0x18,
    0xaf, 0xff, 0xfd, 0xb2, 0x6, 0xef, 0xbb, 0xa8,
    0xcc, 0x20, 0x73, 0x0, 0xd7, 0xf0, 0x20, 0x6,
    0xd0, 0x8f, 0x40, 0xb, 0x2f, 0x0, 0x0, 0x3f,
    0xce, 0x41, 0x0, 0x2, 0xf0, 0x0, 0x2a, 0xfc,
    0x10, 0xe2, 0x0, 0x2f, 0x5, 0xbf, 0xdc, 0xd0,
    0x2f, 0x0, 0x2, 0xf0, 0xdc, 0x50, 0x2f, 0xab,
    0xb0, 0x0, 0x2f, 0x0, 0x0, 0x0, 0x4d, 0xe3,
    0x0,

    /* U+6821 "校" */
    0x0, 0x0, 0x0, 0x0, 0x2, 0x0, 0x0, 0x0,
    0x2, 0xf0, 0x0, 0x2, 0xf3, 0x0, 0x0, 0x0,
    0x2f, 0x0, 0x0, 0xd, 0x80, 0x0, 0x0, 0x2,
    0xf0, 0x2f, 0xff, 0xff, 0xff, 0xf0, 0xe, 0xff,
    0xf8, 0x55, 0x65, 0x57, 0x55, 0x0, 0x27, 0xf2,
    0x10, 0x9d, 0x6, 0xe2, 0x0, 0x0, 0xbf, 0x10,
    0x4f, 0x40, 0xa, 0xd1, 0x0, 0x1f, 0xfd, 0x5f,
    0xa0, 0x0, 0x4c, 0xb0, 0x8, 0xcf, 0xab, 0x9c,
    0x70, 0x4f, 0x37, 0x1, 0xf5, 0xf0, 0x0, 0x6e,
    0x1c, 0xa0, 0x0, 0x1a, 0x2f, 0x0, 0x0, 0xcd,
    0xf1, 0x0, 0x0, 0x2, 0xf0, 0x0, 0x8, 0xfb,
    0x0, 0x0, 0x0, 0x2f, 0x0, 0x1a, 0xf8, 0xec,
    0x20, 0x0, 0x2, 0xf0, 0x7f, 0xe3, 0x2, 0xcf,
    0xa0, 0x0, 0x2f, 0xa, 0x80, 0x0, 0x0, 0x59,
    0x0,

    /* U+6837 "样" */
    0x0, 0x0, 0x0, 0x0, 0x0, 0x0, 0x0, 0x0,
    0x2f, 0x0, 0xd, 0x30, 0xb, 0x70, 0x0, 0x2f,
    0x0, 0xa, 0xb0, 0x3f, 0x20, 0x0, 0x2f, 0x0,
    0x2, 0xa0, 0xab, 0x0, 0xa, 0xdf, 0xd7, 0xff,
    0xff, 0xff, 0xfa, 0x4, 0x8f, 0x52, 0x22, 0x2e,
    0x72, 0x21, 0x0, 0x9f, 0x20, 0x0, 0xe, 0x50,
    0x0, 0x0, 0xef, 0xe3, 0xbf, 0xff, 0xff, 0xf4,
    0x5, 0xdf, 0x7a, 0x12, 0x2e, 0x72, 0x20, 0xd,
    0x7f, 0x0, 0x0, 0xe, 0x50, 0x0, 0x1d, 0x2f,
    0x1, 0x22, 0x2e, 0x72, 0x22, 0x3, 0x2f, 0xb,
    0xff, 0xff, 0xff, 0xff, 0x0, 0x2f, 0x0, 0x0,
    0xe, 0x50, 0x0, 0x0, 0x2f, 0x0, 0x0, 0xe,
    0x50, 0x0, 0x0, 0x2f, 0x0, 0x0, 0xe, 0x50,
    0x0,

    /* U+68C0 "检" */
    0x0, 0x2f, 0x0, 0x0, 0xd, 0xa0, 0x0, 0x0,
    0x2, 0xf0, 0x0, 0x9, 0xdf, 0x40, 0x0, 0x1,
    0x4f, 0x21, 0x6, 0xf3, 0x7e, 0x10, 0x0, 0xcf,
    0xff, 0x86, 0xf7, 0x0, 0xbd, 0x10, 0x1, 0x5f,
    0x1a, 0xf8, 0x0, 0x0, 0xbe, 0x30, 0xa, 0xf0,
    0x86, 0xff, 0xff, 0xfe, 0x94, 0x0, 0xff, 0xc1,
    0x2, 0x23, 0x22, 0x30, 0x0, 0x7d, 0xfb, 0x9d,
    0x51, 0xf1, 0xa, 0x80, 0xe, 0x6f, 0x1, 0xba,
    0xc, 0x50, 0xe3, 0x0, 0xa2, 0xf0, 0x5, 0xf0,
    0x89, 0x4d, 0x0, 0x0, 0x2f, 0x0, 0x1f, 0x44,
    0x8a, 0x80, 0x0, 0x2, 0xf0, 0x0, 0x20, 0x1,
    0xf2, 0x0, 0x0, 0x2f, 0xf, 0xff, 0xff, 0xff,
    0xff, 0x50, 0x2, 0xf0, 0x22, 0x22, 0x22, 0x22,
    0x20,

    /* U+6A21 "模" */
    0x0, 0x2f, 0x0, 0x8, 0x90, 0x3e, 0x0, 0x0,
    0x2, 0xf0, 0x8b, 0xee, 0xbc, 0xfb, 0xb0, 0x2,
    0x5f, 0x35, 0x6b, 0xb6, 0x8f, 0x66, 0x0, 0xdf,
    0xff, 0x80, 0x22, 0x0, 0x40, 0x0, 0x3, 0x8f,
    0x42, 0xff, 0xff, 0xff, 0xf3, 0x0, 0xa, 0xf0,
    0xf, 0x10, 0x0, 0xd, 0x30, 0x0, 0xff, 0xb1,
    0xfd, 0xdd, 0xdd, 0xf3, 0x0, 0x6e, 0xfb, 0x8f,
    0x10, 0x0, 0xd, 0x30, 0xd, 0x8f, 0x1, 0xff,
    0xff, 0xff, 0xf3, 0x1, 0xd2, 0xf0, 0x11, 0x11,
    0xf4, 0x11, 0x10, 0x3, 0x2f, 0xd, 0xff, 0xff,
    0xff, 0xff, 0x20, 0x2, 0xf0, 0x0, 0xb, 0xec,
    0x10, 0x0, 0x0, 0x2f, 0x2, 0x7e, 0xb1, 0x9e,
    0x83, 0x0, 0x2, 0xf2, 0xfa, 0x40, 0x0, 0x3a,
    0xe2, 0x0, 0x0, 0x0, 0x0, 0x0, 0x0, 0x0,
    0x0,

    /* U+6B21 "次" */
    0x0, 0x0, 0x0, 0x5, 0x10, 0x0, 0x0, 0x8,
    0x60, 0x0, 0x4f, 0x10, 0x0, 0x0, 0x7, 0xe1,
    0x0, 0xad, 0x22, 0x22, 0x20, 0x0, 0xda, 0x1,
    0xff, 0xff, 0xff, 0xf4, 0x0, 0x5f, 0x2a, 0xd0,
    0x20, 0x4, 0xf1, 0x0, 0x2, 0x3f, 0x50, 0xf2,
    0xc, 0x80, 0x0, 0x0, 0x4a, 0x0, 0xf2, 0x2e,
    0x10, 0x0, 0x29, 0x0, 0x1, 0xf6, 0x0, 0x0,
    0x0, 0x8d, 0x0, 0x5, 0xfa, 0x0, 0x0, 0x0,
    0xd8, 0x0, 0xc, 0xbf, 0x20, 0x0, 0x3, 0xf2,
    0x0, 0x6f, 0x1a, 0xc0, 0x0, 0x9, 0xd0, 0x6,
    0xf6, 0x1, 0xeb, 0x0, 0xf, 0x71, 0xaf, 0x70,
    0x0, 0x3e, 0xd3, 0x7, 0x16, 0xe5, 0x0, 0x0,
    0x2, 0xd6, 0x0, 0x0, 0x10, 0x0, 0x0, 0x0,
    0x0,

    /* U+6B4C "歌" */
    0x0, 0x0, 0x0, 0x0, 0x4, 0x80, 0x0, 0xf,
    0xff, 0xff, 0xff, 0x69, 0x90, 0x0, 0x2, 0x22,
    0x22, 0xc7, 0xe, 0xb9, 0x97, 0x6, 0xee, 0xf2,
    0xc6, 0x3e, 0x88, 0xbc, 0x7, 0x90, 0xd3, 0xc6,
    0xb8, 0x81, 0xb7, 0x5, 0xdd, 0xd2, 0xc7, 0xf2,
    0xf3, 0xf1, 0x1, 0x11, 0x11, 0x42, 0x30, 0xf1,
    0x10, 0x3f, 0xff, 0xff, 0xff, 0xa1, 0xf3, 0x0,
    0x0, 0x0, 0x0, 0xc6, 0x3, 0xf5, 0x0, 0x8,
    0xed, 0xf2, 0xc6, 0x7, 0xfa, 0x0, 0x8, 0x70,
    0xd2, 0xc6, 0xd, 0x7f, 0x10, 0x7, 0xed, 0xf2,
    0xc6, 0x6e, 0xa, 0xa0, 0x0, 0x0, 0x12, 0xe9,
    0xf6, 0x1, 0xf7, 0x0, 0x0, 0xef, 0xda, 0xa0,
    0x0, 0x5a, 0x0, 0x0, 0x0, 0x0, 0x0, 0x0,
    0x0,

    /* U+6B62 "止" */
    0x0, 0x0, 0x0, 0x5f, 0x10, 0x0, 0x0, 0x0,
    0x0, 0x5, 0xf1, 0x0, 0x0, 0x0, 0x21, 0x0,
    0x5f, 0x10, 0x0, 0x0, 0xd, 0x80, 0x5, 0xf1,
    0x0, 0x0, 0x0, 0xd8, 0x0, 0x5f, 0x32, 0x22,
    0x0, 0xd, 0x80, 0x5, 0xff, 0xff, 0xf6, 0x0,
    0xd8, 0x0, 0x5f, 0x10, 0x0, 0x0, 0xd, 0x80,
    0x5, 0xf1, 0x0, 0x0, 0x0, 0xd8, 0x0, 0x5f,
    0x10, 0x0, 0x0, 0xd, 0x80, 0x5, 0xf1, 0x0,
    0x0, 0x0, 0xd8, 0x0, 0x5f, 0x10, 0x0, 0x1,
    0x1d, 0x81, 0x16, 0xf2, 0x11, 0x11, 0xff, 0xff,
    0xff, 0xff, 0xff, 0xff, 0xf4, 0x44, 0x44, 0x44,
    0x44, 0x44, 0x43,

    /* U+6B63 "正" */
    0x5, 0xff, 0xff, 0xff, 0xff, 0xff, 0xf9, 0x0,
    0x15, 0x55, 0x55, 0xae, 0x55, 0x55, 0x30, 0x0,
    0x0, 0x0, 0x7, 0xe0, 0x0, 0x0, 0x0, 0x0,
    0x42, 0x0, 0x7e, 0x0, 0x0, 0x0, 0x0, 0xe,
    0x60, 0x7, 0xe0, 0x0, 0x0, 0x0, 0x0, 0xe6,
    0x0, 0x7f, 0xff, 0xff, 0x30, 0x0, 0xe, 0x60,
    0x7, 0xe2, 0x22, 0x20, 0x0, 0x0, 0xe6, 0x0,
    0x7e, 0x0, 0x0, 0x0, 0x0, 0xe, 0x60, 0x7,
    0xe0, 0x0, 0x0, 0x0, 0x0, 0xe6, 0x0, 0x7e,
    0x0, 0x0, 0x0, 0x0, 0xe, 0x60, 0x7, 0xe0,
    0x0, 0x0, 0x0, 0xff, 0xff, 0xff, 0xff, 0xff,
    0xff, 0xf0, 0x2, 0x22, 0x22, 0x22, 0x22, 0x22,
    0x22, 0x0,

    /* U+6B64 "此" */
    0x0, 0x0, 0xf, 0x20, 0x2f, 0x0, 0x0, 0x0,
    0x0, 0x0, 0xf2, 0x2, 0xf0, 0x0, 0x0, 0x0,
    0x20, 0xf, 0x20, 0x2f, 0x0, 0x0, 0x0, 0xf,
    0x20, 0xf2, 0x2, 0xf0, 0x8, 0xa0, 0x0, 0xf2,
    0xf, 0x42, 0x2f, 0x9, 0xf8, 0x0, 0xf, 0x20,
    0xff, 0xf3, 0xfb, 0xf6, 0x0, 0x0, 0xf2, 0xf,
    0x20, 0x2f, 0xe3, 0x0, 0x0, 0xf, 0x20, 0xf2,
    0x2, 0xf1, 0x0, 0x0, 0x0, 0xf2, 0xf, 0x20,
    0x2f, 0x0, 0x0, 0x0, 0xf, 0x20, 0xf2, 0x2,
    0xf0, 0x1, 0x90, 0x0, 0xf2, 0xf, 0x20, 0x2f,
    0x0, 0x2f, 0x0, 0xf, 0x34, 0xfc, 0xf2, 0xf0,
    0x2, 0xf0, 0x8, 0xff, 0xfd, 0xa6, 0x1f, 0x52,
    0x7d, 0x0, 0xb8, 0x41, 0x0, 0x0, 0x9f, 0xfe,
    0x50,

    /* U+6B65 "步" */
    0x0, 0x0, 0x0, 0xf, 0x40, 0x0, 0x0, 0x0,
    0x0, 0x0, 0x0, 0xf4, 0x0, 0x0, 0x0, 0x0,
    0xc, 0x70, 0xf, 0xff, 0xff, 0xf1, 0x0, 0x0,
    0xc7, 0x0, 0xf6, 0x22, 0x22, 0x0, 0x0, 0xc,
    0x70, 0xf, 0x40, 0x0, 0x0, 0x0, 0x22, 0xd8,
    0x23, 0xf6, 0x22, 0x22, 0x20, 0x2f, 0xff, 0xff,
    0xff, 0xff, 0xff, 0xff, 0x20, 0x0, 0x1, 0x0,
    0xd8, 0x0, 0x0, 0x0, 0x0, 0x4, 0xf4, 0xd,
    0x80, 0x5, 0x80, 0x0, 0x6, 0xf9, 0x0, 0xd8,
    0x5, 0xf8, 0x0, 0x8, 0xf7, 0x0, 0xc, 0x89,
    0xf7, 0x0, 0x0, 0x44, 0x0, 0x2, 0x8e, 0xd4,
    0x0, 0x0, 0x0, 0x14, 0x8c, 0xfd, 0x60, 0x0,
    0x0, 0x0, 0xcf, 0xfc, 0x83, 0x0, 0x0, 0x0,
    0x0, 0x3, 0x30, 0x0, 0x0, 0x0, 0x0, 0x0,
    0x0,

    /* U+6BD4 "比" */
    0xd, 0x20, 0x0, 0x2f, 0x0, 0x0, 0x0, 0xf,
    0x20, 0x0, 0x2f, 0x0, 0x0, 0x0, 0xf, 0x20,
    0x0, 0x2f, 0x0, 0x1, 0x40, 0xf, 0x20, 0x0,
    0x2f, 0x0, 0x2d, 0xd0, 0xf, 0x42, 0x21, 0x2f,
    0x4, 0xed, 0x20, 0xf, 0xff, 0xfb, 0x2f, 0x7f,
    0xb0, 0x0, 0xf, 0x20, 0x0, 0x2f, 0xf7, 0x0,
    0x0, 0xf, 0x20, 0x0, 0x2f, 0x30, 0x0, 0x0,
    0xf, 0x20, 0x0, 0x2f, 0x0, 0x0, 0x20, 0xf,
    0x20, 0x0, 0x2f, 0x0, 0x2, 0xf0, 0xf, 0x20,
    0x67, 0x2f, 0x0, 0x2, 0xf0, 0xf, 0xaf, 0xf7,
    0x1f, 0x20, 0x6, 0xe0, 0x4f, 0xd7, 0x10, 0xc,
    0xff, 0xff, 0x90, 0x4, 0x0, 0x0, 0x0, 0x22,
    0x21, 0x0,

    /* U+6C34 "水" */
    0x0, 0x0, 0x0, 0x2f, 0x0, 0x0, 0x0, 0x0,
    0x0, 0x0, 0x2, 0xf0, 0x0, 0x0, 0x0, 0x0,
    0x0, 0x0, 0x2f, 0x10, 0x0, 0x60, 0x0, 0x22,
    0x22, 0x12, 0xf6, 0x0, 0xcf, 0x10, 0xf, 0xff,
    0xf7, 0x2f, 0xc1, 0xcf, 0x40, 0x0, 0x0, 0xd,
    0x52, 0xff, 0xde, 0x30, 0x0, 0x0, 0x2, 0xf1,
    0x2f, 0x9e, 0x20, 0x0, 0x0, 0x0, 0x9c, 0x2,
    0xf2, 0xf4, 0x0, 0x0, 0x0, 0x1f, 0x50, 0x2f,
    0x8, 0xe1, 0x0, 0x0, 0xa, 0xd0, 0x2, 0xf0,
    0xd, 0xc0, 0x0, 0x5, 0xf4, 0x0, 0x2f, 0x0,
    0x2e, 0xc1, 0x2, 0xf8, 0x0, 0x2, 0xf0, 0x0,
    0x3e, 0xd0, 0x8, 0x0, 0x55, 0x9f, 0x0, 0x0,
    0x25, 0x0, 0x0, 0xe, 0xff, 0x80, 0x0, 0x0,
    0x0,

    /* U+6C47 "汇" */
    0x0, 0x82, 0x0, 0x0, 0x0, 0x0, 0x0, 0x0,
    0x1c, 0xf6, 0x2f, 0xff, 0xff, 0xff, 0xe0, 0x0,
    0x8, 0xf4, 0xf2, 0x22, 0x22, 0x22, 0x0, 0x20,
    0x1, 0x2f, 0x0, 0x0, 0x0, 0x0, 0xd, 0xc2,
    0x2, 0xf0, 0x0, 0x0, 0x0, 0x0, 0x2d, 0xe4,
    0x2f, 0x0, 0x0, 0x0, 0x0, 0x0, 0xa, 0x62,
    0xf0, 0x0, 0x0, 0x0, 0x0, 0x0, 0x0, 0x2f,
    0x0, 0x0, 0x0, 0x0, 0x0, 0x9, 0x82, 0xf0,
    0x0, 0x0, 0x0, 0x0, 0x1, 0xf5, 0x2f, 0x0,
    0x0, 0x0, 0x0, 0x0, 0x7e, 0x2, 0xf0, 0x0,
    0x0, 0x0, 0x0, 0xe, 0x80, 0x2f, 0x0, 0x0,
    0x0, 0x0, 0x5, 0xf1, 0x2, 0xff, 0xff, 0xff,
    0xff, 0x10, 0x26, 0x0, 0x2, 0x22, 0x22, 0x22,
    0x20,

    /* U+6C60 "池" */
    0x2, 0x0, 0x0, 0x0, 0xf2, 0x0, 0x0, 0xe,
    0x80, 0x0, 0x0, 0xf2, 0x0, 0x0, 0xa, 0xf8,
    0x2e, 0x0, 0xf2, 0x0, 0x0, 0x0, 0x6b, 0x2f,
    0x0, 0xf2, 0x38, 0x20, 0x10, 0x0, 0x2f, 0x3,
    0xfe, 0xff, 0x30, 0xad, 0x20, 0x5f, 0xef, 0xf6,
    0xe, 0x20, 0xa, 0xf7, 0xff, 0x50, 0xf2, 0xe,
    0x20, 0x0, 0x60, 0x2f, 0x0, 0xf2, 0xf, 0x10,
    0x0, 0x21, 0x2f, 0x0, 0xf3, 0x4f, 0x0, 0x0,
    0xb9, 0x2f, 0x0, 0xf8, 0xfa, 0x0, 0x2, 0xf2,
    0x2f, 0x0, 0xb1, 0x1, 0xe1, 0x8, 0xc0, 0x2f,
    0x0, 0x0, 0x1, 0xf0, 0xe, 0x60, 0x1f, 0x52,
    0x22, 0x27, 0xf0, 0x4f, 0x10, 0x9, 0xff, 0xff,
    0xff, 0x70, 0x2, 0x0, 0x0, 0x0, 0x0, 0x0,
    0x0,

    /* U+6CA1 "没" */
    0x0, 0x20, 0x0, 0x0, 0x0, 0x0, 0x0, 0x0,
    0xe, 0xa1, 0x8, 0xff, 0xff, 0xf1, 0x0, 0x0,
    0x3d, 0xe1, 0x9c, 0x22, 0x5f, 0x10, 0x0, 0x0,
    0x7, 0xc, 0x90, 0x2, 0xf2, 0x0, 0xc, 0x90,
    0xb, 0xf2, 0x0, 0x1e, 0xff, 0x10, 0x3d, 0xe3,
    0x52, 0x0, 0x0, 0x1, 0x10, 0x0, 0x9, 0x17,
    0xff, 0xff, 0xff, 0xf0, 0x0, 0x0, 0x0, 0x4f,
    0x62, 0x22, 0xcc, 0x0, 0x0, 0xb, 0x50, 0xad,
    0x0, 0x6f, 0x30, 0x0, 0x3, 0xf3, 0x1, 0xdc,
    0x6f, 0x60, 0x0, 0x0, 0xac, 0x0, 0x2, 0xff,
    0x90, 0x0, 0x0, 0x1f, 0x50, 0x18, 0xfe, 0xaf,
    0xb4, 0x0, 0x8, 0xe0, 0xbf, 0xe7, 0x0, 0x3c,
    0xfd, 0x10, 0x13, 0x6, 0x50, 0x0, 0x0, 0x2,
    0x60,

    /* U+6CD5 "法" */
    0x1, 0x30, 0x0, 0x0, 0x9b, 0x0, 0x0, 0x7,
    0xf5, 0x0, 0x0, 0x9b, 0x0, 0x0, 0x0, 0x9f,
    0x52, 0x22, 0xac, 0x22, 0x20, 0x0, 0x5, 0x1e,
    0xff, 0xff, 0xff, 0xf4, 0x7, 0x0, 0x0, 0x0,
    0x9b, 0x0, 0x0, 0x1e, 0xd2, 0x0, 0x0, 0x9b,
    0x0, 0x0, 0x1, 0xcc, 0x12, 0x22, 0xac, 0x22,
    0x22, 0x0, 0x1, 0xbf, 0xff, 0xff, 0xff, 0xff,
    0x0, 0x16, 0x0, 0x9, 0xe0, 0x0, 0x0, 0x0,
    0x7e, 0x0, 0x3f, 0x40, 0xd5, 0x0, 0x0, 0xd8,
    0x0, 0xda, 0x0, 0x8e, 0x10, 0x4, 0xf2, 0xb,
    0xe1, 0x0, 0x2e, 0xa0, 0xa, 0xc0, 0x4f, 0xfe,
    0xff, 0xff, 0xf4, 0xc, 0x60, 0x7, 0x65, 0x43,
    0x10, 0x97, 0x0, 0x0, 0x0, 0x0, 0x0, 0x0,
    0x0,

    /* U+6CE2 "波" */
    0x1, 0x30, 0x0, 0x0, 0x2f, 0x0, 0x0, 0x6,
    0xf7, 0x0, 0x0, 0x2f, 0x0, 0x0, 0x0, 0x6f,
    0x5f, 0xff, 0xff, 0xff, 0xf9, 0x0, 0x3, 0xf,
    0x42, 0x4f, 0x22, 0xe6, 0x1d, 0x30, 0xf, 0x20,
    0x2f, 0x2, 0xf1, 0xa, 0xf6, 0xf, 0x20, 0x2f,
    0x0, 0x0, 0x0, 0x7a, 0xf, 0xff, 0xff, 0xff,
    0xc0, 0x0, 0x0, 0xf, 0x6f, 0x42, 0x2c, 0x90,
    0x0, 0x77, 0x1f, 0x1b, 0x90, 0x3f, 0x20, 0x0,
    0xd7, 0x4f, 0x3, 0xf4, 0xd9, 0x0, 0x2, 0xf2,
    0x8b, 0x0, 0x7f, 0xd0, 0x0, 0x8, 0xc0, 0xd7,
    0x5, 0xee, 0xf8, 0x0, 0xd, 0x75, 0xf5, 0xcf,
    0x80, 0x4e, 0xe7, 0x7, 0x16, 0x76, 0xa2, 0x0,
    0x0, 0x77,

    /* U+6D4B "测" */
    0x0, 0x0, 0x0, 0x0, 0x0, 0x0, 0x0, 0xa,
    0x20, 0x0, 0x0, 0x0, 0x0, 0xf1, 0xd, 0xe1,
    0xff, 0xff, 0xf0, 0x0, 0xf1, 0x0, 0xc6, 0xf2,
    0x33, 0xf0, 0xf0, 0xf1, 0x0, 0x0, 0xf1, 0xf1,
    0xf0, 0xf0, 0xf1, 0x3a, 0x0, 0xf1, 0xf1, 0xf0,
    0xf0, 0xf1, 0x1d, 0xd1, 0xf1, 0xf1, 0xf0, 0xf0,
    0xf1, 0x0, 0xa1, 0xf1, 0xf1, 0xf0, 0xf0, 0xf1,
    0x0, 0x0, 0xf1, 0xf1, 0xf0, 0xf0, 0xf1, 0x0,
    0xd2, 0xf2, 0xf1, 0xf0, 0xf0, 0xf1, 0x2, 0xf0,
    0xb4, 0xd0, 0xa0, 0xf0, 0xf1, 0x6, 0xc0, 0x9,
    0xf6, 0x0, 0x90, 0xf1, 0xa, 0x80, 0x3f, 0x6f,
    0x50, 0x0, 0xf1, 0xe, 0x43, 0xe8, 0x5, 0xf3,
    0x24, 0xf0, 0x2e, 0xa, 0x90, 0x0, 0x40, 0xff,
    0xa0, 0x0, 0x0, 0x0, 0x0, 0x0, 0x0, 0x0,

    /* U+6D77 "海" */
    0x0, 0x0, 0x0, 0x45, 0x0, 0x0, 0x0, 0x0,
    0x6c, 0x10, 0xd, 0xa2, 0x22, 0x22, 0x10, 0x1,
    0xbe, 0x27, 0xff, 0xff, 0xff, 0xfd, 0x0, 0x0,
    0x75, 0xf5, 0x0, 0x0, 0x0, 0x0, 0x9, 0x30,
    0xcf, 0xff, 0xff, 0xff, 0xd0, 0x0, 0x8f, 0x70,
    0xa9, 0x2d, 0x51, 0x6c, 0x0, 0x0, 0x58, 0xc,
    0x60, 0x3c, 0x16, 0xc0, 0x0, 0x0, 0x1f, 0xff,
    0xff, 0xff, 0xff, 0xf2, 0x0, 0x85, 0x2f, 0x44,
    0xb2, 0x29, 0xb2, 0x0, 0xd, 0x61, 0xf1, 0x2e,
    0xa0, 0x8a, 0x0, 0x1, 0xf2, 0x3f, 0x22, 0x4b,
    0x29, 0xa2, 0x0, 0x6e, 0x4, 0xff, 0xff, 0xff,
    0xff, 0xe0, 0xa, 0xa0, 0x0, 0x0, 0x22, 0x2d,
    0x80, 0x0, 0xc6, 0x0, 0x0, 0xe, 0xff, 0xd2,
    0x0, 0x0, 0x0, 0x0, 0x0, 0x0, 0x0, 0x0,
    0x0,

    /* U+6D88 "消" */
    0x1, 0x0, 0x2, 0x0, 0xf2, 0x2, 0x0, 0xbd,
    0x24, 0xe1, 0xf, 0x20, 0xd6, 0x1, 0xce, 0x2b,
    0xb0, 0xf2, 0x8d, 0x0, 0x0, 0xa0, 0x1c, 0xf,
    0x2e, 0x30, 0x6, 0x0, 0x2, 0x22, 0xf4, 0x32,
    0x3, 0xfb, 0x10, 0xff, 0xff, 0xff, 0xf2, 0x2,
    0xd9, 0xf, 0x20, 0x0, 0xf, 0x20, 0x0, 0x10,
    0xff, 0xff, 0xff, 0xf2, 0x0, 0x69, 0xf, 0x42,
    0x22, 0x2f, 0x20, 0xb, 0x90, 0xf4, 0x22, 0x22,
    0xf2, 0x0, 0xf4, 0xf, 0xff, 0xff, 0xff, 0x20,
    0x4f, 0x0, 0xf2, 0x0, 0x0, 0xf2, 0x9, 0xb0,
    0xf, 0x20, 0x2, 0x4f, 0x20, 0xc6, 0x0, 0xf2,
    0x2, 0xff, 0xc0, 0x0, 0x0, 0x1, 0x0, 0x0,
    0x0, 0x0,

    /* U+6DAF "涯" */
    0x0, 0x30, 0x0, 0x0, 0x0, 0x0, 0x0, 0x0,
    0x4f, 0x32, 0xff, 0xff, 0xff, 0xff, 0xf6, 0x0,
    0x9e, 0x4f, 0x22, 0x22, 0x22, 0x22, 0x10, 0x0,
    0x73, 0xf0, 0x11, 0x3f, 0x11, 0x10, 0x7, 0x30,
    0x2f, 0x2f, 0xff, 0xff, 0xfc, 0x0, 0x9e, 0x22,
    0xf0, 0x0, 0x2f, 0x0, 0x0, 0x0, 0xcc, 0x2f,
    0x12, 0x24, 0xf2, 0x22, 0x0, 0x2, 0x23, 0xfa,
    0xff, 0xff, 0xff, 0xf5, 0x0, 0xa9, 0x4e, 0x0,
    0x2, 0xf0, 0x0, 0x0, 0xd, 0x67, 0xc3, 0xff,
    0xff, 0xff, 0xd0, 0x1, 0xf2, 0xa9, 0x1, 0x13,
    0xf1, 0x10, 0x0, 0x6e, 0xf, 0x50, 0x0, 0x2f,
    0x0, 0x0, 0xa, 0xa6, 0xf2, 0xff, 0xff, 0xff,
    0xff, 0x60, 0x43, 0x5, 0x2, 0x22, 0x22, 0x22,
    0x20,

    /* U+6E05 "清" */
    0x3, 0x30, 0x0, 0x0, 0xa9, 0x0, 0x0, 0x7,
    0xf6, 0x4c, 0xcc, 0xee, 0xcc, 0xc6, 0x0, 0x6f,
    0x33, 0x33, 0xba, 0x33, 0x31, 0x0, 0x1, 0xd,
    0xee, 0xff, 0xee, 0xe2, 0xb, 0x20, 0x0, 0x0,
    0xa9, 0x0, 0x0, 0x1c, 0xe4, 0xcf, 0xff, 0xff,
    0xff, 0xff, 0x0, 0xbb, 0x1, 0x11, 0x11, 0x11,
    0x11, 0x0, 0x1, 0xe, 0xff, 0xff, 0xff, 0xd0,
    0x0, 0x35, 0xe, 0x50, 0x0, 0x5, 0xd0, 0x0,
    0x9b, 0xe, 0xfe, 0xee, 0xef, 0xd0, 0x0, 0xe6,
    0xe, 0x50, 0x0, 0x5, 0xd0, 0x3, 0xf1, 0xe,
    0xfe, 0xee, 0xef, 0xd0, 0x8, 0xc0, 0xe, 0x50,
    0x0, 0x7, 0xd0, 0xa, 0x70, 0xe, 0x50, 0x9,
    0xff, 0x70, 0x0, 0x0, 0x0, 0x0, 0x0, 0x0,
    0x0,

    /* U+6E56 "湖" */
    0x2, 0x10, 0x5, 0xd0, 0x0, 0x0, 0x0, 0x9,
    0xe4, 0x5, 0xd0, 0xc, 0xff, 0xf2, 0x0, 0x9b,
    0x26, 0xd2, 0x1c, 0x62, 0xf2, 0x0, 0x1, 0xff,
    0xff, 0xac, 0x40, 0xf2, 0x7, 0x0, 0x48, 0xe4,
    0x2c, 0x62, 0xf2, 0x1e, 0xc1, 0x5, 0xd0, 0xc,
    0xff, 0xf2, 0x1, 0xd6, 0x5a, 0xe8, 0x1c, 0x40,
    0xf2, 0x0, 0x0, 0xab, 0x8f, 0x3c, 0x40, 0xf2,
    0x0, 0x98, 0xa7, 0xe, 0x3c, 0xff, 0xf2, 0x0,
    0xd6, 0xa7, 0xe, 0x3d, 0x52, 0xf2, 0x1, 0xf2,
    0xa7, 0xe, 0x3f, 0x10, 0xf2, 0x5, 0xd0, 0xaf,
    0xff, 0x6e, 0x0, 0xf2, 0x9, 0x90, 0x12, 0x22,
    0x9a, 0x13, 0xf1, 0xd, 0x50, 0x0, 0x1, 0xf3,
    0x9f, 0xb0, 0x0, 0x0, 0x0, 0x0, 0x20, 0x0,
    0x0,

    /* U+6E90 "源" */
    0x0, 0x20, 0x0, 0x0, 0x0, 0x0, 0x0, 0x0,
    0x5f, 0x42, 0xff, 0xff, 0xff, 0xff, 0xf4, 0x0,
    0x6f, 0x7f, 0x22, 0x2a, 0xc2, 0x22, 0x0, 0x0,
    0x43, 0xf0, 0x11, 0xd8, 0x11, 0x0, 0x9, 0x30,
    0x2f, 0xf, 0xff, 0xff, 0xf2, 0x0, 0x8f, 0x62,
    0xf0, 0xf2, 0x0, 0xf, 0x20, 0x0, 0x5c, 0x3f,
    0xf, 0xed, 0xdd, 0xf2, 0x0, 0x0, 0x3, 0xf0,
    0xf2, 0x0, 0xf, 0x20, 0x0, 0x99, 0x4e, 0xf,
    0xff, 0xff, 0xf2, 0x0, 0xd, 0x56, 0xd0, 0x10,
    0x3f, 0x0, 0x0, 0x1, 0xf2, 0x9a, 0xd, 0x32,
    0xf5, 0xb0, 0x0, 0x4e, 0xd, 0x76, 0xc0, 0x2f,
    0xe, 0x60, 0x8, 0xa2, 0xf4, 0xe4, 0x26, 0xf0,
    0x6f, 0x10, 0xa7, 0x8b, 0x27, 0x3f, 0xf9, 0x0,
    0x81, 0x0, 0x0, 0x10, 0x0, 0x0, 0x0, 0x0,
    0x0,

    /* U+6EC1 "滁" */
    0x2, 0x0, 0x0, 0x0, 0x2, 0xf4, 0x0, 0x0,
    0xbd, 0x2f, 0xff, 0xf0, 0x8e, 0xb0, 0x0, 0x1,
    0xca, 0xf3, 0x4e, 0xe, 0x2e, 0x40, 0x0, 0x0,
    0x2f, 0x17, 0xa8, 0x90, 0x6e, 0x10, 0x6, 0x0,
    0xf1, 0xc8, 0xe2, 0x22, 0xcc, 0x1, 0xeb, 0x1f,
    0x2f, 0x4c, 0xff, 0xfc, 0x80, 0x2, 0xd7, 0xf2,
    0xe4, 0x0, 0xf1, 0x0, 0x0, 0x1, 0xf, 0x17,
    0xa2, 0x2f, 0x32, 0x10, 0x0, 0x62, 0xf1, 0x2d,
    0xff, 0xff, 0xfa, 0x0, 0xf, 0x4f, 0x14, 0xe5,
    0x1f, 0x18, 0x0, 0x4, 0xf0, 0xfb, 0xf9, 0xe1,
    0xf1, 0xe3, 0x0, 0x8a, 0xf, 0x21, 0x3b, 0xf,
    0x19, 0x70, 0xd, 0x60, 0xf1, 0x9, 0x73, 0xf1,
    0x4c, 0x0, 0xd1, 0xf, 0x10, 0x37, 0xfc, 0x0,
    0x30, 0x0, 0x0, 0x20, 0x0, 0x0, 0x0, 0x0,
    0x0,

    /* U+6EE1 "满" */
    0x3, 0x30, 0x0, 0x7c, 0x0, 0xb7, 0x0, 0x0,
    0x7f, 0x56, 0x8c, 0xe8, 0x8e, 0xc8, 0x80, 0x0,
    0x6e, 0x68, 0xbe, 0x88, 0xdb, 0x88, 0x0, 0x0,
    0x0, 0x3, 0x60, 0x6, 0x40, 0x0, 0xb, 0x30,
    0xcf, 0xff, 0xff, 0xff, 0xff, 0x0, 0x8f, 0x31,
    0x11, 0xf3, 0x2f, 0x11, 0x10, 0x0, 0xac, 0x0,
    0xf, 0x22, 0xf1, 0x0, 0x0, 0x0, 0x28, 0xff,
    0xff, 0xff, 0xff, 0x80, 0x0, 0x65, 0x89, 0xf,
    0x12, 0xd0, 0x98, 0x0, 0xd, 0x78, 0x93, 0xfb,
    0x5f, 0x49, 0x80, 0x1, 0xf3, 0x89, 0x88, 0x9c,
    0x9e, 0xb8, 0x0, 0x6f, 0x8, 0xce, 0x13, 0xe0,
    0x4a, 0x80, 0xa, 0xb0, 0x8a, 0x40, 0x56, 0x1,
    0xb8, 0x0, 0xc7, 0x8, 0x90, 0x0, 0x6, 0xfe,
    0x40, 0x0, 0x0, 0x0, 0x0, 0x0, 0x0, 0x0,
    0x0,

    /* U+6EE4 "滤" */
    0x0, 0x50, 0x0, 0x0, 0xd6, 0x0, 0x0, 0x0,
    0x3f, 0x80, 0x0, 0xd, 0xff, 0xff, 0x80, 0x0,
    0x3e, 0x50, 0x0, 0xd6, 0x0, 0x0, 0x0, 0x10,
    0x12, 0xff, 0xff, 0xff, 0xff, 0xf0, 0xe, 0x70,
    0x2f, 0x0, 0x84, 0x0, 0x6d, 0x0, 0x4f, 0xa2,
    0xf4, 0x9e, 0xdd, 0x95, 0x30, 0x0, 0x39, 0x2f,
    0x35, 0xc8, 0x10, 0xf5, 0x0, 0x0, 0x2, 0xf0,
    0x7, 0xff, 0xfe, 0x20, 0x0, 0x99, 0x3f, 0x0,
    0x5, 0x20, 0x0, 0x0, 0xc, 0x64, 0xe1, 0x28,
    0x7a, 0x7, 0x0, 0x0, 0xf2, 0x7b, 0x77, 0xf0,
    0xc0, 0xd4, 0x0, 0x4e, 0xb, 0x8d, 0x3f, 0x0,
    0xa6, 0xb0, 0x8, 0xa1, 0xf6, 0xc0, 0xf2, 0x1e,
    0xd, 0x10, 0xb7, 0x6c, 0x1, 0xb, 0xff, 0xb0,
    0x0, 0x0, 0x0, 0x10, 0x0, 0x0, 0x0, 0x0,
    0x0,

    /* U+6F14 "演" */
    0x0, 0x0, 0x0, 0x2, 0xa0, 0x0, 0x0, 0x0,
    0xc8, 0x1, 0x11, 0x2f, 0x61, 0x11, 0x10, 0x4,
    0xe9, 0xff, 0xff, 0xff, 0xff, 0xfb, 0x0, 0x2,
    0x3f, 0x20, 0x0, 0x0, 0x7, 0xb0, 0x7, 0x0,
    0xcc, 0xff, 0xff, 0xff, 0xb8, 0x2, 0xeb, 0x10,
    0x0, 0xf, 0x20, 0x0, 0x0, 0x1, 0xd9, 0x5f,
    0xff, 0xff, 0xff, 0xf0, 0x0, 0x0, 0x5, 0xc0,
    0xf, 0x20, 0x2f, 0x0, 0x0, 0x96, 0x5f, 0xee,
    0xfe, 0xee, 0xf0, 0x0, 0xf, 0x45, 0xc0, 0xf,
    0x20, 0x2f, 0x0, 0x4, 0xf0, 0x5f, 0xff, 0xff,
    0xff, 0xf0, 0x0, 0x9a, 0x0, 0x7, 0x60, 0x39,
    0x20, 0x0, 0xe, 0x52, 0x9e, 0xc4, 0x2, 0xaf,
    0xc6, 0x1, 0x91, 0x5b, 0x40, 0x0, 0x0, 0x17,
    0xa0,

    /* U+7070 "灰" */
    0x0, 0x0, 0x0, 0x0, 0x0, 0x0, 0x0, 0x0,
    0x0, 0x2f, 0x20, 0x0, 0x0, 0x0, 0x0, 0x0,
    0x3, 0xf1, 0x0, 0x0, 0x0, 0x0, 0x0, 0xef,
    0xff, 0xff, 0xff, 0xff, 0xff, 0xf0, 0x2, 0x26,
    0xf2, 0x22, 0x22, 0x22, 0x22, 0x0, 0x0, 0x6d,
    0x0, 0xd, 0x70, 0x0, 0x0, 0x0, 0x8, 0xd9,
    0x0, 0xd7, 0x0, 0xc2, 0x0, 0x0, 0xba, 0xf5,
    0xd, 0x70, 0x9d, 0x0, 0x0, 0xf, 0x58, 0xd0,
    0xf9, 0x4f, 0x30, 0x0, 0x4, 0xf1, 0xa, 0x4f,
    0xe5, 0x70, 0x0, 0x0, 0xbb, 0x0, 0xa, 0xce,
    0x70, 0x0, 0x0, 0x2f, 0x40, 0x6, 0xf3, 0x5f,
    0x40, 0x0, 0xc, 0xc0, 0x8, 0xf6, 0x0, 0x8f,
    0x60, 0x1, 0xf2, 0x3d, 0xf5, 0x0, 0x0, 0x7f,
    0xc0, 0x2, 0x3, 0xb2, 0x0, 0x0, 0x0, 0x37,
    0x0,

    /* U+70B9 "点" */
    0x0, 0x0, 0x3, 0xf1, 0x0, 0x0, 0x0, 0x0,
    0x0, 0x3, 0xf3, 0x22, 0x22, 0x20, 0x0, 0x0,
    0x3, 0xff, 0xff, 0xff, 0xf0, 0x0, 0x0, 0x3,
    0xf1, 0x0, 0x0, 0x0, 0x0, 0x22, 0x25, 0xf3,
    0x22, 0x22, 0x0, 0x2, 0xff, 0xff, 0xff, 0xff,
    0xff, 0x0, 0x2, 0xf0, 0x0, 0x0, 0x0, 0x2f,
    0x0, 0x2, 0xf0, 0x0, 0x0, 0x0, 0x2f, 0x0,
    0x2, 0xff, 0xff, 0xff, 0xff, 0xff, 0x0, 0x1,
    0x52, 0x22, 0x22, 0x32, 0x25, 0x0, 0x7, 0xc0,
    0xb6, 0x7, 0xd0, 0x2f, 0x20, 0xd, 0x60, 0xaa,
    0x2, 0xf3, 0xa, 0xb0, 0x7e, 0x0, 0x6d, 0x0,
    0xc9, 0x2, 0xf2, 0x35, 0x0, 0x24, 0x0, 0x20,
    0x0, 0x40,

    /* U+7167 "照" */
    0x1e, 0xee, 0xe5, 0xff, 0xff, 0xff, 0x42, 0xf4,
    0x4f, 0x11, 0xd6, 0x11, 0xe3, 0x2f, 0x1, 0xf0,
    0x3f, 0x10, 0xf, 0x12, 0xf2, 0x3f, 0x4e, 0x74,
    0xde, 0xd0, 0x2f, 0xff, 0xf4, 0x70, 0x2, 0x20,
    0x2, 0xf0, 0x1f, 0xf, 0xff, 0xff, 0xf1, 0x2f,
    0x1, 0xf0, 0xf2, 0x0, 0xf, 0x12, 0xf6, 0x7f,
    0xf, 0x20, 0x0, 0xf1, 0x1c, 0xcc, 0xc0, 0xff,
    0xff, 0xff, 0x10, 0x45, 0x3, 0x0, 0x50, 0x7,
    0x40, 0xc, 0x80, 0xe3, 0xd, 0x60, 0x8d, 0x5,
    0xf1, 0xa, 0x70, 0x7c, 0x1, 0xe6, 0xb9, 0x0,
    0x67, 0x2, 0xb0, 0x7, 0xa0, 0x0, 0x0, 0x0,
    0x0, 0x0, 0x0,

    /* U+722C "爬" */
    0x0, 0x0, 0x25, 0x96, 0x0, 0x0, 0x0, 0x0,
    0xd, 0xff, 0xef, 0x4f, 0xff, 0xff, 0x80, 0x0,
    0xf4, 0xf1, 0xf0, 0xf2, 0x2e, 0x68, 0x0, 0xf,
    0xf, 0x1f, 0xf, 0x0, 0xe5, 0x80, 0x0, 0xf0,
    0xf1, 0xf0, 0xf0, 0xe, 0x58, 0x0, 0xf, 0xf,
    0x1f, 0xf, 0x11, 0xe6, 0x80, 0x0, 0xf0, 0xf1,
    0xf1, 0xff, 0xff, 0xf8, 0x0, 0x1f, 0xf, 0x1e,
    0x2f, 0x10, 0x0, 0x50, 0x1, 0xf0, 0xf1, 0xc4,
    0xf1, 0x0, 0xf, 0x10, 0x2e, 0xf, 0x1a, 0x7f,
    0x52, 0x24, 0xf0, 0x4, 0xc0, 0xf1, 0x5e, 0x9f,
    0xff, 0xf9, 0x0, 0x7a, 0xf, 0x10, 0xdb, 0x10,
    0x0, 0x0, 0xb, 0x70, 0xf1, 0x2, 0xdf, 0xa6,
    0x32, 0x0, 0xd3, 0xf, 0x10, 0x0, 0x5a, 0xef,
    0xf2, 0x1, 0x0, 0x0, 0x0, 0x0, 0x0, 0x13,
    0x0,

    /* U+7247 "片" */
    0x0, 0x0, 0x0, 0x0, 0x3, 0x0, 0x0, 0x0,
    0xf, 0x30, 0x0, 0xf, 0x20, 0x0, 0x0, 0xf,
    0x30, 0x0, 0xf, 0x20, 0x0, 0x0, 0xf, 0x30,
    0x0, 0xf, 0x20, 0x0, 0x0, 0xf, 0x30, 0x0,
    0xf, 0x20, 0x0, 0x0, 0xf, 0xff, 0xff, 0xff,
    0xff, 0xfb, 0x0, 0xf, 0x42, 0x22, 0x22, 0x22,
    0x21, 0x0, 0xf, 0x20, 0x0, 0x0, 0x0, 0x0,
    0x0, 0x1f, 0x42, 0x22, 0x22, 0x10, 0x0, 0x0,
    0x2f, 0xff, 0xff, 0xff, 0xc0, 0x0, 0x0, 0x5f,
    0x0, 0x0, 0x8, 0xc0, 0x0, 0x0, 0x9c, 0x0,
    0x0, 0x8, 0xc0, 0x0, 0x0, 0xe8, 0x0, 0x0,
    0x8, 0xc0, 0x0, 0x7, 0xf1, 0x0, 0x0, 0x8,
    0xc0, 0x0, 0xd, 0x80, 0x0, 0x0, 0x8, 0xc0,
    0x0, 0x0, 0x0, 0x0, 0x0, 0x0, 0x0, 0x0,

    /* U+7259 "牙" */
    0xb, 0xff, 0xff, 0xff, 0xff, 0xff, 0xff, 0x0,
    0x12, 0x32, 0x22, 0x22, 0xad, 0x22, 0x20, 0x0,
    0xf, 0x50, 0x0, 0x9, 0xc0, 0x0, 0x0, 0x4,
    0xf2, 0x0, 0x0, 0x9c, 0x0, 0x0, 0x0, 0x8e,
    0x11, 0x11, 0x19, 0xc1, 0x11, 0x0, 0xa, 0xff,
    0xff, 0xff, 0xff, 0xff, 0xf1, 0x0, 0x0, 0x0,
    0x2e, 0x99, 0xc0, 0x0, 0x0, 0x0, 0x0, 0xc,
    0xc0, 0x9c, 0x0, 0x0, 0x0, 0x0, 0x1c, 0xd1,
    0x9, 0xc0, 0x0, 0x0, 0x0, 0x3e, 0xd1, 0x0,
    0x9c, 0x0, 0x0, 0x0, 0x8f, 0xa0, 0x0, 0x9,
    0xc0, 0x0, 0x0, 0xde, 0x60, 0x1, 0x22, 0xcb,
    0x0, 0x0, 0x3, 0x10, 0x0, 0x9f, 0xfe, 0x50,
    0x0, 0x0,

    /* U+7279 "特" */
    0x0, 0xf, 0x20, 0x0, 0xe, 0x60, 0x0, 0x7,
    0x2f, 0x20, 0x0, 0xe, 0x60, 0x0, 0xe, 0x2f,
    0x20, 0xaf, 0xff, 0xff, 0xf6, 0xf, 0xcf, 0xc8,
    0x12, 0x2e, 0x72, 0x20, 0x1f, 0x9f, 0xa7, 0x0,
    0xe, 0x60, 0x0, 0x4c, 0xf, 0x26, 0xff, 0xff,
    0xff, 0xff, 0x69, 0xf, 0x21, 0x22, 0x22, 0x3f,
    0x52, 0x0, 0xf, 0xca, 0x11, 0x11, 0x2f, 0x40,
    0x3b, 0xff, 0xb6, 0xff, 0xff, 0xff, 0xfd, 0x4b,
    0x5f, 0x20, 0x35, 0x11, 0x3f, 0x41, 0x0, 0xf,
    0x20, 0x6f, 0x30, 0x1f, 0x30, 0x0, 0xf, 0x20,
    0x9, 0xd0, 0x1f, 0x30, 0x0, 0xf, 0x20, 0x0,
    0x32, 0x6f, 0x20, 0x0, 0xf, 0x20, 0x0, 0x8f,
    0xfa, 0x0,

    /* U+72B6 "状" */
    0x0, 0x0, 0x0, 0x0, 0x0, 0x0, 0x0, 0x0,
    0x0, 0xf, 0x10, 0x1, 0xf2, 0x60, 0x0, 0x0,
    0x0, 0xf1, 0x0, 0x1f, 0x3d, 0x90, 0x0, 0xd5,
    0xf, 0x10, 0x1, 0xf2, 0x2f, 0x50, 0x7, 0xc0,
    0xf1, 0x0, 0x1f, 0x20, 0x30, 0x0, 0xf, 0x4f,
    0x5f, 0xff, 0xff, 0xff, 0xf0, 0x0, 0x9a, 0xf2,
    0x22, 0x5f, 0x52, 0x22, 0x0, 0x1, 0x1f, 0x10,
    0x5, 0xf6, 0x0, 0x0, 0x0, 0x1b, 0xf1, 0x0,
    0x7f, 0xa0, 0x0, 0x0, 0x2d, 0xef, 0x10, 0xd,
    0xcf, 0x10, 0x0, 0x1e, 0xd2, 0xf1, 0x4, 0xf2,
    0xe8, 0x0, 0x0, 0x90, 0xf, 0x10, 0xda, 0x6,
    0xf3, 0x0, 0x0, 0x0, 0xf1, 0xaf, 0x20, 0xc,
    0xd1, 0x0, 0x0, 0xf, 0xbf, 0x50, 0x0, 0x2e,
    0xd1, 0x0, 0x0, 0xf9, 0x70, 0x0, 0x0, 0x3a,
    0x0, 0x0, 0x0, 0x0, 0x0, 0x0, 0x0, 0x0,

    /* U+7387 "率" */
    0x0, 0x0, 0x0, 0x39, 0x0, 0x0, 0x0, 0x0,
    0x12, 0x22, 0x24, 0xf7, 0x22, 0x22, 0x20, 0xc,
    0xff, 0xff, 0xff, 0xff, 0xff, 0xfd, 0x0, 0x2,
    0x0, 0x1d, 0x70, 0x50, 0x3, 0x10, 0x5, 0xf4,
    0x1c, 0xa1, 0x6e, 0x16, 0xf5, 0x0, 0x6, 0xe8,
    0xff, 0xfe, 0x26, 0xe3, 0x0, 0x0, 0x3, 0x40,
    0x8e, 0x65, 0x14, 0x0, 0x0, 0x7, 0xe9, 0xbd,
    0x24, 0xf7, 0xf8, 0x0, 0xb, 0xa2, 0x8f, 0xff,
    0xee, 0xc3, 0xdb, 0x0, 0x0, 0x1, 0x12, 0xf2,
    0x2, 0x0, 0x20, 0x1f, 0xff, 0xff, 0xff, 0xff,
    0xff, 0xff, 0x10, 0x22, 0x22, 0x24, 0xf4, 0x22,
    0x22, 0x20, 0x0, 0x0, 0x0, 0x2f, 0x20, 0x0,
    0x0, 0x0, 0x0, 0x0, 0x2, 0xf2, 0x0, 0x0,
    0x0,

    /* U+73B0 "现" */
    0x2, 0x22, 0x21, 0xef, 0xff, 0xff, 0xf1, 0x2f,
    0xff, 0xf8, 0xe6, 0x22, 0x23, 0xf1, 0x0, 0x6c,
    0x0, 0xe5, 0x9, 0x11, 0xf1, 0x0, 0x6c, 0x0,
    0xe5, 0xf, 0x11, 0xf1, 0x1, 0x7d, 0x10, 0xe5,
    0xf, 0x11, 0xf1, 0xf, 0xff, 0xf6, 0xe5, 0xf,
    0x11, 0xf1, 0x0, 0x6c, 0x0, 0xe5, 0x2f, 0x1,
    0xf1, 0x0, 0x6c, 0x0, 0xe5, 0x5e, 0x11, 0xf1,
    0x0, 0x6c, 0x0, 0x21, 0x9f, 0x90, 0x30, 0x0,
    0x6e, 0xaa, 0x2, 0xfa, 0x90, 0x1c, 0x2a, 0xff,
    0xd6, 0x1d, 0x88, 0x90, 0x1f, 0x2d, 0x72, 0x3,
    0xda, 0x8, 0xc2, 0x6e, 0x0, 0x0, 0x3f, 0x90,
    0x3, 0xef, 0xf8, 0x0, 0x0, 0x3, 0x0, 0x0,
    0x0, 0x0,

    /* U+73E0 "珠" */
    0x0, 0x0, 0x0, 0x0, 0xf, 0x20, 0x0, 0x1,
    0x99, 0x99, 0x38, 0xa0, 0xf2, 0x0, 0x0, 0x2d,
    0xef, 0xd5, 0xc8, 0xf, 0x30, 0x0, 0x0, 0x7,
    0xc0, 0xf, 0xff, 0xff, 0xff, 0x40, 0x0, 0x7c,
    0x5, 0xe1, 0x1f, 0x31, 0x10, 0x0, 0x7, 0xc0,
    0xa9, 0x0, 0xf2, 0x0, 0x0, 0xb, 0xde, 0xb3,
    0x32, 0x2f, 0x42, 0x21, 0x0, 0x9c, 0xe9, 0xaf,
    0xff, 0xff, 0xff, 0xb0, 0x0, 0x7c, 0x0, 0x0,
    0xcf, 0xc0, 0x0, 0x0, 0x7, 0xc0, 0x0, 0x7c,
    0xfe, 0x70, 0x0, 0x0, 0x7d, 0x82, 0x5e, 0x2f,
    0x4e, 0x60, 0x3, 0xbf, 0xfb, 0x9f, 0x50, 0xf2,
    0x4f, 0x90, 0x28, 0x40, 0x3f, 0x40, 0xf, 0x20,
    0x3a, 0x0, 0x0, 0x0, 0x0, 0x0, 0xf2, 0x0,
    0x0,

    /* U+7406 "理" */
    0x2, 0x22, 0x21, 0xdf, 0xff, 0xff, 0xf5, 0x0,
    0xef, 0xff, 0x9d, 0x72, 0xe7, 0x2e, 0x50, 0x0,
    0x2f, 0x0, 0xd5, 0xd, 0x50, 0xd5, 0x0, 0x2,
    0xf0, 0xd, 0xff, 0xff, 0xff, 0x50, 0x0, 0x2f,
    0x0, 0xd6, 0x1d, 0x61, 0xd5, 0x0, 0xbe, 0xfe,
    0x7d, 0x72, 0xe6, 0x2e, 0x50, 0x3, 0x6f, 0x42,
    0xdf, 0xff, 0xff, 0xf5, 0x0, 0x2, 0xf0, 0x0,
    0x0, 0xd5, 0x0, 0x0, 0x0, 0x2f, 0x0, 0x22,
    0x2e, 0x62, 0x21, 0x0, 0x2, 0xf0, 0xf, 0xff,
    0xff, 0xff, 0xa0, 0x0, 0x5f, 0xc9, 0x0, 0xd,
    0x50, 0x0, 0x0, 0xef, 0xd9, 0x72, 0x22, 0xe7,
    0x22, 0x20, 0x4, 0x10, 0xf, 0xff, 0xff, 0xff,
    0xff, 0x0,

    /* U+7528 "用" */
    0x0, 0xff, 0xff, 0xff, 0xff, 0xff, 0xd0, 0xf,
    0x42, 0x24, 0xf2, 0x22, 0x6d, 0x0, 0xf2, 0x0,
    0x2f, 0x0, 0x5, 0xd0, 0xf, 0x31, 0x13, 0xf1,
    0x11, 0x5d, 0x0, 0xff, 0xff, 0xff, 0xff, 0xff,
    0xd0, 0xf, 0x31, 0x13, 0xf1, 0x11, 0x5d, 0x0,
    0xf2, 0x0, 0x2f, 0x0, 0x5, 0xd0, 0xf, 0x42,
    0x24, 0xf2, 0x22, 0x6d, 0x0, 0xff, 0xff, 0xff,
    0xff, 0xff, 0xd0, 0x2f, 0x0, 0x2, 0xf0, 0x0,
    0x5d, 0x6, 0xd0, 0x0, 0x2f, 0x0, 0x5, 0xd0,
    0xc9, 0x0, 0x2, 0xf0, 0x12, 0x8c, 0x2f, 0x30,
    0x0, 0x2d, 0x9, 0xff, 0x60, 0x10, 0x0, 0x0,
    0x0, 0x0, 0x0,

    /* U+7531 "由" */
    0x0, 0x0, 0x1, 0xf1, 0x0, 0x0, 0x0, 0x0,
    0x0, 0x1f, 0x10, 0x0, 0x0, 0x2, 0x22, 0x23,
    0xf3, 0x22, 0x22, 0x1, 0xff, 0xff, 0xff, 0xff,
    0xff, 0xf1, 0x1f, 0x10, 0x1, 0xf1, 0x0, 0x1f,
    0x11, 0xf1, 0x0, 0x1f, 0x10, 0x1, 0xf1, 0x1f,
    0x10, 0x1, 0xf1, 0x0, 0x1f, 0x11, 0xff, 0xff,
    0xff, 0xff, 0xff, 0xf1, 0x1f, 0x32, 0x23, 0xf3,
    0x22, 0x3f, 0x11, 0xf1, 0x0, 0x1f, 0x10, 0x1,
    0xf1, 0x1f, 0x10, 0x1, 0xf1, 0x0, 0x1f, 0x11,
    0xf3, 0x22, 0x3f, 0x32, 0x23, 0xf1, 0x1f, 0xff,
    0xff, 0xff, 0xff, 0xff, 0x11, 0xf1, 0x0, 0x0,
    0x0, 0x1, 0xf1,

    /* U+7533 "申" */
    0x0, 0x0, 0x1, 0xf1, 0x0, 0x0, 0x0, 0x0,
    0x0, 0x1f, 0x10, 0x0, 0x0, 0x1f, 0xff, 0xff,
    0xff, 0xff, 0xff, 0x1, 0xf3, 0x22, 0x3f, 0x32,
    0x23, 0xf0, 0x1f, 0x10, 0x1, 0xf1, 0x0, 0x1f,
    0x1, 0xf3, 0x22, 0x3f, 0x32, 0x23, 0xf0, 0x1f,
    0xff, 0xff, 0xff, 0xff, 0xff, 0x1, 0xf1, 0x0,
    0x1f, 0x10, 0x1, 0xf0, 0x1f, 0x10, 0x1, 0xf1,
    0x0, 0x1f, 0x1, 0xff, 0xff, 0xff, 0xff, 0xff,
    0xf0, 0x2, 0x22, 0x23, 0xf3, 0x22, 0x22, 0x0,
    0x0, 0x0, 0x1f, 0x10, 0x0, 0x0, 0x0, 0x0,
    0x1, 0xf1, 0x0, 0x0, 0x0, 0x0, 0x0, 0x1f,
    0x10, 0x0, 0x0,

    /* U+7535 "电" */
    0x0, 0x0, 0x2, 0xf0, 0x0, 0x0, 0x0, 0x0,
    0x0, 0x2f, 0x0, 0x0, 0x0, 0x2f, 0xff, 0xff,
    0xff, 0xff, 0xf2, 0x2, 0xf2, 0x22, 0x4f, 0x22,
    0x2f, 0x20, 0x2f, 0x0, 0x2, 0xf0, 0x0, 0xf2,
    0x2, 0xf2, 0x22, 0x4f, 0x22, 0x2f, 0x20, 0x2f,
    0xff, 0xff, 0xff, 0xff, 0xf2, 0x2, 0xf0, 0x0,
    0x2f, 0x0, 0xf, 0x20, 0x2f, 0x0, 0x2, 0xf0,
    0x0, 0xf2, 0x2, 0xff, 0xff, 0xff, 0xff, 0xff,
    0x53, 0x2, 0x22, 0x24, 0xf2, 0x22, 0x27, 0xd0,
    0x0, 0x0, 0x2f, 0x0, 0x0, 0x7c, 0x0, 0x0,
    0x1, 0xf5, 0x22, 0x3c, 0xa0, 0x0, 0x0, 0xa,
    0xff, 0xff, 0xe3,

    /* U+753B "画" */
    0xf, 0xff, 0xff, 0xff, 0xff, 0xff, 0xff, 0x0,
    0x22, 0x22, 0x22, 0x22, 0x22, 0x22, 0x20, 0x2,
    0x40, 0x1, 0x11, 0x11, 0x0, 0x42, 0x0, 0x5d,
    0xc, 0xff, 0xff, 0xfc, 0xd, 0x60, 0x5, 0xd0,
    0xc5, 0xf, 0x5, 0xc0, 0xd6, 0x0, 0x5d, 0xc,
    0x50, 0xf0, 0x5c, 0xd, 0x60, 0x5, 0xd0, 0xcf,
    0xff, 0xff, 0xc0, 0xd6, 0x0, 0x5d, 0xc, 0x50,
    0xf0, 0x5c, 0xd, 0x60, 0x5, 0xd0, 0xc6, 0x1f,
    0x16, 0xc0, 0xd6, 0x0, 0x5d, 0xc, 0xff, 0xff,
    0xfc, 0xd, 0x60, 0x5, 0xd0, 0x0, 0x0, 0x0,
    0x0, 0xd6, 0x0, 0x5f, 0xff, 0xff, 0xff, 0xff,
    0xff, 0x60, 0x0, 0x22, 0x22, 0x22, 0x22, 0x22,
    0xd6, 0x0,

    /* U+7559 "留" */
    0x0, 0x3, 0x79, 0x0, 0x0, 0x0, 0x2, 0xef,
    0xfc, 0x89, 0xff, 0xff, 0xf6, 0x2f, 0x20, 0x70,
    0x6, 0xe0, 0x8, 0x52, 0xf0, 0xa, 0x80, 0x8b,
    0x0, 0x94, 0x2f, 0x4a, 0xff, 0x3e, 0x60, 0xc,
    0x25, 0xfe, 0x82, 0x5d, 0xb0, 0xff, 0xc0, 0x14,
    0x0, 0x0, 0x70, 0x0, 0x0, 0x0, 0xaf, 0xff,
    0xff, 0xff, 0xff, 0xf0, 0xa, 0x91, 0x12, 0xf2,
    0x11, 0x3f, 0x0, 0xa9, 0x0, 0x1f, 0x10, 0x2,
    0xf0, 0xa, 0xff, 0xff, 0xff, 0xff, 0xff, 0x0,
    0xa9, 0x0, 0x1f, 0x10, 0x2, 0xf0, 0xa, 0xff,
    0xff, 0xff, 0xff, 0xff, 0x0, 0xa9, 0x0, 0x0,
    0x0, 0x2, 0xf0,

    /* U+767D "白" */
    0x0, 0x0, 0x0, 0x0, 0x0, 0x0, 0x0, 0xc,
    0x90, 0x0, 0x0, 0x0, 0x3, 0xf5, 0x0, 0x0,
    0xf, 0xff, 0xff, 0xff, 0xff, 0xff, 0xf4, 0x22,
    0x22, 0x22, 0x24, 0xff, 0x20, 0x0, 0x0, 0x0,
    0x2f, 0xf2, 0x0, 0x0, 0x0, 0x2, 0xff, 0x20,
    0x0, 0x0, 0x0, 0x2f, 0xff, 0xff, 0xff, 0xff,
    0xff, 0xff, 0x42, 0x22, 0x22, 0x22, 0x4f, 0xf2,
    0x0, 0x0, 0x0, 0x2, 0xff, 0x20, 0x0, 0x0,
    0x0, 0x2f, 0xf4, 0x22, 0x22, 0x22, 0x24, 0xff,
    0xff, 0xff, 0xff, 0xff, 0xff, 0xf2, 0x0, 0x0,
    0x0, 0x2, 0xf0, 0x0, 0x0, 0x0, 0x0, 0x0,

    /* U+7684 "的" */
    0x0, 0x8, 0x10, 0x0, 0x75, 0x0, 0x0, 0x0,
    0x4f, 0x10, 0x0, 0xe7, 0x0, 0x0, 0x3, 0x9e,
    0x33, 0x5, 0xf4, 0x22, 0x20, 0x2f, 0xff, 0xff,
    0xd, 0xff, 0xff, 0xf2, 0x2f, 0x0, 0x1f, 0x6f,
    0x30, 0x0, 0xf1, 0x2f, 0x0, 0x1f, 0x79, 0x0,
    0x1, 0xf1, 0x2f, 0x0, 0x1f, 0x6, 0xb0, 0x1,
    0xf0, 0x2f, 0xff, 0xff, 0x2, 0xf9, 0x2, 0xf0,
    0x2f, 0x22, 0x3f, 0x0, 0x5f, 0x62, 0xf0, 0x2f,
    0x0, 0x1f, 0x0, 0x5, 0x3, 0xf0, 0x2f, 0x0,
    0x1f, 0x0, 0x0, 0x3, 0xe0, 0x2f, 0x22, 0x3f,
    0x0, 0x0, 0x4, 0xe0, 0x2f, 0xff, 0xff, 0x0,
    0x12, 0x29, 0xc0, 0x2f, 0x0, 0x0, 0x0, 0x8f,
    0xfe, 0x50, 0x3, 0x0, 0x0, 0x0, 0x0, 0x0,
    0x0,

    /* U+76D8 "盘" */
    0x0, 0x0, 0x0, 0x11, 0x0, 0x0, 0x0, 0x0,
    0x0, 0x0, 0x8, 0xd0, 0x0, 0x0, 0x0, 0x0,
    0xb, 0xff, 0xff, 0xff, 0xff, 0x30, 0x0, 0x0,
    0xb9, 0x17, 0x61, 0x12, 0xf3, 0x0, 0x0, 0xb,
    0x90, 0x5f, 0x70, 0xf, 0x30, 0x0, 0x0, 0xb9,
    0x0, 0x59, 0x1, 0xf3, 0x0, 0xf, 0xff, 0xff,
    0xff, 0xff, 0xff, 0xff, 0x10, 0x0, 0xf5, 0xa,
    0x60, 0x0, 0xf3, 0x0, 0x0, 0xbd, 0x0, 0x3d,
    0x78, 0xaf, 0x10, 0x0, 0x8d, 0x10, 0x0, 0x0,
    0x77, 0x40, 0x0, 0x0, 0xbf, 0xff, 0xff, 0xff,
    0xff, 0xb0, 0x0, 0xb, 0x91, 0x9a, 0x19, 0x91,
    0x9b, 0x0, 0x0, 0xb9, 0x8, 0x90, 0x99, 0x8,
    0xb0, 0x0, 0x1b, 0x91, 0x9a, 0x19, 0x91, 0x9b,
    0x10, 0x1f, 0xff, 0xff, 0xff, 0xff, 0xff, 0xff,
    0x10,

    /* U+76EE "目" */
    0x2f, 0xff, 0xff, 0xff, 0xff, 0xf2, 0xf2, 0x22,
    0x22, 0x22, 0x4f, 0x2f, 0x0, 0x0, 0x0, 0x2,
    0xf2, 0xf2, 0x22, 0x22, 0x22, 0x4f, 0x2f, 0xff,
    0xff, 0xff, 0xff, 0xf2, 0xf0, 0x0, 0x0, 0x0,
    0x2f, 0x2f, 0x0, 0x0, 0x0, 0x2, 0xf2, 0xff,
    0xff, 0xff, 0xff, 0xff, 0x2f, 0x22, 0x22, 0x22,
    0x24, 0xf2, 0xf0, 0x0, 0x0, 0x0, 0x2f, 0x2f,
    0x22, 0x22, 0x22, 0x24, 0xf2, 0xff, 0xff, 0xff,
    0xff, 0xff, 0x2f, 0x0, 0x0, 0x0, 0x2, 0xf0,
    0x0, 0x0, 0x0, 0x0, 0x0,

    /* U+76F4 "直" */
    0x0, 0x0, 0x0, 0x2f, 0x10, 0x0, 0x0, 0x0,
    0x1, 0x11, 0x13, 0xf2, 0x11, 0x11, 0x0, 0xa,
    0xff, 0xff, 0xff, 0xff, 0xff, 0xfb, 0x0, 0x0,
    0x11, 0x13, 0xf2, 0x11, 0x10, 0x0, 0x0, 0x3f,
    0xff, 0xff, 0xff, 0xff, 0x30, 0x0, 0x3, 0xf1,
    0x0, 0x0, 0x0, 0xf3, 0x0, 0x0, 0x3f, 0xff,
    0xff, 0xff, 0xff, 0x30, 0x0, 0x3, 0xf1, 0x0,
    0x0, 0x0, 0xf3, 0x0, 0x0, 0x3f, 0xff, 0xff,
    0xff, 0xff, 0x30, 0x0, 0x3, 0xf1, 0x0, 0x0,
    0x0, 0xf3, 0x0, 0x0, 0x3f, 0xff, 0xff, 0xff,
    0xff, 0x30, 0x0, 0x3, 0xf1, 0x0, 0x0, 0x1,
    0xf3, 0x0, 0x2, 0x4f, 0x32, 0x22, 0x22, 0x2f,
    0x52, 0x2, 0xff, 0xff, 0xff, 0xff, 0xff, 0xff,
    0xf2,

    /* U+770B "看" */
    0x0, 0x0, 0x0, 0x0, 0x12, 0x35, 0x70, 0x0,
    0x5c, 0xdd, 0xef, 0xfe, 0xdc, 0xba, 0x10, 0x1,
    0x32, 0x22, 0xf4, 0x0, 0x0, 0x0, 0x0, 0xe,
    0xee, 0xef, 0xee, 0xee, 0xee, 0x0, 0x0, 0x0,
    0xc, 0x90, 0x0, 0x0, 0x0, 0x1, 0xff, 0xff,
    0xff, 0xff, 0xff, 0xff, 0xf0, 0x0, 0x1, 0xe9,
    0x0, 0x0, 0x0, 0x0, 0x0, 0x0, 0xbf, 0xfe,
    0xee, 0xee, 0xe5, 0x0, 0x0, 0xaf, 0xc1, 0x11,
    0x11, 0x1d, 0x60, 0x0, 0xbe, 0xaf, 0xee, 0xee,
    0xee, 0xf6, 0x0, 0x9, 0x17, 0xd6, 0x66, 0x66,
    0x6e, 0x60, 0x0, 0x0, 0x7d, 0x55, 0x55, 0x55,
    0xe6, 0x0, 0x0, 0x7, 0xff, 0xff, 0xff, 0xff,
    0x60, 0x0, 0x0, 0x7b, 0x0, 0x0, 0x0, 0xd6,
    0x0, 0x0, 0x0, 0x0, 0x0, 0x0, 0x0, 0x0,
    0x0,

    /* U+7720 "眠" */
    0x2f, 0xff, 0xf0, 0xff, 0xff, 0xff, 0xf0, 0x2f,
    0x24, 0xf0, 0xf2, 0x22, 0x24, 0xf0, 0x2f, 0x2,
    0xf0, 0xf0, 0x0, 0x2, 0xf0, 0x2f, 0x24, 0xf0,
    0xfa, 0xaa, 0xaa, 0xf0, 0x2f, 0xff, 0xf0, 0xfb,
    0xbf, 0xbb, 0xb0, 0x2f, 0x2, 0xf0, 0xf0, 0xf,
    0x20, 0x0, 0x2f, 0x2, 0xf0, 0xf8, 0x8f, 0x98,
    0x80, 0x2f, 0xff, 0xf0, 0xf9, 0x9e, 0xc9, 0x90,
    0x2f, 0x13, 0xf0, 0xf0, 0xa, 0x80, 0x0, 0x2f,
    0x2, 0xf0, 0xf0, 0x7, 0xb0, 0x47, 0x2f, 0xff,
    0xf0, 0xf6, 0xd3, 0xf1, 0x79, 0x2f, 0x22, 0x20,
    0xff, 0x60, 0xdb, 0xd6, 0x2f, 0x0, 0x2, 0xd2,
    0x0, 0x3e, 0xd0, 0x0, 0x0, 0x0, 0x0, 0x0,
    0x0, 0x0,

    /* U+77E5 "知" */
    0x0, 0x68, 0x0, 0x0, 0x0, 0x0, 0x0, 0x0,
    0xd7, 0x0, 0x0, 0x99, 0x99, 0x91, 0x2, 0xff,
    0xff, 0xf1, 0xfb, 0xaa, 0xf2, 0xa, 0xb5, 0xf2,
    0x20, 0xf3, 0x0, 0xf2, 0xe, 0x33, 0xf0, 0x0,
    0xf3, 0x0, 0xf2, 0x1, 0x3, 0xf0, 0x0, 0xf3,
    0x0, 0xf2, 0x1f, 0xff, 0xff, 0xf5, 0xf3, 0x0,
    0xf2, 0x2, 0x27, 0xe2, 0x21, 0xf3, 0x0, 0xf2,
    0x0, 0x8, 0xd0, 0x0, 0xf3, 0x0, 0xf2, 0x0,
    0xd, 0xf7, 0x0, 0xf3, 0x0, 0xf2, 0x0, 0x4f,
    0x9f, 0x40, 0xf3, 0x0, 0xf2, 0x0, 0xdb, 0xa,
    0xe2, 0xff, 0xff, 0xf2, 0x9, 0xf2, 0x0, 0x90,
    0xf5, 0x22, 0xf2, 0xe, 0x70, 0x0, 0x0, 0xf3,
    0x0, 0xf2, 0x2, 0x0, 0x0, 0x0, 0x0, 0x0,
    0x0,

    /* U+77ED "短" */
    0x0, 0x86, 0x0, 0x0, 0x0, 0x0, 0x0, 0x0,
    0xe, 0x50, 0x9, 0xff, 0xff, 0xff, 0xc0, 0x3,
    0xff, 0xff, 0x12, 0x22, 0x22, 0x21, 0x0, 0x9c,
    0xcb, 0x60, 0x11, 0x11, 0x11, 0x0, 0xf, 0x49,
    0x80, 0x2f, 0xff, 0xff, 0xf2, 0x0, 0x30, 0x98,
    0x2, 0xf2, 0x11, 0x1f, 0x20, 0xe, 0xef, 0xfe,
    0x4f, 0x10, 0x0, 0xf2, 0x0, 0x33, 0xb9, 0x32,
    0xff, 0xff, 0xff, 0x20, 0x0, 0xc, 0x60, 0x3,
    0x42, 0x24, 0x40, 0x0, 0x0, 0xfd, 0x0, 0xba,
    0x0, 0x8c, 0x0, 0x0, 0x5f, 0xda, 0x6, 0xf1,
    0xe, 0x70, 0x0, 0xc, 0x92, 0xf4, 0xe, 0x64,
    0xf1, 0x0, 0x5, 0xf2, 0x4, 0x22, 0x52, 0xbc,
    0x22, 0x0, 0xe8, 0x0, 0x2f, 0xff, 0xff, 0xff,
    0xf0, 0x4, 0x0, 0x0, 0x0, 0x0, 0x0, 0x0,
    0x0,

    /* U+7801 "码" */
    0xf, 0xff, 0xff, 0x7f, 0xff, 0xff, 0x60, 0x2,
    0x5f, 0x32, 0x17, 0x52, 0x2e, 0x50, 0x0, 0x8c,
    0x0, 0xc, 0x60, 0xf, 0x30, 0x0, 0xd7, 0x0,
    0xd, 0x50, 0xf, 0x20, 0x3, 0xf8, 0x54, 0xf,
    0x40, 0x2f, 0x10, 0xa, 0xff, 0xfb, 0xf, 0x52,
    0x5f, 0x20, 0x3f, 0xf0, 0x6b, 0x1f, 0xff, 0xff,
    0xf3, 0x2b, 0xf0, 0x6b, 0x0, 0x0, 0x0, 0xe2,
    0x1, 0xf0, 0x6b, 0x68, 0x88, 0x82, 0xf2, 0x1,
    0xf0, 0x6b, 0x68, 0x88, 0x83, 0xf1, 0x1, 0xff,
    0xfb, 0x0, 0x0, 0x1, 0xf0, 0x1, 0xf2, 0x21,
    0x0, 0x2, 0x27, 0xd0, 0x0, 0xc0, 0x0, 0x0,
    0x3f, 0xfe, 0x60,

    /* U+786C "硬" */
    0xf, 0xff, 0xfb, 0xff, 0xff, 0xff, 0xfa, 0x2,
    0x7d, 0x21, 0x11, 0x1f, 0x31, 0x11, 0x0, 0xa9,
    0x0, 0x11, 0x1f, 0x31, 0x10, 0x0, 0xf5, 0x0,
    0xcf, 0xff, 0xff, 0xf1, 0x5, 0xf8, 0x71, 0xc3,
    0xf, 0x20, 0xf1, 0xd, 0xf9, 0xe3, 0xcf, 0xff,
    0xff, 0xf1, 0x4f, 0xe0, 0xd3, 0xc3, 0xf, 0x20,
    0xf1, 0x17, 0xe0, 0xd3, 0xcf, 0xff, 0xff, 0xf1,
    0x2, 0xe0, 0xd3, 0x64, 0x3f, 0x11, 0x10, 0x2,
    0xe0, 0xd3, 0x8e, 0x7d, 0x0, 0x0, 0x2, 0xff,
    0xf3, 0xb, 0xfb, 0x10, 0x0, 0x1, 0xb2, 0x38,
    0xcf, 0x8b, 0xfd, 0xa6, 0x0, 0x0, 0xa, 0x61,
    0x0, 0x15, 0x95,

    /* U+78C1 "磁" */
    0x0, 0x0, 0x0, 0x4, 0x0, 0x3, 0x20, 0x0,
    0x44, 0x44, 0x20, 0xc9, 0x0, 0xd7, 0x0, 0xd,
    0xef, 0xd7, 0x25, 0xe2, 0x7e, 0x32, 0x0, 0x6,
    0xd0, 0x5f, 0xff, 0xff, 0xff, 0xf3, 0x0, 0xa8,
    0x0, 0x1f, 0x20, 0x2e, 0x0, 0x0, 0xf, 0x52,
    0x7, 0xa3, 0x49, 0x82, 0x50, 0x5, 0xff, 0xf3,
    0xe2, 0xa7, 0xe1, 0xa7, 0x0, 0xde, 0xd, 0x9e,
    0xbe, 0x7f, 0xdf, 0x10, 0x1d, 0xe0, 0xd5, 0x7c,
    0x81, 0x5a, 0xa0, 0x0, 0x3e, 0xd, 0x31, 0xf2,
    0x0, 0xe4, 0x0, 0x1, 0xe0, 0xd3, 0x8a, 0xd1,
    0x6b, 0xe1, 0x0, 0x1e, 0x1d, 0x4f, 0x2b, 0x5e,
    0x39, 0x60, 0x1, 0xff, 0xfb, 0xeb, 0xec, 0xfc,
    0xeb, 0x0, 0x1e, 0x0, 0x36, 0x57, 0xc7, 0x54,
    0xe0, 0x0, 0x0, 0x0, 0x0, 0x2, 0x0, 0x1,
    0x0,

    /* U+793A "示" */
    0x0, 0xbf, 0xff, 0xff, 0xff, 0xff, 0xd0, 0x0,
    0x1, 0x22, 0x22, 0x22, 0x22, 0x22, 0x0, 0x0,
    0x0, 0x0, 0x0, 0x0, 0x0, 0x0, 0x0, 0x0,
    0x0, 0x0, 0x0, 0x0, 0x0, 0x0, 0xf, 0xff,
    0xff, 0xff, 0xff, 0xff, 0xff, 0x20, 0x22, 0x22,
    0x22, 0xf7, 0x22, 0x22, 0x20, 0x0, 0x3, 0x60,
    0xf, 0x60, 0x53, 0x0, 0x0, 0x0, 0xcb, 0x0,
    0xf6, 0xc, 0xd0, 0x0, 0x0, 0x5f, 0x30, 0xf,
    0x60, 0x2f, 0x80, 0x0, 0x1e, 0xa0, 0x0, 0xf6,
    0x0, 0x7f, 0x30, 0xa, 0xf1, 0x0, 0xf, 0x60,
    0x0, 0xdc, 0x0, 0xc5, 0x4, 0x58, 0xf5, 0x0,
    0x4, 0xa0, 0x0, 0x0, 0xaf, 0xfc, 0x0, 0x0,
    0x0, 0x0,

    /* U+79D2 "秒" */
    0x0, 0x0, 0x3, 0x0, 0xf, 0x20, 0x0, 0x6,
    0x9c, 0xff, 0x30, 0xf, 0x20, 0x0, 0xe, 0xdf,
    0x82, 0x5, 0x2f, 0x4b, 0x0, 0x0, 0xf, 0x30,
    0xd, 0x5f, 0x3f, 0x60, 0x2, 0x2f, 0x52, 0x3f,
    0xf, 0x28, 0xd0, 0x1f, 0xff, 0xff, 0xbb, 0xf,
    0x21, 0xf5, 0x0, 0x4f, 0x30, 0xe5, 0xf, 0x20,
    0xab, 0x0, 0xcf, 0xb3, 0xa0, 0xf, 0x25, 0xa0,
    0x4, 0xcf, 0xaf, 0x30, 0xd, 0x3e, 0x70, 0xd,
    0x4f, 0x34, 0x0, 0x0, 0xcc, 0x0, 0x2b, 0xf,
    0x30, 0x0, 0x1c, 0xd1, 0x0, 0x0, 0xf, 0x30,
    0x5, 0xed, 0x10, 0x0, 0x0, 0xf, 0x34, 0xcf,
    0x90, 0x0, 0x0, 0x0, 0xf, 0x36, 0xc3, 0x0,
    0x0, 0x0, 0x0, 0x0, 0x0, 0x0, 0x0, 0x0,
    0x0,

    /* U+79F0 "称" */
    0x0, 0x0, 0x33, 0x7, 0x80, 0x0, 0x0, 0x0,
    0x9d, 0xff, 0x90, 0xd6, 0x0, 0x0, 0x0, 0x5,
    0x7f, 0x0, 0x2f, 0xff, 0xff, 0xfd, 0x0, 0x2,
    0xf0, 0x7, 0xa2, 0x22, 0x2c, 0xb0, 0x2, 0x4f,
    0x22, 0xe3, 0x0, 0x1, 0xf4, 0x0, 0xff, 0xff,
    0xcc, 0x0, 0xf2, 0x7d, 0x0, 0x0, 0x6f, 0x0,
    0x0, 0xf, 0x20, 0x10, 0x0, 0xc, 0xfb, 0x3,
    0xd0, 0xf2, 0xc6, 0x0, 0x4, 0xff, 0xca, 0x9a,
    0xf, 0x27, 0xc0, 0x0, 0xd8, 0xf0, 0x3e, 0x40,
    0xf2, 0x1f, 0x30, 0x1c, 0x2f, 0x5, 0xe0, 0xf,
    0x20, 0xaa, 0x0, 0x2, 0xf0, 0xd7, 0x0, 0xf2,
    0x3, 0xf1, 0x0, 0x2f, 0x2, 0x6, 0x8f, 0x20,
    0x3, 0x0, 0x2, 0xf0, 0x0, 0xad, 0x90, 0x0,
    0x0,

    /* U+79FB "移" */
    0x0, 0x0, 0x0, 0x0, 0x6, 0x0, 0x0, 0x1,
    0x36, 0xac, 0x0, 0x9d, 0x11, 0x10, 0xe, 0xff,
    0x95, 0x6, 0xff, 0xff, 0xfa, 0x1, 0x1f, 0x10,
    0x8f, 0x80, 0x4, 0xe3, 0x2, 0x3f, 0x32, 0xb5,
    0xe6, 0x8f, 0x40, 0xf, 0xff, 0xfd, 0x0, 0x8e,
    0xc2, 0x0, 0x0, 0x5f, 0x21, 0xbe, 0xac, 0x70,
    0x0, 0x0, 0xcf, 0xe6, 0x20, 0x6f, 0xff, 0xff,
    0x3, 0xbf, 0x48, 0x7, 0xd2, 0x11, 0xbb, 0xd,
    0x4f, 0x12, 0xbd, 0xe6, 0x7, 0xe1, 0xa, 0x1f,
    0x14, 0x90, 0x3a, 0x8f, 0x30, 0x0, 0x1f, 0x10,
    0x0, 0x4d, 0xd3, 0x0, 0x0, 0x1f, 0x12, 0x7d,
    0xf8, 0x0, 0x0, 0x0, 0x1f, 0x1a, 0xd7, 0x10,
    0x0, 0x0, 0x0, 0x0, 0x0, 0x0, 0x0, 0x0,
    0x0,

    /* U+7A0B "程" */
    0x0, 0x0, 0x13, 0x0, 0x0, 0x0, 0x0, 0x0,
    0x8b, 0xef, 0xc8, 0xff, 0xff, 0xff, 0x20, 0xa,
    0xaf, 0x30, 0x8a, 0x11, 0x11, 0xf2, 0x0, 0x1,
    0xf0, 0x8, 0x90, 0x0, 0xf, 0x20, 0x2, 0x3f,
    0x32, 0x8c, 0x77, 0x77, 0xf2, 0x0, 0xff, 0xff,
    0xd5, 0x99, 0x99, 0x99, 0x10, 0x0, 0x6f, 0x0,
    0x11, 0x11, 0x11, 0x11, 0x0, 0xd, 0xf7, 0xf,
    0xff, 0xff, 0xff, 0xb0, 0x7, 0xef, 0xcb, 0x0,
    0xf, 0x20, 0x0, 0x2, 0xf6, 0xf0, 0x2c, 0xff,
    0xff, 0xff, 0x50, 0x9, 0x1f, 0x0, 0x11, 0x1f,
    0x31, 0x10, 0x0, 0x1, 0xf0, 0x0, 0x0, 0xf2,
    0x0, 0x0, 0x0, 0x1f, 0x9, 0xff, 0xff, 0xff,
    0xff, 0x10, 0x1, 0xf0, 0x12, 0x22, 0x22, 0x22,
    0x20,

    /* U+7A7A "空" */
    0x0, 0x0, 0x1, 0x92, 0x0, 0x0, 0x0, 0x0,
    0x0, 0x0, 0xe8, 0x0, 0x0, 0x0, 0x5f, 0xff,
    0xff, 0xff, 0xff, 0xff, 0xb0, 0x5f, 0x11, 0x11,
    0x11, 0x11, 0x1a, 0xb0, 0x4e, 0x0, 0x86, 0x1,
    0xc3, 0x9, 0xa0, 0x0, 0x4d, 0xe5, 0x1, 0xaf,
    0xb2, 0x0, 0x3b, 0xfa, 0x10, 0x0, 0x3, 0xcf,
    0x90, 0xab, 0x30, 0x0, 0x0, 0x0, 0x5, 0xc0,
    0x1, 0xff, 0xff, 0xff, 0xff, 0xf8, 0x0, 0x0,
    0x22, 0x22, 0xf7, 0x22, 0x21, 0x0, 0x0, 0x0,
    0x0, 0xf6, 0x0, 0x0, 0x0, 0x0, 0x0, 0x0,
    0xf6, 0x0, 0x0, 0x0, 0x9f, 0xff, 0xff, 0xff,
    0xff, 0xff, 0xf0, 0x12, 0x22, 0x22, 0x22, 0x22,
    0x22, 0x20,

    /* U+7AD9 "站" */
    0x0, 0x0, 0x0, 0x0, 0x0, 0x0, 0x0, 0x0,
    0x1, 0xe3, 0x0, 0x0, 0x2f, 0x0, 0x0, 0x0,
    0xc, 0x80, 0x0, 0x2, 0xf0, 0x0, 0x0, 0x0,
    0x55, 0x0, 0x0, 0x2f, 0x66, 0x63, 0xf, 0xff,
    0xff, 0xd0, 0x2, 0xfc, 0xcc, 0x60, 0x22, 0x22,
    0x42, 0x0, 0x2f, 0x0, 0x0, 0x7, 0xa0, 0xf,
    0x20, 0x2, 0xf0, 0x0, 0x0, 0x4e, 0x3, 0xf0,
    0x11, 0x3f, 0x11, 0x0, 0x1, 0xf1, 0x7c, 0xd,
    0xff, 0xff, 0xf2, 0x0, 0xd, 0x5a, 0x80, 0xda,
    0x11, 0x1f, 0x20, 0x0, 0xa8, 0xe4, 0xd, 0x90,
    0x0, 0xf2, 0x0, 0x1, 0x2f, 0x33, 0xd9, 0x0,
    0xf, 0x20, 0x7, 0xad, 0xff, 0xad, 0xa2, 0x22,
    0xf2, 0x0, 0xda, 0x74, 0x10, 0xdf, 0xff, 0xff,
    0x20, 0x0, 0x0, 0x0, 0xd, 0x90, 0x0, 0xf2,
    0x0,

    /* U+7B2C "第" */
    0x0, 0x32, 0x0, 0x0, 0x51, 0x0, 0x0, 0x1,
    0xe6, 0x11, 0x7, 0xf2, 0x11, 0x10, 0xc, 0xff,
    0xff, 0xbf, 0xff, 0xff, 0xf4, 0x9d, 0x24, 0x90,
    0x89, 0x5, 0xa0, 0x0, 0x7, 0xff, 0xff, 0xff,
    0xff, 0xff, 0x0, 0x0, 0x11, 0x12, 0xf2, 0x11,
    0x3f, 0x0, 0x0, 0x11, 0x12, 0xf2, 0x11, 0x3f,
    0x0, 0x7, 0xff, 0xff, 0xff, 0xff, 0xff, 0x0,
    0xa, 0x80, 0x1, 0xf1, 0x0, 0x0, 0x0, 0xc,
    0xff, 0xff, 0xff, 0xff, 0xff, 0xa0, 0x0, 0x0,
    0x7f, 0xf1, 0x0, 0x9, 0x90, 0x0, 0x3b, 0xd4,
    0xf1, 0x11, 0x2c, 0x70, 0x4c, 0xf9, 0x1, 0xf1,
    0x9f, 0xfd, 0x10, 0x58, 0x10, 0x1, 0xf1, 0x0,
    0x0, 0x0,

    /* U+7B49 "等" */
    0x0, 0x5, 0x10, 0x0, 0x15, 0x0, 0x0, 0x0,
    0x6, 0xf3, 0x11, 0x8, 0xd1, 0x11, 0x10, 0x2,
    0xef, 0xff, 0xfc, 0xff, 0xff, 0xff, 0x0, 0xdc,
    0xc, 0x90, 0x87, 0x9, 0xc0, 0x0, 0x3, 0x10,
    0x22, 0x3f, 0x10, 0x2, 0x0, 0x0, 0x1f, 0xff,
    0xff, 0xff, 0xff, 0xff, 0x0, 0x0, 0x0, 0x0,
    0x3f, 0x10, 0x0, 0x0, 0x1, 0xff, 0xff, 0xff,
    0xff, 0xff, 0xff, 0xf0, 0x1, 0x11, 0x11, 0x11,
    0x14, 0xf1, 0x11, 0x0, 0x11, 0x11, 0x11, 0x11,
    0x5f, 0x21, 0x0, 0xa, 0xff, 0xff, 0xff, 0xff,
    0xff, 0xf9, 0x0, 0x0, 0x8b, 0x20, 0x0, 0x4f,
    0x10, 0x0, 0x0, 0x0, 0x8e, 0x11, 0x17, 0xf0,
    0x0, 0x0, 0x0, 0x0, 0x1, 0xff, 0xfa, 0x0,
    0x0,

    /* U+7B97 "算" */
    0x0, 0x2, 0x0, 0x0, 0x2, 0x0, 0x0, 0x0,
    0x0, 0xe5, 0x0, 0x4, 0xf1, 0x0, 0x0, 0x0,
    0x8f, 0xff, 0xfa, 0xcf, 0xff, 0xff, 0x0, 0x4f,
    0x29, 0x90, 0x6d, 0x9, 0x90, 0x0, 0xd, 0x60,
    0x17, 0x7, 0x50, 0x17, 0x0, 0x0, 0x27, 0xfe,
    0xee, 0xee, 0xee, 0xf7, 0x0, 0x0, 0x7d, 0x55,
    0x55, 0x55, 0x5c, 0x70, 0x0, 0x7, 0xd6, 0x66,
    0x66, 0x66, 0xd7, 0x0, 0x0, 0x7f, 0xdd, 0xdd,
    0xdd, 0xdf, 0x70, 0x0, 0x7, 0xc0, 0x0, 0x0,
    0x0, 0xb7, 0x0, 0x0, 0x6e, 0xff, 0xee, 0xef,
    0xfe, 0x70, 0x0, 0x0, 0xa, 0x90, 0x0, 0x5e,
    0x0, 0x0, 0x1f, 0xff, 0xff, 0xff, 0xff, 0xff,
    0xff, 0x10, 0x0, 0x6f, 0x20, 0x0, 0x5e, 0x0,
    0x0, 0x0, 0xad, 0x30, 0x0, 0x5, 0xe0, 0x0,
    0x0, 0x0, 0x0, 0x0, 0x0, 0x0, 0x0, 0x0,

    /* U+7BA1 "管" */
    0x0, 0x13, 0x0, 0x0, 0x4, 0x0, 0x0, 0x0,
    0xbc, 0x0, 0x0, 0x6f, 0x20, 0x0, 0x7, 0xff,
    0xff, 0xfb, 0xef, 0xff, 0xff, 0x2d, 0x41, 0x93,
    0x3a, 0x70, 0x57, 0x0, 0xf, 0xff, 0xff, 0xff,
    0xff, 0xff, 0xf9, 0xf, 0x20, 0x0, 0x0, 0x0,
    0x0, 0xb9, 0x5, 0xcf, 0xff, 0xff, 0xff, 0xff,
    0x43, 0x0, 0xca, 0x0, 0x0, 0x0, 0x2f, 0x0,
    0x0, 0xcf, 0xff, 0xff, 0xff, 0xff, 0x0, 0x0,
    0xca, 0x0, 0x0, 0x0, 0x0, 0x0, 0x0, 0xcf,
    0xee, 0xee, 0xee, 0xef, 0x60, 0x0, 0xca, 0x0,
    0x0, 0x0, 0xd, 0x60, 0x0, 0xcf, 0xff, 0xff,
    0xff, 0xff, 0x60, 0x0, 0xca, 0x0, 0x0, 0x0,
    0xd, 0x60, 0x0, 0x0, 0x0, 0x0, 0x0, 0x0,
    0x0,

    /* U+7BB1 "箱" */
    0x0, 0x6, 0x10, 0x0, 0x15, 0x0, 0x0, 0x0,
    0x6f, 0x41, 0x10, 0x8e, 0x21, 0x11, 0x2, 0xff,
    0xff, 0xfa, 0xff, 0xff, 0xfe, 0x1d, 0xc0, 0xba,
    0xb, 0xc1, 0xc8, 0x0, 0x8, 0x1d, 0x54, 0x4,
    0x31, 0x33, 0x10, 0x0, 0xf, 0x40, 0x4f, 0xff,
    0xff, 0xf2, 0xc, 0xdf, 0xdd, 0x4f, 0x0, 0x0,
    0xf2, 0x0, 0x5f, 0x40, 0x4f, 0xff, 0xff, 0xf2,
    0x0, 0xdf, 0xe1, 0x4f, 0x0, 0x0, 0xf2, 0x5,
    0xef, 0xed, 0x5f, 0x0, 0x0, 0xf2, 0x1e, 0x4f,
    0x48, 0x4f, 0xff, 0xff, 0xf2, 0x6, 0xf, 0x40,
    0x4f, 0x0, 0x0, 0xf2, 0x0, 0xf, 0x40, 0x4f,
    0xff, 0xff, 0xf2, 0x0, 0xf, 0x40, 0x4e, 0x0,
    0x0, 0xe2,

    /* U+7C73 "米" */
    0x0, 0x0, 0x0, 0x4f, 0x0, 0x0, 0x0, 0x0,
    0xd, 0x60, 0x4, 0xf0, 0x0, 0xa9, 0x0, 0x0,
    0x8f, 0x30, 0x4f, 0x0, 0x6f, 0x40, 0x0, 0x0,
    0xbe, 0x14, 0xf0, 0x3f, 0x80, 0x0, 0x0, 0x0,
    0xb1, 0x4f, 0x6, 0xa0, 0x0, 0x0, 0x22, 0x22,
    0x25, 0xf2, 0x22, 0x22, 0x10, 0xf, 0xff, 0xff,
    0xff, 0xff, 0xff, 0xfb, 0x0, 0x0, 0x0, 0x4f,
    0xfd, 0x10, 0x0, 0x0, 0x0, 0x0, 0x2e, 0xbf,
    0xbc, 0x0, 0x0, 0x0, 0x0, 0x2e, 0xa4, 0xf1,
    0xdc, 0x10, 0x0, 0x0, 0x5f, 0xa0, 0x4f, 0x1,
    0xde, 0x40, 0x1, 0xbf, 0x80, 0x4, 0xf0, 0x0,
    0xbf, 0xa0, 0xc, 0x40, 0x0, 0x4f, 0x0, 0x0,
    0x79, 0x0, 0x0, 0x0, 0x4, 0xf0, 0x0, 0x0,
    0x0,

    /* U+7C97 "粗" */
    0x0, 0xe, 0x40, 0x0, 0x0, 0x0, 0x0, 0x0,
    0x60, 0xe4, 0x33, 0xef, 0xff, 0xff, 0x0, 0xf,
    0x1e, 0x4a, 0x6e, 0x62, 0x24, 0xf0, 0x0, 0xa6,
    0xe5, 0xf1, 0xe5, 0x0, 0x2f, 0x0, 0x5, 0x8e,
    0x9b, 0xe, 0x61, 0x13, 0xf0, 0x0, 0x22, 0xe6,
    0x20, 0xef, 0xff, 0xff, 0x0, 0xf, 0xff, 0xff,
    0x5e, 0x62, 0x24, 0xf0, 0x0, 0x5, 0xf4, 0x0,
    0xe5, 0x0, 0x2f, 0x0, 0x0, 0xdf, 0xb0, 0xe,
    0x62, 0x24, 0xf0, 0x0, 0x7e, 0xfe, 0xd1, 0xef,
    0xff, 0xff, 0x0, 0x1f, 0x4e, 0x58, 0xe, 0x50,
    0x2, 0xf0, 0x0, 0x50, 0xe4, 0x0, 0xe5, 0x0,
    0x2f, 0x0, 0x0, 0xe, 0x46, 0xff, 0xff, 0xff,
    0xff, 0x10, 0x0, 0xe4, 0x2, 0x22, 0x22, 0x22,
    0x20,

    /* U+7CFB "系" */
    0x0, 0x0, 0x0, 0x0, 0x12, 0x34, 0x61, 0x0,
    0x4c, 0xdd, 0xef, 0xff, 0xff, 0xfd, 0x30, 0x2,
    0x76, 0x6b, 0xf6, 0x21, 0x31, 0x0, 0x0, 0x0,
    0xa, 0xe3, 0x0, 0x6f, 0xa0, 0x0, 0x0, 0x5e,
    0xe6, 0x67, 0xbf, 0x80, 0x0, 0x0, 0xa, 0xdc,
    0xad, 0xfd, 0x31, 0x0, 0x0, 0x0, 0x0, 0x2b,
    0xf7, 0x2, 0xf5, 0x0, 0x0, 0x2, 0x9f, 0x91,
    0x0, 0x19, 0xf4, 0x0, 0x1, 0xff, 0xfe, 0xff,
    0xff, 0xff, 0xf3, 0x0, 0x5, 0x54, 0x32, 0xf6,
    0x0, 0x9, 0x50, 0x0, 0x4, 0xd1, 0xf, 0x55,
    0xc2, 0x0, 0x0, 0x7, 0xf8, 0x0, 0xf5, 0x1b,
    0xf6, 0x0, 0x1c, 0xe4, 0x12, 0x4f, 0x50, 0x6,
    0xfa, 0x0, 0x81, 0x4, 0xff, 0xd1, 0x0, 0x2,
    0x70,

    /* U+7D22 "索" */
    0x0, 0x0, 0x0, 0x2f, 0x0, 0x0, 0x0, 0x1,
    0x11, 0x11, 0x3f, 0x11, 0x11, 0x10, 0xa, 0xff,
    0xff, 0xff, 0xff, 0xff, 0xd0, 0x1, 0x11, 0x11,
    0x3f, 0x11, 0x11, 0x10, 0xf, 0xff, 0xff, 0xff,
    0xff, 0xff, 0xf2, 0xf, 0x20, 0x7, 0xe5, 0x2,
    0x20, 0xf2, 0xa, 0x15, 0xdb, 0x20, 0x4e, 0x70,
    0xa1, 0x0, 0x7f, 0xfe, 0xff, 0xa2, 0x20, 0x0,
    0x0, 0x4, 0x8c, 0x92, 0x4, 0xe6, 0x0, 0x3,
    0xff, 0xff, 0xff, 0xff, 0xff, 0xa0, 0x0, 0x33,
    0x72, 0x1e, 0x43, 0x10, 0x50, 0x0, 0x4d, 0xd0,
    0xe, 0x49, 0xf7, 0x0, 0x3c, 0xf8, 0x12, 0x3f,
    0x30, 0x4d, 0xe4, 0x39, 0x10, 0x3f, 0xfb, 0x0,
    0x0, 0x73,

    /* U+7D2F "累" */
    0x0, 0xff, 0xff, 0xff, 0xff, 0xff, 0x20, 0x0,
    0xf2, 0x0, 0x4d, 0x0, 0xf, 0x20, 0x0, 0xff,
    0xff, 0xff, 0xff, 0xff, 0x20, 0x0, 0xf2, 0x0,
    0x4d, 0x0, 0xf, 0x20, 0x0, 0xff, 0xff, 0xff,
    0xff, 0xff, 0x20, 0x0, 0x4, 0xac, 0x50, 0x2a,
    0x80, 0x0, 0x0, 0xaf, 0xec, 0xef, 0xb6, 0x10,
    0x0, 0x0, 0x5, 0xac, 0x82, 0x7, 0xe3, 0x0,
    0x3, 0xff, 0xfe, 0xff, 0xfe, 0xef, 0x50, 0x0,
    0x22, 0x80, 0x1f, 0x12, 0x4, 0x40, 0x0, 0x4d,
    0xd1, 0x1f, 0x1d, 0xd5, 0x0, 0x1b, 0xf8, 0x12,
    0x5f, 0x0, 0x7f, 0xc2, 0x1a, 0x20, 0x3f, 0xfa,
    0x0, 0x1, 0x91,

    /* U+7EA2 "红" */
    0x0, 0x3, 0x40, 0x0, 0x0, 0x0, 0x0, 0x0,
    0xc, 0x90, 0x12, 0x22, 0x22, 0x21, 0x0, 0x5f,
    0x10, 0x9f, 0xff, 0xff, 0xf9, 0x1, 0xe6, 0xa,
    0x10, 0xa, 0xa0, 0x0, 0xb, 0xd4, 0xad, 0x0,
    0xa, 0xa0, 0x0, 0xf, 0xee, 0xf4, 0x0, 0xa,
    0xa0, 0x0, 0x0, 0xd, 0x90, 0x0, 0xa, 0xa0,
    0x0, 0x0, 0xad, 0x0, 0x0, 0xa, 0xa0, 0x0,
    0x8, 0xf9, 0x98, 0x0, 0xa, 0xa0, 0x0, 0xb,
    0xec, 0xa6, 0x0, 0xa, 0xa0, 0x0, 0x0, 0x0,
    0x0, 0x0, 0xa, 0xa0, 0x0, 0x3, 0x69, 0xba,
    0x1, 0x1a, 0xb1, 0x11, 0x2f, 0xeb, 0x84, 0xff,
    0xff, 0xff, 0xff, 0x0, 0x0, 0x0, 0x11, 0x11,
    0x11, 0x11,

    /* U+7EBF "线" */
    0x0, 0x0, 0x0, 0x0, 0x0, 0x0, 0x0, 0x0,
    0x8a, 0x0, 0x2f, 0xa, 0x40, 0x0, 0x1, 0xf4,
    0x0, 0x2f, 0x5, 0xf3, 0x0, 0x8, 0xc0, 0x0,
    0x1f, 0x10, 0x75, 0x30, 0x2f, 0x33, 0xe5, 0xaf,
    0xef, 0xff, 0x90, 0xbe, 0x9d, 0x85, 0x8f, 0x72,
    0x0, 0x0, 0x8a, 0xce, 0x10, 0xd, 0x52, 0x46,
    0x70, 0x1, 0xe6, 0x9, 0xbf, 0xff, 0xfd, 0xb0,
    0xb, 0xb0, 0x9, 0x8c, 0xa1, 0x9, 0x10, 0x6f,
    0xbc, 0xb0, 0x7, 0xb0, 0xad, 0x10, 0x5b, 0x96,
    0x30, 0x4, 0xfb, 0xd2, 0x0, 0x0, 0x0, 0x0,
    0x4, 0xfc, 0x14, 0xd0, 0x58, 0xbd, 0xe1, 0x9f,
    0xea, 0x7, 0xa0, 0xed, 0xa7, 0x4e, 0xd4, 0x3f,
    0x9d, 0x60, 0x0, 0x0, 0x2, 0x0, 0x5, 0xec,
    0x0,

    /* U+7EC4 "组" */
    0x0, 0x8, 0x30, 0x0, 0x0, 0x0, 0x0, 0x0,
    0x2f, 0x20, 0x8f, 0xff, 0xff, 0xd0, 0x0, 0xb9,
    0x0, 0x8c, 0x22, 0x28, 0xd0, 0x4, 0xf1, 0x68,
    0x8b, 0x0, 0x6, 0xd0, 0xd, 0xa5, 0xe6, 0x8c,
    0x22, 0x28, 0xd0, 0x1f, 0xdf, 0xd0, 0x8f, 0xff,
    0xff, 0xd0, 0x0, 0x3f, 0x40, 0x8b, 0x0, 0x6,
    0xd0, 0x0, 0xda, 0x0, 0x8b, 0x0, 0x6, 0xd0,
    0x9, 0xf4, 0x62, 0x8c, 0x22, 0x28, 0xd0, 0xc,
    0xfe, 0xc3, 0x8f, 0xff, 0xff, 0xd0, 0x1, 0x0,
    0x0, 0x8b, 0x0, 0x6, 0xd0, 0x17, 0x9c, 0xe5,
    0x8b, 0x0, 0x6, 0xd0, 0x29, 0x74, 0x2a, 0xff,
    0xff, 0xff, 0xff, 0x0, 0x0, 0x1, 0x22, 0x22,
    0x22, 0x22,

    /* U+7EC8 "终" */
    0x0, 0x6, 0x30, 0x0, 0x81, 0x0, 0x0, 0x0,
    0x1, 0xf3, 0x0, 0x5f, 0x22, 0x22, 0x0, 0x0,
    0x9a, 0x0, 0xd, 0xff, 0xff, 0xf3, 0x0, 0x2f,
    0x26, 0x6a, 0xf4, 0x0, 0x8d, 0x0, 0xb, 0xb5,
    0xeb, 0xe8, 0xe1, 0x5f, 0x30, 0x0, 0xee, 0xfc,
    0x13, 0xa, 0xef, 0x50, 0x0, 0x0, 0x2f, 0x30,
    0x2, 0xbf, 0xf8, 0x10, 0x0, 0xc, 0x80, 0x2a,
    0xfa, 0x14, 0xdf, 0xa1, 0x8, 0xf8, 0xb5, 0xa5,
    0x62, 0x0, 0x5b, 0x0, 0x9d, 0xa7, 0x10, 0x4d,
    0xfd, 0x91, 0x0, 0x0, 0x0, 0x0, 0x0, 0x1,
    0x6a, 0x0, 0x0, 0x47, 0xad, 0x57, 0xb6, 0x10,
    0x0, 0x0, 0x1f, 0xda, 0x72, 0x28, 0xcf, 0xd8,
    0x30, 0x0, 0x0, 0x0, 0x0, 0x0, 0x16, 0xb9,
    0x0, 0x0, 0x0, 0x0, 0x0, 0x0, 0x0, 0x0,
    0x0,

    /* U+7ECF "经" */
    0x0, 0xa, 0x40, 0x0, 0x0, 0x0, 0x0, 0x0,
    0x3, 0xf1, 0xd, 0xff, 0xff, 0xfb, 0x0, 0x0,
    0xc8, 0x0, 0x22, 0x22, 0x6f, 0x60, 0x0, 0x5e,
    0x17, 0x80, 0x0, 0x4f, 0x80, 0x0, 0xe, 0xb7,
    0xf4, 0x0, 0x8f, 0xe3, 0x0, 0x0, 0xec, 0xfb,
    0x6, 0xee, 0x5a, 0xfa, 0x10, 0x0, 0x4f, 0x29,
    0xf9, 0x10, 0x4, 0xde, 0x0, 0x1e, 0x60, 0x11,
    0x0, 0x0, 0x0, 0x30, 0xb, 0xf9, 0xb2, 0xff,
    0xff, 0xff, 0xf2, 0x0, 0x9a, 0x86, 0x12, 0x22,
    0xf6, 0x22, 0x0, 0x0, 0x0, 0x0, 0x0, 0xf,
    0x40, 0x0, 0x2, 0x8b, 0xdf, 0x50, 0x0, 0xf4,
    0x0, 0x0, 0x3b, 0x86, 0x3c, 0xff, 0xff, 0xff,
    0xff, 0x0, 0x0, 0x0, 0x12, 0x22, 0x22, 0x22,
    0x20,

    /* U+7ED1 "绑" */
    0x0, 0x0, 0x0, 0x0, 0x0, 0x0, 0x0, 0x0,
    0x1, 0xe1, 0x6, 0xc0, 0x0, 0x0, 0x0, 0x0,
    0x7b, 0x0, 0x6c, 0x2, 0xff, 0xff, 0x0, 0xd,
    0x40, 0xdf, 0xff, 0x8f, 0x26, 0xd0, 0x4, 0xd1,
    0xd2, 0x7d, 0x23, 0xf0, 0x98, 0x0, 0xca, 0xab,
    0x6, 0xc0, 0x2f, 0xd, 0x40, 0xf, 0xff, 0x31,
    0x7d, 0x23, 0xf1, 0xf0, 0x0, 0x17, 0xb0, 0xcf,
    0xff, 0x6f, 0x3f, 0x20, 0x2, 0xf2, 0x0, 0x6c,
    0x2, 0xf0, 0xba, 0x0, 0xbe, 0xb8, 0x16, 0xc1,
    0x3f, 0x3, 0xf0, 0x7, 0x86, 0x3f, 0xff, 0xf9,
    0xf0, 0x1f, 0x10, 0x0, 0x1, 0x2a, 0x92, 0x3f,
    0x16, 0xf0, 0x8, 0xbe, 0xd0, 0xd5, 0x2, 0xfa,
    0xf8, 0x0, 0xa7, 0x41, 0x6e, 0x0, 0x2f, 0x0,
    0x0, 0x0, 0x0, 0x1e, 0x50, 0x2, 0xf0, 0x0,
    0x0, 0x0, 0x0, 0x0, 0x0, 0x0, 0x0, 0x0,

    /* U+7ED3 "结" */
    0x0, 0x0, 0x0, 0x0, 0x0, 0x0, 0x0, 0x0,
    0x0, 0xa7, 0x0, 0x0, 0xc8, 0x0, 0x0, 0x0,
    0x1f, 0x20, 0x0, 0xc, 0x80, 0x0, 0x0, 0x9,
    0xa0, 0x2f, 0xff, 0xff, 0xff, 0xf0, 0x1, 0xf2,
    0x6a, 0x22, 0x2c, 0x92, 0x22, 0x0, 0xac, 0x5d,
    0x60, 0x0, 0xc8, 0x0, 0x0, 0xe, 0xff, 0xc0,
    0x22, 0x2c, 0x92, 0x21, 0x0, 0x33, 0xd2, 0xd,
    0xff, 0xff, 0xff, 0xa0, 0x0, 0xb6, 0x0, 0x0,
    0x0, 0x0, 0x0, 0x0, 0x8f, 0xdf, 0x68, 0xff,
    0xff, 0xff, 0x30, 0x5, 0x85, 0x30, 0x8c, 0x22,
    0x22, 0xf3, 0x0, 0x0, 0x0, 0x8, 0xb0, 0x0,
    0xf, 0x30, 0x4, 0x7b, 0xe9, 0x8b, 0x0, 0x0,
    0xf3, 0x0, 0xfd, 0xb8, 0x38, 0xff, 0xff, 0xff,
    0x30, 0x0, 0x0, 0x0, 0x8c, 0x22, 0x22, 0xf3,
    0x0,

    /* U+7EDF "统" */
    0x0, 0x76, 0x0, 0x3, 0xe1, 0x0, 0x0, 0x1,
    0xf4, 0x0, 0x0, 0xf6, 0x0, 0x0, 0x8, 0xb0,
    0x5f, 0xff, 0xff, 0xff, 0xf0, 0x2f, 0x24, 0x92,
    0x3f, 0x72, 0x32, 0x20, 0xcd, 0x9e, 0x70, 0xba,
    0x3, 0xe1, 0x0, 0x99, 0xdd, 0x9, 0xc0, 0x0,
    0xbb, 0x0, 0x3, 0xf3, 0x4f, 0xff, 0xff, 0xff,
    0x70, 0xd, 0x80, 0x15, 0xbb, 0x2f, 0x43, 0x70,
    0x8f, 0xce, 0x60, 0x9a, 0xf, 0x40, 0x0, 0x7b,
    0x96, 0x10, 0xb8, 0xf, 0x40, 0x0, 0x0, 0x0,
    0x0, 0xe5, 0xf, 0x40, 0xd2, 0x36, 0x9c, 0x84,
    0xf1, 0xf, 0x40, 0xe2, 0xef, 0xea, 0x8e, 0x70,
    0xe, 0x73, 0xf1, 0x31, 0x1, 0xf9, 0x0, 0x8,
    0xff, 0xb0, 0x0, 0x0, 0x20, 0x0, 0x0, 0x0,
    0x0,

    /* U+7EE7 "继" */
    0x0, 0x0, 0x0, 0x0, 0x0, 0x0, 0x0, 0x0,
    0x0, 0xc4, 0x0, 0x0, 0xf, 0x20, 0x0, 0x0,
    0x4f, 0x12, 0xf3, 0x20, 0xf2, 0x13, 0x0, 0xc,
    0x90, 0x2f, 0x6b, 0xf, 0x29, 0x80, 0x5, 0xf1,
    0x68, 0xf0, 0xd5, 0xf5, 0xe0, 0x0, 0xeb, 0x8f,
    0x6f, 0x3, 0x2f, 0x43, 0x0, 0xa, 0x9f, 0xa2,
    0xf9, 0xff, 0xff, 0xfc, 0x0, 0x6, 0xe1, 0x2f,
    0x12, 0x8f, 0x42, 0x10, 0x3, 0xf5, 0x2, 0xf0,
    0x1e, 0xf9, 0x0, 0x0, 0xbf, 0xdf, 0x5f, 0xc,
    0x9f, 0xec, 0x10, 0x6, 0x74, 0x22, 0xf9, 0xc0,
    0xf3, 0xbb, 0x0, 0x0, 0x13, 0x4f, 0x31, 0xf,
    0x20, 0x10, 0xb, 0xef, 0xf7, 0xf0, 0x0, 0x81,
    0x0, 0x0, 0xff, 0xec, 0x6f, 0x22, 0x22, 0x22,
    0x20, 0x3, 0x10, 0x2, 0xff, 0xff, 0xff, 0xff,
    0x10,

    /* U+7EEA "绪" */
    0x0, 0x0, 0x0, 0x0, 0x0, 0x0, 0x0, 0x0,
    0xd, 0x20, 0x0, 0xe5, 0x0, 0x0, 0x0, 0x6d,
    0x0, 0x1, 0xe5, 0x10, 0x96, 0x0, 0xe5, 0x0,
    0xdf, 0xff, 0xfa, 0xf4, 0x6, 0xd0, 0x85, 0x1,
    0xe5, 0x1d, 0xb0, 0x1e, 0x86, 0xf4, 0x22, 0xe6,
    0x9f, 0x32, 0x2f, 0xdf, 0x89, 0xff, 0xff, 0xff,
    0xff, 0x0, 0x5d, 0x0, 0x3, 0xcb, 0x20, 0x0,
    0x1, 0xe3, 0x22, 0xaf, 0xff, 0xff, 0xe0, 0xb,
    0xfe, 0xfb, 0xfd, 0x11, 0x16, 0xe0, 0xe, 0xea,
    0x73, 0x6d, 0x0, 0x5, 0xe0, 0x0, 0x0, 0x0,
    0x5f, 0xff, 0xff, 0xe0, 0x17, 0x9b, 0xd3, 0x5d,
    0x0, 0x5, 0xe0, 0x1a, 0x75, 0x20, 0x5f, 0xff,
    0xff, 0xe0, 0x0, 0x0, 0x0, 0x5d, 0x0, 0x5,
    0xe0,

    /* U+7EED "续" */
    0x0, 0x0, 0x0, 0x0, 0x0, 0x0, 0x0, 0x0,
    0xd, 0x20, 0x0, 0xf, 0x30, 0x0, 0x0, 0x5d,
    0x0, 0x0, 0x1f, 0x30, 0x0, 0x0, 0xc6, 0x1,
    0xff, 0xff, 0xff, 0xf6, 0x4, 0xd0, 0x53, 0x0,
    0xf, 0x30, 0x0, 0xd, 0x96, 0xfa, 0xff, 0xff,
    0xff, 0xfc, 0x3f, 0xff, 0xb0, 0x31, 0x11, 0x11,
    0xa9, 0x6, 0x6f, 0x20, 0x8d, 0x46, 0xd0, 0xe4,
    0x0, 0xc8, 0x1, 0x44, 0xb6, 0xd0, 0x80, 0x8,
    0xe3, 0x52, 0xbb, 0x26, 0xc0, 0x0, 0xf, 0xff,
    0xd1, 0x16, 0x59, 0xb1, 0x11, 0x4, 0x20, 0xb,
    0xff, 0xff, 0xff, 0xff, 0x0, 0x25, 0x81, 0x0,
    0x5f, 0x90, 0x0, 0x2f, 0xff, 0xc1, 0x29, 0xf7,
    0xbe, 0x60, 0x5, 0x20, 0x1d, 0xfa, 0x20, 0x5,
    0xea, 0x0, 0x0, 0x4, 0x10, 0x0, 0x0, 0x2,

    /* U+7EFF "绿" */
    0x0, 0x9, 0x10, 0x0, 0x0, 0x0, 0x0, 0x0,
    0x4, 0xe0, 0xf, 0xff, 0xff, 0xfb, 0x0, 0x0,
    0xc6, 0x0, 0x11, 0x11, 0x18, 0xb0, 0x0, 0x4d,
    0xb, 0x7b, 0xff, 0xff, 0xfb, 0x0, 0xd, 0xa9,
    0xf2, 0x1, 0x11, 0x18, 0xb0, 0x3, 0xff, 0xf9,
    0x11, 0x11, 0x11, 0x8b, 0x10, 0x3, 0x4e, 0x1c,
    0xff, 0xff, 0xff, 0xff, 0x0, 0xd, 0x60, 0x6,
    0x0, 0xf4, 0x2, 0x20, 0xa, 0xd5, 0x71, 0xe7,
    0xf, 0xb3, 0xe6, 0x0, 0xef, 0xda, 0x2, 0x9b,
    0xff, 0xe5, 0x0, 0x1, 0x0, 0x0, 0x5e, 0xaf,
    0x8e, 0x20, 0x0, 0x25, 0x87, 0xaf, 0x60, 0xf3,
    0x9e, 0x30, 0x3f, 0xec, 0x78, 0x21, 0x3f, 0x20,
    0x8e, 0x0, 0x10, 0x0, 0x0, 0xff, 0xc0, 0x0,
    0x10,

    /* U+7F51 "网" */
    0x2f, 0xff, 0xff, 0xff, 0xff, 0xff, 0x22, 0xf2,
    0x22, 0x22, 0x22, 0x22, 0xf2, 0x2f, 0x23, 0x5,
    0x60, 0x5, 0x4f, 0x22, 0xf5, 0xd0, 0xba, 0x90,
    0xc4, 0xf2, 0x2f, 0xd, 0x6f, 0x2f, 0x5e, 0xf,
    0x22, 0xf0, 0x5f, 0xa0, 0x9f, 0x90, 0xf2, 0x2f,
    0x0, 0xf6, 0x2, 0xf4, 0xf, 0x22, 0xf0, 0x6f,
    0xc0, 0x8f, 0x90, 0xf2, 0x2f, 0xd, 0x6e, 0x5f,
    0x6f, 0x1f, 0x22, 0xf7, 0xd0, 0x5b, 0xb0, 0xa9,
    0xf2, 0x2f, 0xa4, 0x0, 0xd3, 0x2, 0x3f, 0x22,
    0xf0, 0x0, 0x0, 0x1, 0x24, 0xf1, 0x2f, 0x0,
    0x0, 0x0, 0xaf, 0xfb, 0x0, 0x10, 0x0, 0x0,
    0x0, 0x0, 0x0,

    /* U+7F6E "置" */
    0x2, 0xfd, 0xdf, 0xed, 0xef, 0xdd, 0xf2, 0x0,
    0x2f, 0x10, 0xc7, 0x6, 0xc0, 0x1f, 0x20, 0x2,
    0xdd, 0xdd, 0xdf, 0xdd, 0xdd, 0xd2, 0x0, 0x0,
    0x0, 0x1, 0xf2, 0x0, 0x0, 0x0, 0x9, 0xee,
    0xee, 0xef, 0xee, 0xee, 0xe9, 0x0, 0x1, 0x66,
    0x67, 0xf7, 0x66, 0x61, 0x0, 0x0, 0x3f, 0x65,
    0x55, 0x55, 0x6f, 0x40, 0x0, 0x3, 0xfd, 0xdd,
    0xdd, 0xdd, 0xf4, 0x0, 0x0, 0x3f, 0x77, 0x77,
    0x77, 0x7f, 0x40, 0x0, 0x3, 0xf6, 0x55, 0x55,
    0x56, 0xf4, 0x0, 0x0, 0x3f, 0xdd, 0xdd, 0xdd,
    0xdf, 0x40, 0x0, 0x3, 0xf0, 0x0, 0x0, 0x0,
    0xf4, 0x0, 0x1f, 0xff, 0xff, 0xff, 0xff, 0xff,
    0xff, 0x20,

    /* U+8001 "老" */
    0x0, 0x0, 0x4, 0xf1, 0x0, 0x0, 0x0, 0x0,
    0x0, 0x0, 0x4f, 0x10, 0x0, 0x4d, 0x10, 0x0,
    0x8f, 0xff, 0xff, 0xff, 0x7e, 0xb0, 0x0, 0x1,
    0x22, 0x6f, 0x32, 0x3d, 0xd1, 0x0, 0x0, 0x0,
    0x4, 0xf1, 0x1c, 0xe2, 0x0, 0x0, 0xff, 0xff,
    0xff, 0xff, 0xff, 0xff, 0xf1, 0x2, 0x22, 0x22,
    0xaf, 0xb2, 0x22, 0x22, 0x0, 0x0, 0x2, 0xcf,
    0x80, 0x0, 0x40, 0x0, 0x0, 0x19, 0xfd, 0x30,
    0x6, 0xdf, 0x30, 0x1, 0x9f, 0xff, 0x44, 0xaf,
    0xfb, 0x30, 0x0, 0x1f, 0x82, 0xff, 0xfc, 0x71,
    0x4, 0xb0, 0x0, 0x0, 0x1f, 0x81, 0x0, 0x0,
    0x6e, 0x0, 0x0, 0x0, 0xf8, 0x22, 0x22, 0x2a,
    0xc0, 0x0, 0x0, 0x8, 0xff, 0xff, 0xff, 0xe6,
    0x0,

    /* U+8017 "耗" */
    0x0, 0xe, 0x40, 0x0, 0x0, 0x1, 0x41, 0x0,
    0x0, 0xe4, 0x0, 0x46, 0x9d, 0xff, 0x40, 0xf,
    0xff, 0xff, 0x7f, 0xef, 0x85, 0x20, 0x0, 0x12,
    0xe6, 0x20, 0x2, 0xf0, 0x0, 0x0, 0x0, 0xe,
    0x50, 0x0, 0x2f, 0x0, 0x0, 0x0, 0xbf, 0xff,
    0xf2, 0x79, 0xfb, 0xde, 0x50, 0x1, 0x1e, 0x51,
    0x37, 0x8f, 0x54, 0x20, 0x1, 0xff, 0xff, 0xf6,
    0x2, 0xf0, 0x0, 0x10, 0x0, 0x4f, 0x50, 0x47,
    0xaf, 0xde, 0xff, 0x20, 0xb, 0xff, 0x4a, 0xdc,
    0xf8, 0x64, 0x30, 0x4, 0xff, 0xbf, 0x50, 0x2f,
    0x0, 0x1a, 0x1, 0xd7, 0xe4, 0x62, 0x2, 0xf0,
    0x2, 0xf0, 0x1b, 0xe, 0x40, 0x0, 0x1f, 0x42,
    0x6f, 0x0, 0x0, 0xe4, 0x0, 0x0, 0xaf, 0xff,
    0x80,

    /* U+80CC "背" */
    0x0, 0x0, 0xf, 0x20, 0xf2, 0x2, 0x70, 0xc,
    0xff, 0xff, 0x20, 0xfa, 0xdf, 0xa1, 0x1, 0x11,
    0x1f, 0x20, 0xfa, 0x40, 0x66, 0x1, 0x47, 0xbf,
    0x20, 0xf3, 0x0, 0x9a, 0xf, 0xfc, 0x8f, 0x20,
    0xee, 0xcd, 0xf7, 0x3, 0x0, 0x7, 0x10, 0x26,
    0x76, 0x50, 0x0, 0x2f, 0xff, 0xff, 0xff, 0xff,
    0x20, 0x0, 0x2f, 0x11, 0x11, 0x11, 0x1f, 0x20,
    0x0, 0x2f, 0xee, 0xee, 0xee, 0xef, 0x20, 0x0,
    0x2f, 0x0, 0x0, 0x0, 0xf, 0x20, 0x0, 0x2f,
    0xff, 0xff, 0xff, 0xff, 0x20, 0x0, 0x2f, 0x0,
    0x0, 0x0, 0xf, 0x20, 0x0, 0x2f, 0x0, 0x1,
    0x22, 0x5f, 0x10, 0x0, 0x2f, 0x0, 0x5, 0xff,
    0xfa, 0x0, 0x0, 0x1, 0x0, 0x0, 0x0, 0x0,
    0x0,

    /* U+80FD "能" */
    0x0, 0x0, 0x0, 0x0, 0x0, 0x0, 0x0, 0x0,
    0x9b, 0x0, 0x2, 0xf0, 0x0, 0x10, 0x4, 0xf3,
    0xa5, 0x2, 0xf0, 0x6e, 0xa0, 0x2e, 0x60, 0x7f,
    0x32, 0xfe, 0xd6, 0x0, 0xaf, 0xff, 0xff, 0xe4,
    0xf4, 0x0, 0xe1, 0x23, 0x21, 0x2, 0xc3, 0xf0,
    0x0, 0xf1, 0x0, 0x0, 0x0, 0x2, 0xf4, 0x25,
    0xf0, 0x2f, 0xff, 0xff, 0x20, 0xcf, 0xff, 0xa0,
    0x2f, 0x0, 0xf, 0x21, 0x80, 0x0, 0x10, 0x2f,
    0xff, 0xff, 0x22, 0xf0, 0x3c, 0xc0, 0x2f, 0x0,
    0xf, 0x22, 0xfc, 0xf9, 0x10, 0x2f, 0xff, 0xff,
    0x22, 0xf6, 0x0, 0xc2, 0x2f, 0x0, 0xf, 0x22,
    0xf0, 0x0, 0xf2, 0x2f, 0x1, 0x3f, 0x21, 0xf7,
    0x57, 0xf1, 0x2f, 0x8, 0xfd, 0x0, 0x8c, 0xcb,
    0x70, 0x1, 0x0, 0x0, 0x0, 0x0, 0x0, 0x0,

    /* U+81EA "自" */
    0x0, 0x1, 0xb4, 0x0, 0x0, 0x0, 0x0, 0x7f,
    0x20, 0x0, 0x0, 0xff, 0xff, 0xff, 0xff, 0xff,
    0x2f, 0x42, 0x22, 0x22, 0x22, 0xf2, 0xf2, 0x0,
    0x0, 0x0, 0xf, 0x2f, 0xff, 0xff, 0xff, 0xff,
    0xf2, 0xf4, 0x22, 0x22, 0x22, 0x2f, 0x2f, 0x20,
    0x0, 0x0, 0x0, 0xf2, 0xf4, 0x22, 0x22, 0x22,
    0x2f, 0x2f, 0xff, 0xff, 0xff, 0xff, 0xf2, 0xf2,
    0x0, 0x0, 0x0, 0xf, 0x2f, 0x42, 0x22, 0x22,
    0x22, 0xf2, 0xff, 0xff, 0xff, 0xff, 0xff, 0x2f,
    0x20, 0x0, 0x0, 0x0, 0xf2, 0x0, 0x0, 0x0,
    0x0, 0x0, 0x0,

    /* U+822A "航" */
    0x0, 0x2, 0x10, 0x0, 0x2, 0x20, 0x0, 0x0,
    0x0, 0xa6, 0x0, 0x0, 0x9a, 0x0, 0x0, 0x1,
    0xdf, 0xdd, 0x12, 0x26, 0xf2, 0x22, 0x0, 0x1f,
    0x54, 0xf6, 0xff, 0xff, 0xff, 0xe0, 0x1, 0xfa,
    0x3f, 0x10, 0x0, 0x0, 0x0, 0x0, 0x1f, 0x4a,
    0xf1, 0x4, 0x44, 0x40, 0x0, 0x3, 0xf2, 0x4f,
    0x10, 0xfe, 0xdf, 0x20, 0x4, 0xff, 0xff, 0xf1,
    0xf, 0x20, 0xf2, 0x0, 0x2, 0xf2, 0xf, 0x10,
    0xf1, 0xf, 0x20, 0x0, 0x2f, 0x94, 0xf1, 0xf,
    0x10, 0xf2, 0x0, 0x4, 0xe3, 0xaf, 0x12, 0xf0,
    0xf, 0x2f, 0x10, 0x7c, 0x0, 0xf1, 0x6c, 0x0,
    0xf2, 0xf0, 0xd, 0x91, 0x3f, 0x2d, 0x70, 0xf,
    0x6f, 0x3, 0xf3, 0xaf, 0xb8, 0xe1, 0x0, 0xaf,
    0xa0, 0x1, 0x0, 0x0, 0x2, 0x0, 0x0, 0x0,
    0x0,

    /* U+82F1 "英" */
    0x0, 0x0, 0xb8, 0x0, 0x9, 0xa0, 0x0, 0x0,
    0x22, 0x2b, 0x92, 0x22, 0xab, 0x22, 0x20, 0xf,
    0xff, 0xff, 0xff, 0xff, 0xff, 0xfd, 0x0, 0x0,
    0xb, 0x80, 0x40, 0x9a, 0x0, 0x0, 0x0, 0x0,
    0x10, 0x3f, 0x11, 0x10, 0x0, 0x0, 0x7, 0xff,
    0xff, 0xff, 0xff, 0xf6, 0x0, 0x0, 0x7d, 0x22,
    0x5f, 0x32, 0x2e, 0x60, 0x0, 0x7, 0xc0, 0x3,
    0xf1, 0x0, 0xd6, 0x0, 0x2, 0x9d, 0x22, 0x5f,
    0x32, 0x2e, 0x82, 0x1, 0xff, 0xff, 0xff, 0xff,
    0xff, 0xff, 0xf0, 0x0, 0x0, 0x0, 0xdf, 0xb0,
    0x0, 0x0, 0x0, 0x0, 0x3, 0xdd, 0x2d, 0xc3,
    0x0, 0x0, 0x2, 0x6c, 0xfa, 0x10, 0x1b, 0xfc,
    0x73, 0x0, 0xee, 0x92, 0x0, 0x0, 0x3, 0xae,
    0xd0, 0x1, 0x0, 0x0, 0x0, 0x0, 0x0, 0x1,
    0x0,

    /* U+82F9 "苹" */
    0x0, 0x0, 0x7c, 0x0, 0xb, 0x80, 0x0, 0x0,
    0xbb, 0xbd, 0xeb, 0xbb, 0xed, 0xbb, 0xb0, 0x7,
    0x77, 0xbe, 0x77, 0x7d, 0xb7, 0x77, 0x0, 0x0,
    0x3, 0x60, 0x0, 0x64, 0x0, 0x0, 0x4, 0xff,
    0xff, 0xff, 0xff, 0xff, 0xf5, 0x0, 0x2, 0x42,
    0x23, 0xf4, 0x22, 0x62, 0x0, 0x0, 0x5f, 0x20,
    0x1f, 0x20, 0x2f, 0x60, 0x0, 0x0, 0xbd, 0x1,
    0xf2, 0xd, 0xb0, 0x0, 0x0, 0x1, 0xe6, 0x1f,
    0x27, 0xe1, 0x0, 0x0, 0x22, 0x25, 0x23, 0xf4,
    0x24, 0x22, 0x20, 0xf, 0xff, 0xff, 0xff, 0xff,
    0xff, 0xff, 0x0, 0x0, 0x0, 0x1, 0xf2, 0x0,
    0x0, 0x0, 0x0, 0x0, 0x0, 0x1f, 0x20, 0x0,
    0x0, 0x0, 0x0, 0x0, 0x1, 0xf2, 0x0, 0x0,
    0x0,

    /* U+8303 "范" */
    0x0, 0x0, 0x6e, 0x0, 0xc, 0x80, 0x0, 0x0,
    0x88, 0x8b, 0xf8, 0x88, 0xec, 0x88, 0x81, 0xa,
    0xaa, 0xcf, 0xaa, 0xae, 0xda, 0xaa, 0x10, 0x0,
    0x5, 0xc0, 0x0, 0xa6, 0x0, 0x0, 0x0, 0xb5,
    0x0, 0x22, 0x22, 0x22, 0x10, 0x0, 0x5, 0xeb,
    0x4f, 0xff, 0xff, 0xfb, 0x0, 0x5, 0x11, 0x54,
    0xf1, 0x0, 0x9, 0xa0, 0x0, 0xae, 0x60, 0x4f,
    0x10, 0x0, 0xa9, 0x0, 0x0, 0x5c, 0x4, 0xf1,
    0x11, 0x2d, 0x80, 0x0, 0x0, 0x42, 0x4f, 0x1b,
    0xff, 0xe3, 0x0, 0x0, 0xe, 0x64, 0xf1, 0x0,
    0x0, 0x3e, 0x0, 0x7, 0xd0, 0x4f, 0x10, 0x0,
    0x4, 0xe0, 0x1, 0xf5, 0x3, 0xf6, 0x22, 0x22,
    0x9d, 0x0, 0x7d, 0x0, 0xa, 0xff, 0xff, 0xfe,
    0x50, 0x0, 0x10, 0x0, 0x0, 0x0, 0x0, 0x0,
    0x0,

    /* U+8350 "荐" */
    0x0, 0x0, 0x8b, 0x0, 0xa, 0x90, 0x0, 0x0,
    0xdd, 0xde, 0xfd, 0xdd, 0xfe, 0xdd, 0xd0, 0x5,
    0x55, 0xac, 0x55, 0x5c, 0xb5, 0x55, 0x0, 0x0,
    0x1, 0xb8, 0x0, 0x22, 0x0, 0x0, 0xe, 0xff,
    0xff, 0xff, 0xff, 0xff, 0xff, 0x0, 0x22, 0x3e,
    0xb2, 0x22, 0x22, 0x22, 0x20, 0x0, 0xb, 0xf3,
    0x11, 0x11, 0x11, 0x10, 0x0, 0xb, 0xf9, 0xe,
    0xff, 0xff, 0xff, 0x60, 0x1d, 0xff, 0x50, 0x0,
    0x4, 0x98, 0x30, 0x1, 0xc2, 0xe5, 0xcf, 0xff,
    0xff, 0xff, 0xf2, 0x0, 0xe, 0x50, 0x11, 0x1b,
    0x91, 0x11, 0x0, 0x0, 0xe5, 0x0, 0x0, 0xb9,
    0x0, 0x0, 0x0, 0xe, 0x50, 0x2, 0x3d, 0x80,
    0x0, 0x0, 0x0, 0xe5, 0x2, 0xed, 0xc2, 0x0,
    0x0,

    /* U+83DC "菜" */
    0x0, 0x0, 0x6c, 0x0, 0xd, 0x60, 0x0, 0x0,
    0xcc, 0xcd, 0xfc, 0xcc, 0xfd, 0xcc, 0xc0, 0x5,
    0x55, 0x9d, 0x55, 0x5d, 0x95, 0x55, 0x0, 0x0,
    0x1, 0x20, 0x1, 0x34, 0x69, 0x10, 0x5, 0xde,
    0xef, 0xff, 0xff, 0xec, 0xb1, 0x0, 0x16, 0x93,
    0x27, 0xb0, 0x0, 0x84, 0x0, 0x0, 0x4f, 0x50,
    0x1f, 0x60, 0x5f, 0x30, 0x0, 0x0, 0x7b, 0x0,
    0x92, 0x2f, 0x70, 0x0, 0x1, 0x22, 0x22, 0x3f,
    0x32, 0x62, 0x21, 0x0, 0xef, 0xff, 0xff, 0xff,
    0xff, 0xff, 0xe0, 0x0, 0x0, 0x19, 0xff, 0xf9,
    0x0, 0x0, 0x0, 0x1, 0x7e, 0xa3, 0xf3, 0xbe,
    0x82, 0x0, 0xc, 0xfc, 0x40, 0x2f, 0x10, 0x4b,
    0xfc, 0x0, 0x63, 0x0, 0x2, 0xf1, 0x0, 0x2,
    0x60,

    /* U+84DD "蓝" */
    0x0, 0x0, 0x7d, 0x0, 0xc, 0x70, 0x0, 0x1,
    0xff, 0xff, 0xff, 0xff, 0xff, 0xff, 0xf1, 0x2,
    0x22, 0x8d, 0x22, 0x2d, 0x82, 0x22, 0x0, 0x1,
    0x0, 0x50, 0x5, 0x40, 0x0, 0x0, 0x0, 0xf4,
    0x1f, 0x20, 0xda, 0x11, 0x11, 0x0, 0xf, 0x41,
    0xf2, 0x3f, 0xff, 0xff, 0xe0, 0x0, 0xf4, 0x1f,
    0x2c, 0xc2, 0xa1, 0x0, 0x0, 0xf, 0x41, 0xf7,
    0xf2, 0x1a, 0xf6, 0x0, 0x0, 0x30, 0x5, 0x2,
    0x0, 0x4, 0x40, 0x0, 0xb, 0xff, 0xff, 0xff,
    0xff, 0xfc, 0x0, 0x0, 0xba, 0x19, 0xa1, 0xa9,
    0x19, 0xc0, 0x0, 0xb, 0x90, 0x89, 0x9, 0x90,
    0x8c, 0x0, 0x2, 0xba, 0x29, 0xa2, 0xa9, 0x29,
    0xc2, 0x1, 0xff, 0xff, 0xff, 0xff, 0xff, 0xff,
    0xf2,

    /* U+85CF "藏" */
    0x0, 0x0, 0x2f, 0x0, 0x3f, 0x0, 0x0, 0x0,
    0xff, 0xff, 0xff, 0xff, 0xff, 0xff, 0xf2, 0x0,
    0x0, 0x3f, 0x10, 0x3f, 0x10, 0x30, 0x0, 0x34,
    0x0, 0x0, 0x0, 0xd, 0x3c, 0x30, 0x7, 0x86,
    0xff, 0xff, 0xff, 0xff, 0xff, 0x10, 0x78, 0x7a,
    0x24, 0x44, 0x3c, 0x50, 0x0, 0x7, 0xff, 0x99,
    0xee, 0xe9, 0xb5, 0x68, 0x0, 0x0, 0x69, 0x95,
    0x59, 0xa, 0x7c, 0x40, 0x1e, 0xee, 0x99, 0xfe,
    0xf8, 0x8d, 0xd0, 0x0, 0x6c, 0x89, 0x95, 0x6,
    0x96, 0xf4, 0x0, 0x6, 0x87, 0x89, 0xee, 0xe9,
    0xcd, 0x2, 0x0, 0xa5, 0xb5, 0x95, 0x59, 0x49,
    0xf1, 0xb2, 0xb, 0x2f, 0x29, 0xff, 0xff, 0xb,
    0x9d, 0x0, 0x4, 0xb0, 0x0, 0x0, 0x0, 0x2e,
    0x80, 0x0, 0x0, 0x0, 0x0, 0x0, 0x0, 0x0,
    0x0,

    /* U+8702 "蜂" */
    0x0, 0x0, 0x0, 0x0, 0x0, 0x0, 0x0, 0x0,
    0x1, 0xf1, 0x0, 0x5, 0xd0, 0x0, 0x0, 0x0,
    0x1f, 0x10, 0x1, 0xee, 0xaa, 0xa5, 0x0, 0x23,
    0xf3, 0x20, 0xbf, 0x77, 0x8f, 0x60, 0xe, 0xff,
    0xfe, 0x8e, 0xc9, 0x1c, 0xa0, 0x0, 0xe0, 0xf0,
    0xe2, 0x12, 0xef, 0xd0, 0x0, 0xe, 0xf, 0xe,
    0x6b, 0xfa, 0x6b, 0xfb, 0x30, 0xe0, 0xf0, 0xe4,
    0x51, 0x2e, 0x2, 0x61, 0xe, 0xff, 0xfe, 0x3e,
    0xee, 0xfe, 0xee, 0x0, 0x23, 0xf3, 0x20, 0x11,
    0x3f, 0x11, 0x0, 0x0, 0x1f, 0x3a, 0xe, 0xee,
    0xfe, 0xea, 0x0, 0x1, 0xf2, 0xe1, 0x0, 0x2f,
    0x0, 0x0, 0x19, 0xbf, 0xff, 0xbf, 0xff, 0xff,
    0xff, 0x61, 0xa8, 0x52, 0x79, 0x0, 0x2f, 0x0,
    0x0, 0x0, 0x0, 0x1, 0x20, 0x2, 0xf0, 0x0,
    0x0,

    /* U+87BA "螺" */
    0x0, 0x1f, 0x10, 0x0, 0x0, 0x0, 0x0, 0x0,
    0x1, 0xf1, 0x7, 0xff, 0xff, 0xff, 0x10, 0x2,
    0x3f, 0x32, 0x77, 0xf, 0x0, 0xf1, 0x0, 0xdf,
    0xff, 0xe7, 0xed, 0xfd, 0xdf, 0x10, 0xd, 0xf,
    0x1e, 0x77, 0xf, 0x0, 0xf1, 0x0, 0xd0, 0xf0,
    0xe7, 0xff, 0xff, 0xff, 0x10, 0xd, 0xf, 0xe,
    0x3, 0xd4, 0x2b, 0x20, 0x0, 0xde, 0xfe, 0xe2,
    0xfd, 0xdd, 0x70, 0x0, 0x1, 0x3f, 0x33, 0x7,
    0xd6, 0x1d, 0x60, 0x0, 0x1, 0xf2, 0xd8, 0xff,
    0xfe, 0xde, 0x60, 0x0, 0x1f, 0x2e, 0x4, 0xf,
    0x22, 0x33, 0x1, 0x8b, 0xff, 0xf4, 0xe3, 0xf3,
    0xf6, 0x0, 0x3e, 0xc9, 0x6a, 0xf7, 0x3f, 0x13,
    0xe9, 0x0, 0x0, 0x0, 0x37, 0x4f, 0xc0, 0x1,
    0x80,

    /* U+884C "行" */
    0x0, 0x0, 0x90, 0x0, 0x0, 0x0, 0x0, 0x0,
    0x0, 0xae, 0x17, 0xff, 0xff, 0xff, 0x90, 0x0,
    0x9f, 0x30, 0x12, 0x22, 0x22, 0x21, 0x0, 0xaf,
    0x50, 0x0, 0x0, 0x0, 0x0, 0x0, 0xb, 0x50,
    0x91, 0x0, 0x0, 0x0, 0x0, 0x0, 0x0, 0x7f,
    0x22, 0x22, 0x22, 0x22, 0x20, 0x0, 0x4f, 0x51,
    0xff, 0xff, 0xff, 0xff, 0x20, 0x3f, 0xf0, 0x0,
    0x0, 0x8, 0xd0, 0x0, 0xe, 0xcf, 0x0, 0x0,
    0x0, 0x8d, 0x0, 0x0, 0x82, 0xf0, 0x0, 0x0,
    0x8, 0xd0, 0x0, 0x0, 0x1f, 0x0, 0x0, 0x0,
    0x8d, 0x0, 0x0, 0x1, 0xf0, 0x0, 0x0, 0x8,
    0xc0, 0x0, 0x0, 0x1f, 0x0, 0x4, 0x77, 0xdb,
    0x0, 0x0, 0x1, 0xf0, 0x0, 0x6d, 0xdc, 0x30,
    0x0,

    /* U+8854 "衔" */
    0x0, 0x0, 0x0, 0x0, 0x0, 0x0, 0x0, 0x0,
    0x0, 0x2d, 0x11, 0xf2, 0x0, 0x0, 0x0, 0x0,
    0xc, 0xb0, 0x7e, 0x11, 0xaf, 0xff, 0x30, 0xa,
    0xd1, 0xe, 0xff, 0xf1, 0x22, 0x20, 0x7, 0xe2,
    0x6, 0xf2, 0x11, 0x0, 0x0, 0x0, 0x42, 0x2b,
    0x18, 0x66, 0x40, 0x0, 0x0, 0x0, 0xb, 0x72,
    0xaf, 0xb8, 0xff, 0xff, 0x80, 0x6, 0xf0, 0x0,
    0xf1, 0x2, 0x2f, 0x41, 0x2, 0xff, 0x1, 0x2f,
    0x31, 0x0, 0xf2, 0x0, 0xdb, 0xf0, 0xef, 0xff,
    0xf0, 0xf, 0x20, 0x5, 0x2f, 0x0, 0xf, 0x10,
    0x0, 0xf2, 0x0, 0x2, 0xf0, 0x0, 0xf1, 0x0,
    0xf, 0x20, 0x0, 0x2f, 0x0, 0xf, 0x7d, 0x0,
    0xf2, 0x0, 0x2, 0xf0, 0x3, 0xfc, 0x32, 0x4f,
    0x10, 0x0, 0x2f, 0x0, 0x6, 0x0, 0xee, 0x90,
    0x0,

    /* U+8868 "表" */
    0x0, 0x0, 0x0, 0x2f, 0x20, 0x0, 0x0, 0x0,
    0x1, 0x11, 0x13, 0xf3, 0x11, 0x11, 0x0, 0x9,
    0xff, 0xff, 0xff, 0xff, 0xff, 0xf9, 0x0, 0x0,
    0x0, 0x2, 0xf2, 0x0, 0x0, 0x0, 0x0, 0xff,
    0xff, 0xff, 0xff, 0xff, 0xf0, 0x0, 0x1, 0x11,
    0x13, 0xf3, 0x11, 0x11, 0x0, 0x1, 0x11, 0x11,
    0x3f, 0x31, 0x11, 0x11, 0x1, 0xff, 0xff, 0xff,
    0xff, 0xff, 0xff, 0xf1, 0x0, 0x0, 0x7, 0xfe,
    0x70, 0x2, 0x60, 0x0, 0x0, 0x1b, 0xe3, 0x4f,
    0x27, 0xfb, 0x0, 0x0, 0x7f, 0xfa, 0x0, 0x9f,
    0xd4, 0x0, 0x1, 0xee, 0x69, 0xa0, 0x2, 0xaf,
    0x81, 0x0, 0x5, 0x0, 0x9c, 0x8d, 0xd0, 0x5d,
    0xfb, 0x0, 0x0, 0xe, 0xfb, 0x61, 0x0, 0x4,
    0x70, 0x0, 0x0, 0x40, 0x0, 0x0, 0x0, 0x0,
    0x0,

    /* U+88AB "被" */
    0x0, 0x0, 0x0, 0x0, 0x0, 0x0, 0x0, 0x5,
    0xc0, 0x0, 0x0, 0x1f, 0x10, 0x0, 0x1, 0xf2,
    0x0, 0x0, 0x1f, 0x10, 0x0, 0x0, 0x72, 0x2,
    0xdd, 0xdf, 0xdd, 0xd8, 0x8f, 0xff, 0x52, 0xf7,
    0x7f, 0x77, 0xd9, 0x12, 0x4f, 0x22, 0xf0, 0x1f,
    0x11, 0xf3, 0x0, 0xa9, 0x2, 0xf0, 0x1f, 0x10,
    0x10, 0x4, 0xf2, 0xb5, 0xff, 0xff, 0xff, 0xe0,
    0x2e, 0xfb, 0xa3, 0xfb, 0x82, 0x2b, 0xc0, 0xcb,
    0xff, 0x44, 0xe5, 0xc0, 0x2f, 0x50, 0x62, 0xf5,
    0xe7, 0xc0, 0xe5, 0xcb, 0x0, 0x2, 0xf0, 0xa,
    0x80, 0x7f, 0xe1, 0x0, 0x2, 0xf0, 0x1f, 0x31,
    0xbf, 0xe4, 0x0, 0x2, 0xf0, 0x9c, 0x5e, 0xd2,
    0x8f, 0xb3, 0x2, 0xf0, 0xc4, 0xc8, 0x0, 0x3,
    0xb7, 0x0, 0x0, 0x0, 0x0, 0x0, 0x0, 0x0,

    /* U+897F "西" */
    0xff, 0xff, 0xff, 0xff, 0xff, 0xff, 0xf2, 0x22,
    0x2e, 0x62, 0xab, 0x22, 0x22, 0x0, 0x0, 0xe5,
    0x9, 0xa0, 0x0, 0x4, 0xff, 0xff, 0xff, 0xff,
    0xff, 0xf3, 0x4e, 0x22, 0xf6, 0x2a, 0xb2, 0x2f,
    0x34, 0xe0, 0xf, 0x30, 0x9a, 0x0, 0xf3, 0x4e,
    0x2, 0xf1, 0x9, 0xa0, 0xf, 0x34, 0xe0, 0x9c,
    0x0, 0x8d, 0x32, 0xf3, 0x4e, 0x7f, 0x30, 0x2,
    0xdf, 0xff, 0x34, 0xe6, 0x30, 0x0, 0x0, 0x0,
    0xf3, 0x4e, 0x22, 0x22, 0x22, 0x22, 0x2f, 0x34,
    0xff, 0xff, 0xff, 0xff, 0xff, 0xf3, 0x4e, 0x0,
    0x0, 0x0, 0x0, 0xf, 0x30,

    /* U+8981 "要" */
    0xd, 0xff, 0xff, 0xff, 0xff, 0xff, 0xfc, 0x0,
    0x12, 0x22, 0xd7, 0x28, 0xb2, 0x22, 0x10, 0x3,
    0xff, 0xff, 0xff, 0xff, 0xff, 0xf2, 0x0, 0x3f,
    0x0, 0xd6, 0x7, 0xb0, 0x1f, 0x20, 0x3, 0xf1,
    0x1d, 0x61, 0x8b, 0x12, 0xf2, 0x0, 0x3f, 0xff,
    0xff, 0xff, 0xff, 0xff, 0x20, 0x0, 0x0, 0xb,
    0x50, 0x0, 0x0, 0x0, 0x0, 0x11, 0x15, 0xf4,
    0x11, 0x11, 0x11, 0x10, 0x2f, 0xff, 0xff, 0xff,
    0xff, 0xff, 0xff, 0x10, 0x0, 0x9f, 0x10, 0x0,
    0xae, 0x10, 0x0, 0x0, 0x9, 0xde, 0xa6, 0xae,
    0x30, 0x0, 0x0, 0x0, 0x2, 0x8f, 0xff, 0xd8,
    0x20, 0x0, 0x8, 0xdf, 0xfc, 0x82, 0x16, 0xbf,
    0xd3, 0x0, 0x45, 0x30, 0x0, 0x0, 0x0, 0x16,
    0x0,

    /* U+89C4 "规" */
    0x0, 0x1f, 0x10, 0x0, 0x0, 0x0, 0x0, 0x0,
    0x1, 0xf1, 0x7, 0xff, 0xff, 0xff, 0x20, 0x2,
    0x3f, 0x32, 0x7b, 0x22, 0x22, 0xf2, 0x0, 0xdf,
    0xff, 0xd7, 0xa0, 0xd2, 0xf, 0x20, 0x0, 0x1f,
    0x10, 0x7a, 0xf, 0x20, 0xf2, 0x0, 0x1, 0xf1,
    0x7, 0xa0, 0xf2, 0xf, 0x20, 0x2f, 0xff, 0xff,
    0x8a, 0xf, 0x20, 0xf2, 0x0, 0x25, 0xf2, 0x27,
    0xa1, 0xf0, 0xf, 0x20, 0x0, 0x4f, 0x30, 0x7a,
    0x3f, 0x10, 0xf2, 0x0, 0x7, 0xfd, 0x3, 0x47,
    0xfb, 0x6, 0x10, 0x0, 0xb9, 0xe9, 0x0, 0xea,
    0xb0, 0x1f, 0x0, 0x2f, 0x34, 0xe1, 0xaa, 0x7b,
    0x1, 0xf0, 0xb, 0xc0, 0x1, 0xad, 0x17, 0xd2,
    0x6e, 0x2, 0xf3, 0x0, 0xbd, 0x20, 0x2e, 0xff,
    0x80, 0x2, 0x0, 0x3, 0x10, 0x0, 0x0, 0x0,
    0x0,

    /* U+89C6 "视" */
    0x0, 0x59, 0x0, 0x0, 0x0, 0x0, 0x0, 0x0,
    0x3, 0xf1, 0x2, 0xff, 0xff, 0xff, 0x20, 0x0,
    0x8, 0x20, 0x2f, 0x22, 0x22, 0xf2, 0x0, 0xbf,
    0xff, 0x42, 0xf0, 0x98, 0xf, 0x20, 0x1, 0x25,
    0xf2, 0x2f, 0x9, 0x80, 0xf2, 0x0, 0x0, 0xbb,
    0x2, 0xf0, 0xa7, 0xf, 0x20, 0x0, 0x5f, 0x30,
    0x2f, 0xb, 0x70, 0xf2, 0x0, 0x2e, 0xfa, 0x2,
    0xf0, 0xc6, 0xf, 0x20, 0xe, 0xff, 0xec, 0x3f,
    0xf, 0x50, 0xf2, 0x0, 0x84, 0xf1, 0xa1, 0x34,
    0xff, 0x2, 0x10, 0x0, 0x2f, 0x0, 0x0, 0xca,
    0xf0, 0x1f, 0x0, 0x2, 0xf0, 0x0, 0x9c, 0x3f,
    0x1, 0xf0, 0x0, 0x2f, 0x1, 0xbc, 0x12, 0xf3,
    0x5f, 0x0, 0x2, 0xf0, 0xc8, 0x0, 0xc, 0xff,
    0x90, 0x0, 0x0, 0x0, 0x0, 0x0, 0x0, 0x0,
    0x0,

    /* U+89D2 "角" */
    0x0, 0x0, 0x44, 0x0, 0x0, 0x0, 0x0, 0x0,
    0x3f, 0xb2, 0x22, 0x21, 0x0, 0x0, 0x2e, 0xff,
    0xff, 0xff, 0x90, 0x0, 0x4f, 0xa1, 0x0, 0x8,
    0xc1, 0x0, 0x5f, 0xff, 0xff, 0xff, 0xff, 0xff,
    0x22, 0x9f, 0x22, 0x24, 0xf2, 0x22, 0xf2, 0x2,
    0xf1, 0x11, 0x3f, 0x11, 0x1f, 0x20, 0x2f, 0xff,
    0xff, 0xff, 0xff, 0xf2, 0x2, 0xf0, 0x0, 0x3f,
    0x0, 0xf, 0x20, 0x3f, 0x22, 0x24, 0xf2, 0x22,
    0xf2, 0x4, 0xff, 0xff, 0xff, 0xff, 0xff, 0x20,
    0x8b, 0x0, 0x2, 0xf0, 0x0, 0xf2, 0xe, 0x60,
    0x0, 0x2f, 0x2, 0x3f, 0x26, 0xe0, 0x0, 0x1,
    0xc0, 0xff, 0xc0, 0x1, 0x0, 0x0, 0x0, 0x0,
    0x0, 0x0,

    /* U+89E3 "解" */
    0x0, 0x6, 0xa0, 0x0, 0x0, 0x0, 0x0, 0x0,
    0x0, 0xea, 0x0, 0x7, 0xff, 0xff, 0xf6, 0x0,
    0x9f, 0xff, 0xf8, 0x3, 0xb1, 0x2f, 0x50, 0x6f,
    0x50, 0x8c, 0x10, 0x87, 0x3, 0xf4, 0xa, 0xff,
    0xff, 0xff, 0x4e, 0x5d, 0xfe, 0x10, 0xf, 0x9,
    0x90, 0xf9, 0x40, 0x72, 0x0, 0x0, 0xf6, 0xbb,
    0x6f, 0xe, 0x1f, 0x0, 0x0, 0xf, 0x9d, 0xc9,
    0xf3, 0xff, 0xff, 0xfb, 0x0, 0xf0, 0x99, 0xf,
    0x87, 0x3f, 0x22, 0x10, 0xf, 0xef, 0xfe, 0xf4,
    0x11, 0xf0, 0x0, 0x1, 0xf1, 0x99, 0x1f, 0xaf,
    0xff, 0xff, 0xf0, 0x4d, 0x9, 0x90, 0xf1, 0x23,
    0xf2, 0x21, 0x8, 0x90, 0x45, 0x2f, 0x0, 0x1f,
    0x0, 0x0, 0xc3, 0x0, 0x8f, 0xb0, 0x1, 0xf0,
    0x0, 0x0, 0x0, 0x0, 0x0, 0x0, 0x0, 0x0,
    0x0,

    /* U+8BA1 "计" */
    0x8, 0x50, 0x0, 0x0, 0xf4, 0x0, 0x0, 0x7f,
    0x20, 0x0, 0xf, 0x40, 0x0, 0x0, 0xcc, 0x0,
    0x0, 0xf4, 0x0, 0x0, 0x2, 0x60, 0x0, 0xf,
    0x40, 0x0, 0x34, 0x40, 0x0, 0x0, 0xf4, 0x0,
    0xd, 0xff, 0xd, 0xff, 0xff, 0xff, 0xff, 0x2,
    0xf0, 0x22, 0x22, 0xf6, 0x22, 0x20, 0x2f, 0x0,
    0x0, 0xf, 0x40, 0x0, 0x2, 0xf0, 0x0, 0x0,
    0xf4, 0x0, 0x0, 0x2f, 0x4, 0x10, 0xf, 0x40,
    0x0, 0x2, 0xf5, 0xf5, 0x0, 0xf4, 0x0, 0x0,
    0x2f, 0xf8, 0x0, 0xf, 0x40, 0x0, 0x6, 0xf5,
    0x0, 0x0, 0xf4, 0x0, 0x0, 0x3, 0x0, 0x0,
    0xf, 0x40, 0x0,

    /* U+8BB0 "记" */
    0x5, 0x30, 0x0, 0x0, 0x0, 0x0, 0x0, 0xb,
    0xe1, 0x6, 0xff, 0xff, 0xff, 0x20, 0x1, 0xeb,
    0x0, 0x22, 0x22, 0x2f, 0x20, 0x0, 0x58, 0x0,
    0x0, 0x0, 0xf, 0x20, 0x0, 0x0, 0x0, 0x0,
    0x0, 0xf, 0x20, 0xbf, 0xf0, 0x0, 0x0, 0x0,
    0xf, 0x20, 0x47, 0xf0, 0x2, 0xff, 0xff, 0xff,
    0x20, 0x2, 0xf0, 0x2, 0xf2, 0x22, 0x22, 0x0,
    0x2, 0xf0, 0x2, 0xf0, 0x0, 0x0, 0x0, 0x2,
    0xf0, 0x2, 0xf0, 0x0, 0x1, 0x40, 0x2, 0xf0,
    0x72, 0xf0, 0x0, 0x3, 0xf0, 0x2, 0xfb, 0xf4,
    0xf0, 0x0, 0x4, 0xe0, 0x3, 0xfe, 0x41, 0xf5,
    0x22, 0x29, 0xd0, 0x3, 0xb1, 0x0, 0xbf, 0xff,
    0xff, 0x70,

    /* U+8BBE "设" */
    0x1, 0x20, 0x0, 0x0, 0x0, 0x0, 0x0, 0x9,
    0xe1, 0x2, 0xff, 0xff, 0xf5, 0x0, 0x1, 0xeb,
    0x3, 0xf3, 0x22, 0xf5, 0x0, 0x0, 0x39, 0x6,
    0xf0, 0x0, 0xf5, 0x0, 0x1, 0x10, 0x5f, 0xa0,
    0x0, 0xdf, 0xf3, 0xbf, 0xf0, 0x7b, 0x0, 0x0,
    0x2, 0x20, 0x7a, 0xf0, 0x2, 0x22, 0x22, 0x22,
    0x0, 0x2, 0xf0, 0xf, 0xff, 0xff, 0xff, 0x20,
    0x2, 0xf0, 0xb, 0xb0, 0x0, 0x8d, 0x0, 0x2,
    0xf0, 0x2, 0xf6, 0x3, 0xf5, 0x0, 0x2, 0xf1,
    0x90, 0x5f, 0x7f, 0x90, 0x0, 0x2, 0xfe, 0xa0,
    0xb, 0xfe, 0x10, 0x0, 0x5, 0xf9, 0x16, 0xdf,
    0x7d, 0xe8, 0x20, 0x2, 0x71, 0xff, 0x81, 0x0,
    0x6d, 0xf2, 0x0, 0x0, 0x40, 0x0, 0x0, 0x0,
    0x40,

    /* U+8BD5 "试" */
    0x4, 0x30, 0x0, 0x0, 0x7, 0xc4, 0x50, 0x0,
    0x9e, 0x20, 0x0, 0x0, 0x7c, 0x4f, 0x50, 0x0,
    0xcd, 0x10, 0x0, 0x6, 0xd0, 0x44, 0x0, 0x1,
    0x82, 0xff, 0xff, 0xff, 0xff, 0xf0, 0x0, 0x0,
    0x2, 0x22, 0x27, 0xe2, 0x22, 0x5, 0xee, 0x20,
    0x0, 0x0, 0x4f, 0x0, 0x0, 0x4b, 0xf2, 0x2,
    0x22, 0x24, 0xf0, 0x0, 0x0, 0xf, 0x20, 0xff,
    0xff, 0x6f, 0x10, 0x0, 0x0, 0xf2, 0x0, 0x6c,
    0x0, 0xf2, 0x0, 0x0, 0xf, 0x20, 0x6, 0xc0,
    0xe, 0x40, 0x0, 0x0, 0xf5, 0xe1, 0x6c, 0x0,
    0xb7, 0xb, 0x20, 0xf, 0xfa, 0x8, 0xd8, 0x78,
    0xc0, 0xf0, 0x3, 0xf9, 0x3f, 0xfd, 0xa5, 0x2f,
    0xbd, 0x0, 0x6, 0x0, 0x30, 0x0, 0x0, 0x8f,
    0x50,

    /* U+8BE2 "询" */
    0x1, 0x0, 0x0, 0x93, 0x0, 0x0, 0x0, 0xb,
    0xa0, 0x4, 0xf3, 0x11, 0x11, 0x10, 0x1, 0xe7,
    0xc, 0xff, 0xff, 0xff, 0xf1, 0x0, 0x44, 0x7d,
    0x21, 0x11, 0x12, 0xf1, 0x0, 0x2, 0xfa, 0x77,
    0x77, 0x1, 0xf0, 0x6f, 0xf2, 0x4f, 0xa9, 0x9f,
    0x21, 0xf0, 0x12, 0xf2, 0xf, 0x20, 0xf, 0x21,
    0xf0, 0x0, 0xf2, 0xf, 0x31, 0x1f, 0x22, 0xf0,
    0x0, 0xf2, 0xf, 0xff, 0xff, 0x22, 0xf0, 0x0,
    0xf2, 0xf, 0x20, 0xf, 0x22, 0xf0, 0x0, 0xf2,
    0x2f, 0x32, 0x2f, 0x22, 0xf0, 0x0, 0xfc, 0x7f,
    0xff, 0xff, 0x23, 0xf0, 0x1, 0xfc, 0x0, 0x0,
    0x12, 0x29, 0xe0, 0x1, 0xb1, 0x0, 0x0, 0x7f,
    0xfe, 0x60,

    /* U+8BF7 "请" */
    0x2, 0x60, 0x0, 0x0, 0x8b, 0x0, 0x0, 0x5,
    0xf3, 0x2d, 0xdd, 0xef, 0xdd, 0xd8, 0x0, 0xac,
    0x2, 0x22, 0x9c, 0x22, 0x21, 0x0, 0x18, 0xb,
    0xee, 0xff, 0xee, 0xe3, 0x0, 0x0, 0x0, 0x0,
    0x8b, 0x0, 0x0, 0x5f, 0xf2, 0x9f, 0xff, 0xff,
    0xff, 0xff, 0x26, 0xf2, 0x0, 0x0, 0x0, 0x0,
    0x0, 0x0, 0xf2, 0xa, 0xff, 0xff, 0xff, 0xe0,
    0x0, 0xf2, 0xa, 0x90, 0x0, 0x5, 0xe0, 0x0,
    0xf2, 0xa, 0xfe, 0xee, 0xef, 0xe0, 0x0, 0xf2,
    0x4a, 0x90, 0x0, 0x5, 0xe0, 0x0, 0xfd, 0xba,
    0xff, 0xff, 0xff, 0xe0, 0x2, 0xfc, 0x1a, 0x90,
    0x0, 0x5, 0xe0, 0x0, 0x80, 0xa, 0x90, 0x6,
    0xff, 0x90, 0x0, 0x0, 0x0, 0x0, 0x0, 0x0,
    0x0,

    /* U+8BFB "读" */
    0x1, 0x30, 0x0, 0x0, 0x1f, 0x10, 0x0, 0x0,
    0x9e, 0x10, 0x0, 0x2, 0xf1, 0x0, 0x0, 0x1,
    0xeb, 0x8, 0xff, 0xff, 0xff, 0xfb, 0x0, 0x3,
    0xf3, 0x0, 0x1, 0xf1, 0x0, 0x0, 0x0, 0x0,
    0x1e, 0xee, 0xef, 0xee, 0xee, 0x5, 0xff, 0x20,
    0x1a, 0x40, 0x49, 0x6, 0xc0, 0x2, 0xf2, 0x2,
    0x5c, 0xa6, 0xd0, 0xa6, 0x0, 0xf, 0x20, 0xac,
    0x51, 0x6c, 0x0, 0x0, 0x0, 0xf2, 0x0, 0x3a,
    0x8, 0xb0, 0x0, 0x0, 0xf, 0x24, 0xff, 0xff,
    0xff, 0xff, 0xf2, 0x0, 0xf5, 0x81, 0x11, 0x6f,
    0x81, 0x11, 0x0, 0xf, 0xfb, 0x1, 0x8f, 0xbe,
    0xd5, 0x0, 0x2, 0xf8, 0x3b, 0xfd, 0x50, 0x7,
    0xec, 0x0, 0x2, 0x1, 0x94, 0x0, 0x0, 0x1,
    0x50,

    /* U+8C03 "调" */
    0x1, 0x30, 0x0, 0x0, 0x0, 0x0, 0x0, 0x6,
    0xf2, 0xf, 0xff, 0xff, 0xff, 0xf2, 0x0, 0xbc,
    0xf, 0x42, 0x66, 0x22, 0xf2, 0x0, 0x29, 0xf,
    0x33, 0xab, 0x31, 0xf2, 0x0, 0x0, 0xf, 0x6d,
    0xee, 0xd4, 0xf2, 0x4f, 0xf2, 0xf, 0x20, 0x9a,
    0x0, 0xf2, 0x1, 0xf2, 0xf, 0xaf, 0xff, 0xf9,
    0xf2, 0x0, 0xf2, 0xf, 0x20, 0x0, 0x0, 0xf2,
    0x0, 0xf2, 0xf, 0x2f, 0xff, 0xf1, 0xf2, 0x0,
    0xf3, 0x2f, 0x1f, 0x10, 0xf1, 0xf2, 0x0, 0xfd,
    0x8f, 0xf, 0x10, 0xf1, 0xf2, 0x1, 0xfb, 0x6e,
    0xf, 0xff, 0xf1, 0xf2, 0x2, 0xc1, 0xba, 0x0,
    0x0, 0x24, 0xf1, 0x0, 0x1, 0xf4, 0x0, 0x1,
    0xff, 0xb0, 0x0, 0x0, 0x10, 0x0, 0x0, 0x0,
    0x0,

    /* U+8C37 "谷" */
    0x0, 0x0, 0x3, 0x0, 0x3, 0x0, 0x0, 0x0,
    0x0, 0x9, 0xf2, 0x3, 0xf9, 0x0, 0x0, 0x0,
    0x3d, 0xe4, 0x0, 0x3, 0xde, 0x40, 0x0, 0x6f,
    0xb1, 0x5, 0xc5, 0x0, 0xaf, 0x60, 0x3, 0x60,
    0x4, 0xfc, 0xf4, 0x0, 0x52, 0x0, 0x0, 0x5,
    0xf8, 0x9, 0xf5, 0x0, 0x0, 0x0, 0x1a, 0xf7,
    0x0, 0x7, 0xfa, 0x10, 0x0, 0x8f, 0xd3, 0x0,
    0x0, 0x3, 0xdf, 0x80, 0xc, 0x6f, 0xff, 0xff,
    0xff, 0xff, 0x7c, 0x0, 0x0, 0xf4, 0x22, 0x22,
    0x24, 0xf0, 0x0, 0x0, 0xf, 0x20, 0x0, 0x0,
    0x2f, 0x0, 0x0, 0x0, 0xf2, 0x0, 0x0, 0x2,
    0xf0, 0x0, 0x0, 0xf, 0xff, 0xff, 0xff, 0xff,
    0x0, 0x0, 0x0, 0xf4, 0x22, 0x22, 0x24, 0xf0,
    0x0,

    /* U+8C61 "象" */
    0x0, 0x0, 0x1, 0x0, 0x0, 0x0, 0x0, 0x0,
    0x0, 0x7, 0xe1, 0x0, 0x0, 0x0, 0x0, 0x0,
    0x7, 0xff, 0xff, 0xff, 0xf2, 0x0, 0x0, 0x1a,
    0xe3, 0x0, 0x6, 0xf6, 0x0, 0x0, 0x1e, 0xff,
    0xee, 0xee, 0xff, 0xee, 0xe0, 0x0, 0x3f, 0x20,
    0x2, 0xf1, 0x0, 0x2f, 0x0, 0x0, 0xf2, 0x0,
    0x7d, 0x0, 0x2, 0xf0, 0x0, 0xe, 0xee, 0xff,
    0xee, 0xee, 0xee, 0x0, 0x0, 0x1, 0x7f, 0xf5,
    0x0, 0x19, 0x90, 0x1, 0x7b, 0xfa, 0x3a, 0xf4,
    0x9f, 0xa3, 0x0, 0x9, 0x52, 0x7e, 0x9a, 0xf9,
    0xf2, 0x0, 0x0, 0x6b, 0xe9, 0x27, 0xfd, 0xa,
    0xb0, 0x0, 0x7, 0x52, 0x7e, 0xa4, 0xf0, 0x1e,
    0xa0, 0x1, 0x6a, 0xfb, 0x52, 0x9e, 0x0, 0x2d,
    0xd0, 0x2b, 0x61, 0x4f, 0xfd, 0x50, 0x0, 0x3,
    0x0,

    /* U+8D25 "败" */
    0x0, 0x0, 0x0, 0x0, 0x87, 0x0, 0x0, 0x1f,
    0xff, 0xff, 0x10, 0xe6, 0x0, 0x0, 0x1f, 0x22,
    0x2f, 0x13, 0xf4, 0x22, 0x21, 0x1f, 0x8, 0xf,
    0x1a, 0xff, 0xff, 0xf7, 0x1f, 0xf, 0xf, 0x3f,
    0x60, 0xe, 0x50, 0x1f, 0xf, 0xf, 0xcf, 0x80,
    0xf, 0x20, 0x1f, 0xf, 0xf, 0xca, 0xb0, 0x4e,
    0x0, 0x1f, 0xf, 0xf, 0x11, 0xf2, 0x9a, 0x0,
    0x1f, 0x1f, 0xf, 0x10, 0xba, 0xf4, 0x0, 0xb,
    0x3f, 0xa, 0x0, 0x2f, 0xb0, 0x0, 0x0, 0xae,
    0xb0, 0x0, 0x8f, 0xe2, 0x0, 0x6, 0xf2, 0xbb,
    0x8, 0xf4, 0xbe, 0x30, 0x8f, 0x40, 0x7, 0xbf,
    0x40, 0xb, 0xf5, 0x53, 0x0, 0x1, 0xb2, 0x0,
    0x0, 0x84,

    /* U+8D44 "资" */
    0x0, 0x0, 0x0, 0x12, 0x0, 0x0, 0x0, 0x5,
    0xb1, 0x0, 0xaa, 0x0, 0x0, 0x0, 0x1, 0xae,
    0x13, 0xff, 0xff, 0xff, 0xf6, 0x0, 0x4, 0x1e,
    0x81, 0xd8, 0x14, 0xf2, 0x0, 0x8, 0x6a, 0x2,
    0xfa, 0x6, 0x60, 0x0, 0xae, 0x20, 0x5e, 0xad,
    0xc4, 0x0, 0xc, 0xd1, 0x8e, 0xe7, 0x0, 0x8f,
    0xe9, 0x7, 0x10, 0x55, 0x0, 0x0, 0x0, 0x55,
    0x0, 0x2f, 0xff, 0xff, 0xff, 0xff, 0x20, 0x0,
    0x2f, 0x22, 0x39, 0x42, 0x2f, 0x20, 0x0, 0x2f,
    0x0, 0x3f, 0x20, 0xf, 0x20, 0x0, 0x2f, 0x0,
    0xaf, 0x50, 0xf, 0x20, 0x0, 0x1, 0x5c, 0xf9,
    0xee, 0x84, 0x0, 0x6, 0xbf, 0xf9, 0x20, 0x5,
    0xbf, 0xc4, 0x5, 0x95, 0x0, 0x0, 0x0, 0x2,
    0x95,

    /* U+8D77 "起" */
    0x0, 0x2, 0xf0, 0x0, 0x0, 0x0, 0x0, 0x0,
    0x0, 0x2f, 0x0, 0xf, 0xff, 0xff, 0x20, 0x8,
    0xff, 0xff, 0xf4, 0x22, 0x22, 0xf2, 0x0, 0x12,
    0x4f, 0x22, 0x0, 0x0, 0xf, 0x20, 0x0, 0x2,
    0xf0, 0x0, 0x46, 0x66, 0xf2, 0x0, 0xff, 0xff,
    0xff, 0xac, 0xdc, 0xcc, 0x10, 0x2, 0x22, 0xb9,
    0x21, 0xc6, 0x0, 0x0, 0x0, 0x2d, 0xb, 0x80,
    0xc, 0x60, 0x3, 0x40, 0x2, 0xe0, 0xbb, 0x73,
    0xc6, 0x0, 0x6b, 0x0, 0x3f, 0xb, 0xed, 0x6b,
    0x80, 0x9, 0xa0, 0x5, 0xf3, 0xb8, 0x0, 0x6f,
    0xff, 0xf4, 0x0, 0x7e, 0xdc, 0x80, 0x0, 0x1,
    0x10, 0x0, 0xb, 0x6b, 0xfa, 0x32, 0x22, 0x22,
    0x22, 0x0, 0xf2, 0x7, 0xcf, 0xff, 0xff, 0xff,
    0xf0, 0x3, 0x0, 0x0, 0x0, 0x0, 0x0, 0x0,
    0x0,

    /* U+8D85 "超" */
    0x0, 0x6, 0xc0, 0x0, 0x0, 0x0, 0x0, 0x0,
    0x6, 0xc0, 0xf, 0xff, 0xff, 0xf3, 0x8, 0xff,
    0xff, 0xa1, 0x7c, 0x22, 0xf2, 0x1, 0x28, 0xc2,
    0x10, 0xb8, 0x0, 0xf2, 0x0, 0x6, 0xc0, 0x4,
    0xf2, 0x25, 0xf0, 0x6, 0x6a, 0xd6, 0x6e, 0x61,
    0xff, 0xa0, 0xa, 0xaa, 0xfb, 0x82, 0x11, 0x11,
    0x10, 0x1, 0x80, 0xe3, 0x8, 0xff, 0xff, 0xf1,
    0x2, 0xe0, 0xe7, 0x48, 0x90, 0x1, 0xf1, 0x2,
    0xe0, 0xec, 0x98, 0x90, 0x1, 0xf1, 0x4, 0xf3,
    0xe3, 0x8, 0xff, 0xff, 0xf1, 0x7, 0xec, 0xf3,
    0x0, 0x11, 0x11, 0x10, 0xc, 0x6d, 0xf7, 0x32,
    0x22, 0x22, 0x22, 0x1f, 0x11, 0x9e, 0xff, 0xff,
    0xff, 0xfc, 0x1, 0x0, 0x0, 0x0, 0x0, 0x0,
    0x0,

    /* U+8DB3 "足" */
    0x2, 0xff, 0xff, 0xff, 0xff, 0xff, 0x0, 0x2,
    0xf2, 0x22, 0x22, 0x22, 0x4f, 0x0, 0x2, 0xf0,
    0x0, 0x0, 0x0, 0x2f, 0x0, 0x2, 0xf0, 0x0,
    0x0, 0x0, 0x2f, 0x0, 0x2, 0xff, 0xff, 0xff,
    0xff, 0xff, 0x0, 0x0, 0x22, 0x22, 0x4f, 0x22,
    0x22, 0x0, 0x0, 0x85, 0x0, 0x2f, 0x0, 0x0,
    0x0, 0x0, 0xc7, 0x0, 0x2f, 0x22, 0x22, 0x20,
    0x0, 0xe5, 0x0, 0x2f, 0xff, 0xff, 0xf0, 0x2,
    0xfa, 0x0, 0x2f, 0x0, 0x0, 0x0, 0x8, 0xef,
    0x60, 0x2f, 0x0, 0x0, 0x0, 0xe, 0x77, 0xfb,
    0x8f, 0x22, 0x22, 0x21, 0x8e, 0x0, 0x4a, 0xef,
    0xff, 0xff, 0xfa, 0x13, 0x0, 0x0, 0x0, 0x0,
    0x0, 0x0,

    /* U+8DEF "路" */
    0x0, 0x0, 0x0, 0x0, 0xb4, 0x0, 0x0, 0xf,
    0xff, 0xf1, 0x6, 0xf3, 0x11, 0x10, 0xf, 0x42,
    0xf1, 0x3f, 0xff, 0xff, 0xf0, 0xf, 0x20, 0xf4,
    0xef, 0x60, 0x9, 0xa0, 0xf, 0x42, 0xfa, 0xe7,
    0xe1, 0x6e, 0x10, 0xf, 0xff, 0xf1, 0x10, 0x9e,
    0xf3, 0x0, 0x2, 0x2d, 0x0, 0x48, 0xdb, 0xdb,
    0x51, 0x1f, 0x2e, 0x77, 0xa6, 0x10, 0x3, 0x85,
    0x1f, 0x2e, 0x81, 0x2f, 0xff, 0xff, 0xc0, 0x1f,
    0x2d, 0x0, 0x2f, 0x11, 0x17, 0xc0, 0x1f, 0x2d,
    0x0, 0x2f, 0x0, 0x6, 0xc0, 0x1f, 0x5e, 0xa3,
    0x2f, 0x0, 0x6, 0xc0, 0x9f, 0xfd, 0xa2, 0x2f,
    0xff, 0xff, 0xc0, 0x33, 0x0, 0x0, 0x2f, 0x11,
    0x17, 0xc0,

    /* U+8DF3 "跳" */
    0x0, 0x0, 0x0, 0x0, 0xf1, 0xf0, 0x0, 0xd,
    0xff, 0xf2, 0x1, 0xf1, 0xf0, 0x0, 0xd, 0x41,
    0xe7, 0x51, 0xf1, 0xf0, 0x56, 0xd, 0x30, 0xe6,
    0xe1, 0xf1, 0xf0, 0xd5, 0xd, 0x52, 0xe2, 0xd6,
    0xf1, 0xf6, 0xd0, 0xd, 0xff, 0xf2, 0x7c, 0xf1,
    0xfe, 0x50, 0x0, 0xf, 0x10, 0x2, 0xf1, 0xf2,
    0x0, 0xf, 0x1f, 0x30, 0x8, 0xf1, 0xfc, 0x20,
    0xf, 0x1f, 0xfa, 0xed, 0xe1, 0xf9, 0xf6, 0xf,
    0x1f, 0x19, 0x73, 0xc1, 0xf0, 0x36, 0xf, 0x1f,
    0x10, 0x7, 0x91, 0xf0, 0x5, 0xf, 0x1f, 0x52,
    0x1e, 0x41, 0xf0, 0xe, 0x4f, 0xef, 0xf6, 0xcb,
    0x1, 0xf3, 0x4e, 0x47, 0x42, 0xc, 0xd1, 0x0,
    0xbf, 0xf8, 0x0, 0x0, 0x2, 0x10, 0x0, 0x0,
    0x0,

    /* U+8E0F "踏" */
    0x0, 0x0, 0x0, 0x0, 0x8, 0x80, 0x0, 0xd,
    0xff, 0xf3, 0x11, 0x8, 0x90, 0x42, 0xd, 0x52,
    0xd3, 0xff, 0xe8, 0xe6, 0xf5, 0xd, 0x30, 0xd3,
    0x7, 0xb8, 0xff, 0x40, 0xd, 0x52, 0xd3, 0x2f,
    0x38, 0xae, 0x20, 0xd, 0xff, 0xf5, 0xd9, 0x9,
    0x86, 0xe4, 0x0, 0xf, 0x8, 0xb0, 0xdf, 0x60,
    0x6b, 0xd, 0xf, 0x21, 0x34, 0x66, 0x44, 0x40,
    0xf, 0xf, 0xf7, 0x9e, 0xcc, 0xcc, 0xf0, 0xf,
    0xf, 0x0, 0x99, 0x0, 0x2, 0xf0, 0xf, 0xf,
    0x0, 0x9f, 0xff, 0xff, 0xf0, 0x1f, 0x6f, 0xa6,
    0x99, 0x0, 0x2, 0xf0, 0x8f, 0xc9, 0x52, 0x9f,
    0xff, 0xff, 0xf0, 0x0, 0x0, 0x0, 0x99, 0x0,
    0x2, 0xf0,

    /* U+8F68 "轨" */
    0x0, 0x0, 0x0, 0x0, 0x0, 0x0, 0x0, 0x0,
    0x2, 0xf1, 0x0, 0x2f, 0x0, 0x0, 0x0, 0x2,
    0x7e, 0x22, 0x2, 0xf0, 0x0, 0x0, 0x2, 0xff,
    0xff, 0xf3, 0x2f, 0x0, 0x0, 0x0, 0x1, 0xf5,
    0x20, 0x8f, 0xff, 0xff, 0x0, 0x0, 0x3f, 0x7a,
    0x1, 0x4f, 0x24, 0xf0, 0x0, 0x8, 0xa6, 0xa0,
    0x2, 0xf0, 0x2f, 0x0, 0x0, 0xe7, 0x8b, 0x20,
    0x3f, 0x2, 0xf0, 0x0, 0xf, 0xff, 0xff, 0x54,
    0xd0, 0x2f, 0x0, 0x0, 0x0, 0x8a, 0x0, 0x5c,
    0x2, 0xf0, 0x0, 0x0, 0x8, 0xb3, 0x28, 0x90,
    0x2f, 0x3, 0x2, 0x8b, 0xef, 0xf6, 0xd6, 0x2,
    0xf0, 0xf0, 0x4d, 0xac, 0xc2, 0x4f, 0x10, 0x2f,
    0xf, 0x0, 0x0, 0x8a, 0xc, 0x90, 0x2, 0xf4,
    0xf0, 0x0, 0x8, 0xa3, 0xd1, 0x0, 0xd, 0xfa,
    0x0,

    /* U+8F6C "转" */
    0x0, 0x0, 0x0, 0x0, 0x0, 0x0, 0x0, 0x0,
    0x0, 0xb7, 0x0, 0x0, 0xc7, 0x0, 0x0, 0x0,
    0xf, 0x30, 0x0, 0xf, 0x50, 0x0, 0x0, 0xff,
    0xff, 0xf9, 0xdf, 0xff, 0xff, 0xc0, 0x2, 0xaa,
    0x22, 0x12, 0x7e, 0x33, 0x32, 0x0, 0xe, 0x5f,
    0x0, 0x8, 0xb0, 0x0, 0x0, 0x4, 0xf1, 0xf1,
    0x6f, 0xff, 0xff, 0xff, 0x10, 0xac, 0x5f, 0x54,
    0x3f, 0x42, 0x22, 0x20, 0xb, 0xff, 0xff, 0x95,
    0xf0, 0x0, 0x0, 0x0, 0x0, 0x2f, 0x10, 0x7f,
    0xff, 0xff, 0x40, 0x0, 0x2, 0xf3, 0x40, 0x11,
    0x17, 0xf1, 0x1, 0x9c, 0xef, 0xfb, 0x79, 0x11,
    0xe6, 0x0, 0xa, 0x76, 0xf1, 0x3, 0xcf, 0xdb,
    0x0, 0x0, 0x0, 0x2f, 0x10, 0x0, 0x5e, 0xd5,
    0x0, 0x0, 0x2, 0xf1, 0x0, 0x0, 0x8, 0xc0,
    0x0, 0x0, 0x0, 0x0, 0x0, 0x0, 0x0, 0x0,

    /* U+8F7D "载" */
    0x0, 0x0, 0x0, 0x0, 0x1, 0x0, 0x0, 0x0,
    0x0, 0xd, 0x60, 0x5, 0xe0, 0x40, 0x0, 0x0,
    0x0, 0xd6, 0x0, 0x4f, 0x2f, 0x50, 0x0, 0x7f,
    0xff, 0xff, 0xf4, 0xf0, 0x6f, 0x30, 0x0, 0x0,
    0xd6, 0x0, 0x3f, 0x0, 0x61, 0x0, 0xee, 0xef,
    0xfe, 0xef, 0xfe, 0xee, 0xe0, 0x0, 0x6, 0xa0,
    0x0, 0x1f, 0x30, 0x41, 0x0, 0xef, 0xff, 0xff,
    0xf5, 0xf4, 0x1f, 0x30, 0x0, 0x9d, 0x25, 0x0,
    0xd, 0x66, 0xd0, 0x0, 0x1f, 0x65, 0xd0, 0x0,
    0xa9, 0xe5, 0x0, 0x5, 0xff, 0xff, 0xff, 0x27,
    0xfc, 0x0, 0x0, 0x0, 0x6, 0xd0, 0x10, 0x6f,
    0x42, 0xe0, 0xb, 0xcd, 0xff, 0xff, 0x7f, 0xf7,
    0x4e, 0x0, 0x65, 0x48, 0xd0, 0x7f, 0x77, 0xeb,
    0xb0, 0x0, 0x0, 0x6d, 0x6, 0x50, 0xb, 0xe4,
    0x0, 0x0, 0x0, 0x0, 0x0, 0x0, 0x0, 0x0,

    /* U+8F93 "输" */
    0x0, 0x0, 0x0, 0x0, 0x0, 0x0, 0x0, 0x0,
    0x5, 0xc0, 0x0, 0x1, 0xeb, 0x0, 0x0, 0x0,
    0x89, 0x0, 0x0, 0xbc, 0xe6, 0x0, 0x2, 0xef,
    0xee, 0x90, 0x9f, 0x25, 0xf4, 0x0, 0x17, 0xf8,
    0x75, 0xaf, 0x50, 0x8, 0xf5, 0x0, 0x4d, 0x10,
    0xbe, 0xaf, 0xff, 0xf7, 0xf3, 0x8, 0x9c, 0x43,
    0x33, 0x32, 0x0, 0x25, 0x0, 0xe5, 0xc5, 0x4f,
    0xbc, 0xb4, 0xa6, 0x90, 0xf, 0xff, 0xfa, 0xe0,
    0x4b, 0x4a, 0x69, 0x0, 0x0, 0xd4, 0x3f, 0xef,
    0xb4, 0xa6, 0x90, 0x0, 0xd, 0x76, 0xe0, 0x4b,
    0x4a, 0x69, 0x3, 0xcf, 0xff, 0x9f, 0xde, 0xb4,
    0xa6, 0x90, 0x27, 0x4e, 0x43, 0xe2, 0x5b, 0x25,
    0x69, 0x0, 0x0, 0xd4, 0x3e, 0x6, 0xb1, 0x29,
    0x90, 0x0, 0xd, 0x43, 0xc4, 0xc5, 0x4c, 0xc3,
    0x0,

    /* U+8FBE "达" */
    0x0, 0x80, 0x0, 0x0, 0x8c, 0x0, 0x0, 0x0,
    0x2f, 0x80, 0x0, 0x8, 0xc0, 0x0, 0x0, 0x0,
    0x5f, 0x40, 0x0, 0x8c, 0x0, 0x0, 0x0, 0x0,
    0x82, 0xff, 0xff, 0xff, 0xff, 0x90, 0x0, 0x0,
    0x2, 0x22, 0xbb, 0x22, 0x21, 0x0, 0x22, 0x20,
    0x0, 0xc, 0x90, 0x0, 0x0, 0xe, 0xff, 0x0,
    0x0, 0xfc, 0x0, 0x0, 0x0, 0x2, 0xf0, 0x0,
    0x7f, 0xfb, 0x0, 0x0, 0x0, 0x2f, 0x0, 0x2f,
    0xc6, 0xf9, 0x0, 0x0, 0x2, 0xf0, 0x2e, 0xf2,
    0x7, 0xf7, 0x0, 0x0, 0x2f, 0x2f, 0xe3, 0x0,
    0x9, 0xf4, 0x0, 0x8, 0xf5, 0xa2, 0x0, 0x0,
    0x9, 0x30, 0x8, 0xf9, 0xf9, 0x32, 0x22, 0x22,
    0x22, 0x0, 0xc5, 0x4, 0xbf, 0xff, 0xff, 0xff,
    0xe0, 0x0, 0x0, 0x0, 0x0, 0x0, 0x0, 0x0,
    0x0,

    /* U+8FC7 "过" */
    0x0, 0x50, 0x0, 0x0, 0x0, 0x4f, 0x0, 0x0,
    0x1e, 0x70, 0x0, 0x0, 0x4, 0xf0, 0x0, 0x0,
    0x5f, 0x21, 0x22, 0x22, 0x6f, 0x22, 0x0, 0x0,
    0xb6, 0xbf, 0xff, 0xff, 0xff, 0xf0, 0x0, 0x0,
    0x0, 0x0, 0x0, 0x4f, 0x0, 0x0, 0x22, 0x20,
    0x9, 0x0, 0x4, 0xf0, 0x0, 0xf, 0xff, 0x0,
    0xcb, 0x0, 0x4f, 0x0, 0x0, 0x2, 0xf0, 0x1,
    0xe8, 0x4, 0xf0, 0x0, 0x0, 0x2f, 0x0, 0x3,
    0x50, 0x4f, 0x0, 0x0, 0x2, 0xf0, 0x0, 0x0,
    0x7, 0xe0, 0x0, 0x0, 0x3f, 0x0, 0x6, 0xff,
    0xfa, 0x0, 0x0, 0x1d, 0xf9, 0x0, 0x2, 0x21,
    0x0, 0x0, 0xb, 0xd4, 0xf9, 0x42, 0x22, 0x22,
    0x22, 0x0, 0xc2, 0x2, 0xae, 0xff, 0xff, 0xff,
    0xf0, 0x0, 0x0, 0x0, 0x0, 0x0, 0x0, 0x0,
    0x0,

    /* U+8FD0 "运" */
    0x7, 0x0, 0x0, 0x0, 0x0, 0x0, 0x0, 0x1d,
    0xb0, 0xf, 0xff, 0xff, 0xff, 0x90, 0x2, 0xf8,
    0x2, 0x22, 0x22, 0x22, 0x10, 0x0, 0x54, 0x0,
    0x0, 0x0, 0x0, 0x0, 0x0, 0x0, 0xab, 0xbb,
    0xbb, 0xbb, 0xb4, 0xdf, 0xf0, 0x56, 0x6f, 0xa6,
    0x66, 0x62, 0x24, 0xf0, 0x0, 0x6f, 0x20, 0xa1,
    0x0, 0x2, 0xf0, 0x0, 0xdb, 0x0, 0xe8, 0x0,
    0x2, 0xf0, 0x7, 0xf4, 0x0, 0x9e, 0x0, 0x2,
    0xf0, 0x1f, 0xc2, 0x34, 0x7f, 0x60, 0x2, 0xf0,
    0x3f, 0xff, 0xff, 0xee, 0xd0, 0x7, 0xf5, 0x4,
    0x32, 0x0, 0x2, 0xb0, 0x6f, 0x9f, 0xa4, 0x22,
    0x22, 0x22, 0x21, 0xb6, 0x3, 0xae, 0xff, 0xff,
    0xff, 0xf6, 0x0, 0x0, 0x0, 0x0, 0x0, 0x0,
    0x0,

    /* U+8FD1 "近" */
    0x0, 0x20, 0x0, 0x0, 0x0, 0x1, 0x40, 0x0,
    0xe6, 0x0, 0x57, 0x9a, 0xdf, 0xf3, 0x0, 0x7f,
    0x10, 0xff, 0xdb, 0x85, 0x10, 0x0, 0xb, 0x80,
    0xf3, 0x0, 0x0, 0x0, 0x0, 0x1, 0x0, 0xf3,
    0x0, 0x0, 0x0, 0x2, 0x22, 0x0, 0xf9, 0x88,
    0x88, 0x85, 0xe, 0xff, 0x0, 0xfc, 0xbb, 0xbf,
    0xb7, 0x0, 0x2f, 0x0, 0xf2, 0x0, 0x2f, 0x0,
    0x0, 0x2f, 0x3, 0xf0, 0x0, 0x2f, 0x0, 0x0,
    0x2f, 0x7, 0xc0, 0x0, 0x2f, 0x0, 0x0, 0x3f,
    0x1e, 0x60, 0x0, 0x2f, 0x0, 0x0, 0xcf, 0x85,
    0x0, 0x0, 0x1b, 0x0, 0x8, 0xd1, 0xda, 0x42,
    0x22, 0x22, 0x22, 0xc, 0x30, 0x1a, 0xef, 0xff,
    0xff, 0xfb, 0x0, 0x0, 0x0, 0x0, 0x0, 0x0,
    0x0,

    /* U+8FD4 "返" */
    0x7, 0x0, 0x0, 0x12, 0x34, 0x69, 0x50, 0xd,
    0xa0, 0xf, 0xff, 0xff, 0xdb, 0x50, 0x2, 0xf6,
    0xf, 0x52, 0x0, 0x0, 0x0, 0x0, 0x52, 0xf,
    0x53, 0x33, 0x33, 0x10, 0x0, 0x0, 0xf, 0xff,
    0xff, 0xff, 0x40, 0xdf, 0xf0, 0xf, 0x32, 0x0,
    0x4f, 0x10, 0x24, 0xf0, 0x1f, 0x8e, 0x20, 0xca,
    0x0, 0x2, 0xf0, 0x3e, 0x9, 0xea, 0xf1, 0x0,
    0x2, 0xf0, 0x7c, 0x0, 0xcf, 0x70, 0x0, 0x2,
    0xf0, 0xc7, 0x7, 0xfe, 0xe2, 0x0, 0x2, 0xf5,
    0xf3, 0xbf, 0x80, 0xce, 0x10, 0xa, 0xfa, 0x78,
    0xf6, 0x0, 0x1d, 0x70, 0x8f, 0x7f, 0x95, 0x42,
    0x22, 0x24, 0x30, 0xb5, 0x3, 0xae, 0xff, 0xff,
    0xff, 0xf1, 0x0, 0x0, 0x0, 0x0, 0x0, 0x0,
    0x0,

    /* U+8FD8 "还" */
    0x9, 0x10, 0x0, 0x0, 0x0, 0x0, 0x0, 0xd,
    0xc0, 0xaf, 0xff, 0xff, 0xff, 0xf0, 0x2, 0xf8,
    0x12, 0x22, 0xe9, 0x22, 0x20, 0x0, 0x53, 0x0,
    0x6, 0xf2, 0x0, 0x0, 0x0, 0x0, 0x0, 0x2f,
    0xf1, 0x0, 0x0, 0xdf, 0xf0, 0x0, 0xce, 0xfa,
    0xc0, 0x0, 0x24, 0xf0, 0xa, 0xe5, 0xf2, 0xdb,
    0x0, 0x2, 0xf0, 0x9f, 0x43, 0xf1, 0x2e, 0xa0,
    0x2, 0xf4, 0xf4, 0x3, 0xf1, 0x3, 0xe3, 0x2,
    0xf0, 0x20, 0x3, 0xf1, 0x0, 0x10, 0x6, 0xf4,
    0x0, 0x3, 0xf1, 0x0, 0x0, 0x1e, 0xcd, 0x10,
    0x0, 0x20, 0x0, 0x0, 0xac, 0xc, 0xd6, 0x32,
    0x22, 0x22, 0x20, 0xb2, 0x0, 0x9e, 0xff, 0xff,
    0xff, 0xf3, 0x0, 0x0, 0x0, 0x0, 0x0, 0x0,
    0x0,

    /* U+8FDE "连" */
    0x2, 0x0, 0x0, 0x5, 0x70, 0x0, 0x0, 0xf,
    0x60, 0x0, 0xd, 0x70, 0x0, 0x0, 0x6, 0xf2,
    0x9f, 0xff, 0xff, 0xff, 0xf6, 0x0, 0xb6, 0x13,
    0xda, 0x33, 0x33, 0x31, 0x0, 0x0, 0x3, 0xf2,
    0x6e, 0x0, 0x0, 0x69, 0x90, 0xb, 0xb0, 0x6e,
    0x0, 0x0, 0x8b, 0xf0, 0xf, 0xff, 0xff, 0xff,
    0xf0, 0x2, 0xf0, 0x1, 0x11, 0x7e, 0x11, 0x10,
    0x2, 0xf0, 0x0, 0x0, 0x6e, 0x0, 0x0, 0x2,
    0xf0, 0xff, 0xff, 0xff, 0xff, 0xf9, 0x2, 0xf0,
    0x22, 0x22, 0x7e, 0x22, 0x21, 0xb, 0xf7, 0x0,
    0x0, 0x5d, 0x0, 0x0, 0x8f, 0x7f, 0xa4, 0x32,
    0x22, 0x22, 0x21, 0x94, 0x3, 0xbe, 0xff, 0xff,
    0xff, 0xf9, 0x0, 0x0, 0x0, 0x0, 0x0, 0x0,
    0x0,

    /* U+8FF9 "迹" */
    0x0, 0x0, 0x0, 0x0, 0x0, 0x0, 0x0, 0x5,
    0x0, 0x0, 0x2, 0xf6, 0x0, 0x0, 0x1f, 0x80,
    0x0, 0x0, 0xdc, 0x0, 0x0, 0x5, 0xf4, 0xbf,
    0xff, 0xff, 0xff, 0xf9, 0x0, 0x94, 0x12, 0x4f,
    0x34, 0xf2, 0x21, 0x0, 0x0, 0x0, 0x2f, 0x2,
    0xf0, 0x0, 0x12, 0x20, 0xc, 0x4f, 0x2, 0xf8,
    0x50, 0xbf, 0xf0, 0x6c, 0x4e, 0x2, 0xf6, 0xd0,
    0x2, 0xf0, 0xd5, 0x6c, 0x2, 0xf0, 0xe4, 0x2,
    0xf6, 0xd0, 0xc9, 0x2, 0xf0, 0x8b, 0x2, 0xf0,
    0x16, 0xf3, 0x4, 0xf0, 0x14, 0x4, 0xf1, 0x4f,
    0x92, 0xff, 0xc0, 0x0, 0xd, 0xfb, 0x19, 0x0,
    0x22, 0x0, 0x0, 0x9e, 0x3e, 0xb4, 0x22, 0x22,
    0x22, 0x22, 0xa3, 0x2, 0xae, 0xff, 0xff, 0xff,
    0xfb, 0x0, 0x0, 0x0, 0x0, 0x0, 0x0, 0x0,

    /* U+9002 "适" */
    0x8, 0x0, 0x0, 0x12, 0x35, 0x68, 0x40, 0x1e,
    0x90, 0x8f, 0xff, 0xfc, 0xa8, 0x30, 0x4, 0xf5,
    0x1, 0x0, 0xf2, 0x0, 0x0, 0x0, 0x85, 0x0,
    0x0, 0xf2, 0x0, 0x0, 0x0, 0x0, 0xff, 0xff,
    0xff, 0xff, 0xf2, 0x68, 0x80, 0x22, 0x22, 0xf4,
    0x22, 0x20, 0xad, 0xf0, 0x2, 0x22, 0xf4, 0x22,
    0x0, 0x2, 0xf0, 0xf, 0xff, 0xff, 0xff, 0x10,
    0x2, 0xf0, 0xf, 0x20, 0x0, 0xf, 0x10, 0x2,
    0xf0, 0xf, 0x32, 0x22, 0x2f, 0x10, 0x3, 0xf0,
    0xf, 0xff, 0xff, 0xff, 0x10, 0xc, 0xf9, 0x0,
    0x0, 0x0, 0x0, 0x0, 0x8f, 0x6f, 0xa4, 0x22,
    0x22, 0x22, 0x20, 0xb5, 0x2, 0xae, 0xff, 0xff,
    0xff, 0xf2, 0x0, 0x0, 0x0, 0x0, 0x0, 0x0,
    0x0,

    /* U+9009 "选" */
    0x3, 0x0, 0x2, 0x2, 0xf3, 0x0, 0x0, 0x2f,
    0x30, 0xd, 0x52, 0xf3, 0x0, 0x0, 0xa, 0xd0,
    0x1f, 0x44, 0xf5, 0x22, 0x10, 0x1, 0xe6, 0x7f,
    0xff, 0xff, 0xff, 0x90, 0x0, 0x20, 0xd6, 0x2,
    0xf3, 0x0, 0x0, 0x58, 0x80, 0x53, 0x24, 0xf5,
    0x22, 0x20, 0x7b, 0xf3, 0xff, 0xff, 0xff, 0xff,
    0xf1, 0x2, 0xf0, 0x0, 0xf2, 0xf, 0x20, 0x0,
    0x2, 0xf0, 0x2, 0xf0, 0xf, 0x20, 0xe1, 0x2,
    0xf0, 0xb, 0xa0, 0xf, 0x31, 0xf0, 0x4, 0xf1,
    0xbe, 0x10, 0xc, 0xff, 0xd0, 0xd, 0xfb, 0x52,
    0x0, 0x0, 0x11, 0x0, 0x8e, 0x3f, 0xb4, 0x22,
    0x22, 0x22, 0x20, 0xa4, 0x2, 0xbe, 0xff, 0xff,
    0xff, 0xf3, 0x10, 0x0, 0x0, 0x0, 0x0, 0x0,
    0x0,

    /* U+9014 "途" */
    0x8, 0x30, 0x0, 0x1, 0xed, 0x0, 0x0, 0xb,
    0xd0, 0x0, 0xc, 0xcd, 0xa0, 0x0, 0x1, 0xe9,
    0x1, 0xce, 0x12, 0xea, 0x0, 0x0, 0x56, 0x4e,
    0xe2, 0x0, 0x2e, 0xd3, 0x0, 0x1, 0xfb, 0xff,
    0xff, 0xfe, 0xba, 0x6a, 0xa0, 0x20, 0x11, 0xaa,
    0x11, 0x1, 0xaf, 0xf0, 0x12, 0x22, 0xaa, 0x22,
    0x20, 0x2, 0xf0, 0x9f, 0xff, 0xff, 0xff, 0xf6,
    0x2, 0xf0, 0x0, 0x70, 0x9a, 0x14, 0x0, 0x2,
    0xf0, 0xb, 0xb0, 0x9a, 0x3f, 0x40, 0x2, 0xf0,
    0xbc, 0x12, 0xb9, 0x4, 0xf3, 0x8, 0xf5, 0x50,
    0x7f, 0xf5, 0x0, 0x51, 0x6f, 0xaf, 0x94, 0x22,
    0x22, 0x22, 0x22, 0x77, 0x4, 0xbe, 0xff, 0xff,
    0xff, 0xfb, 0x0, 0x0, 0x0, 0x0, 0x0, 0x0,
    0x0,

    /* U+901A "通" */
    0x1, 0x10, 0x0, 0x0, 0x0, 0x0, 0x0, 0xb,
    0xb0, 0x2f, 0xff, 0xff, 0xff, 0xe0, 0x2, 0xf6,
    0x0, 0xa7, 0x5, 0xdc, 0x40, 0x0, 0x78, 0x2,
    0x3c, 0xee, 0x62, 0x20, 0x0, 0x0, 0x2f, 0xbb,
    0xfc, 0xbc, 0xf0, 0x9f, 0xf2, 0x2f, 0x11, 0xf3,
    0x13, 0xf0, 0x12, 0xf2, 0x2f, 0xdd, 0xfd, 0xdd,
    0xf0, 0x0, 0xf2, 0x2f, 0x0, 0xf2, 0x2, 0xf0,
    0x0, 0xf2, 0x2f, 0xff, 0xff, 0xff, 0xf0, 0x0,
    0xf2, 0x2f, 0x0, 0xf2, 0x2, 0xf0, 0x0, 0xf2,
    0x2f, 0x0, 0xf2, 0x5, 0xf0, 0x6, 0xf8, 0x2f,
    0x0, 0xd3, 0xff, 0x90, 0x4f, 0x7e, 0x94, 0x22,
    0x22, 0x22, 0x22, 0x57, 0x2, 0x9e, 0xff, 0xff,
    0xff, 0xfb, 0x0, 0x0, 0x0, 0x0, 0x0, 0x0,
    0x0,

    /* U+901F "速" */
    0x5, 0x0, 0x0, 0x0, 0xf1, 0x0, 0x0, 0x2f,
    0x70, 0x12, 0x22, 0xf3, 0x22, 0x10, 0x8, 0xf1,
    0xdf, 0xff, 0xff, 0xff, 0xb0, 0x0, 0xe6, 0x0,
    0x0, 0xf1, 0x0, 0x0, 0x0, 0x0, 0x2f, 0xff,
    0xff, 0xff, 0x20, 0x8b, 0xb0, 0x2f, 0x1, 0xf2,
    0xf, 0x20, 0x9c, 0xf0, 0x2f, 0x1, 0xf2, 0xf,
    0x20, 0x2, 0xf0, 0x2f, 0xff, 0xff, 0xff, 0x20,
    0x2, 0xf0, 0x0, 0x2d, 0xf8, 0x10, 0x0, 0x2,
    0xf0, 0x6, 0xe7, 0xfa, 0xe7, 0x0, 0x3, 0xf1,
    0xad, 0x30, 0xf1, 0x2c, 0x60, 0xc, 0xda, 0x10,
    0x0, 0xa1, 0x0, 0x0, 0x8c, 0x1d, 0xb4, 0x22,
    0x22, 0x22, 0x20, 0x92, 0x1, 0xae, 0xff, 0xff,
    0xff, 0xe0, 0x0, 0x0, 0x0, 0x0, 0x0, 0x0,
    0x0,

    /* U+9053 "道" */
    0x0, 0x0, 0x0, 0x0, 0x0, 0x0, 0x0, 0x3,
    0x0, 0x3, 0xc0, 0x0, 0xb5, 0x0, 0x4f, 0x30,
    0x1, 0xd7, 0x8, 0xe1, 0x0, 0xa, 0xd3, 0xff,
    0xff, 0xff, 0xff, 0xf5, 0x1, 0xd3, 0x0, 0x7,
    0xe0, 0x0, 0x0, 0x0, 0x0, 0x1e, 0xef, 0xfe,
    0xee, 0x20, 0x8c, 0xc0, 0x2f, 0x0, 0x0, 0xf,
    0x20, 0x59, 0xf0, 0x2f, 0xee, 0xee, 0xef, 0x20,
    0x2, 0xf0, 0x2f, 0x0, 0x0, 0xf, 0x20, 0x2,
    0xf0, 0x2f, 0xee, 0xee, 0xef, 0x20, 0x2, 0xf0,
    0x2f, 0x0, 0x0, 0xf, 0x20, 0x3, 0xf1, 0x2f,
    0xff, 0xff, 0xff, 0x20, 0xc, 0xfa, 0x0, 0x0,
    0x0, 0x0, 0x0, 0x8f, 0x5f, 0xa4, 0x22, 0x22,
    0x22, 0x20, 0x95, 0x3, 0xbf, 0xff, 0xff, 0xff,
    0xf4, 0x0, 0x0, 0x0, 0x0, 0x0, 0x0, 0x0,

    /* U+914D "配" */
    0xff, 0xff, 0xff, 0xf6, 0xff, 0xff, 0x21, 0x1d,
    0x3f, 0x21, 0x24, 0x44, 0xf2, 0x1, 0xd3, 0xf1,
    0x10, 0x0, 0xf, 0x28, 0xff, 0xff, 0xfb, 0x0,
    0x0, 0xf2, 0x87, 0xa2, 0xc4, 0xb1, 0x55, 0x5f,
    0x28, 0x7c, 0x1d, 0x4b, 0x4f, 0xbb, 0xb1, 0x8b,
    0xd0, 0xcf, 0xb4, 0xe0, 0x0, 0x8, 0xd6, 0x0,
    0x5b, 0x4e, 0x0, 0x0, 0x88, 0x11, 0x16, 0xb4,
    0xe0, 0x2, 0x28, 0xff, 0xff, 0xfb, 0x4e, 0x0,
    0x7b, 0x88, 0x0, 0x5, 0xb4, 0xe0, 0x7, 0xa8,
    0xff, 0xff, 0xfb, 0x3f, 0x32, 0xb9, 0x88, 0x11,
    0x11, 0x10, 0xcf, 0xfe, 0x30,

    /* U+91CA "释" */
    0x0, 0x12, 0x35, 0x0, 0x0, 0x0, 0x0, 0x0,
    0xff, 0xff, 0xd2, 0xff, 0xff, 0xff, 0xa0, 0x8,
    0x5e, 0x42, 0xb, 0xc2, 0x23, 0xf6, 0x0, 0xd1,
    0xe3, 0xc3, 0x1d, 0xa1, 0xcb, 0x0, 0x7, 0x8e,
    0x6c, 0x0, 0x1e, 0xfc, 0x0, 0x0, 0x15, 0xe6,
    0x42, 0x7c, 0xea, 0xfb, 0x61, 0xd, 0xdf, 0xed,
    0x8c, 0x61, 0x71, 0x7d, 0x30, 0x48, 0xf7, 0x40,
    0x11, 0x3f, 0x11, 0x0, 0x0, 0xaf, 0xb1, 0x5f,
    0xff, 0xff, 0xff, 0x0, 0x3d, 0xec, 0xe0, 0x0,
    0x3f, 0x0, 0x0, 0xc, 0x5e, 0x33, 0x12, 0x24,
    0xf2, 0x22, 0x1, 0xc0, 0xe3, 0xf, 0xff, 0xff,
    0xff, 0xf6, 0x1, 0xe, 0x30, 0x0, 0x2, 0xf0,
    0x0, 0x0, 0x0, 0xe3, 0x0, 0x0, 0x2f, 0x0,
    0x0, 0x0, 0x0, 0x0, 0x0, 0x0, 0x0, 0x0,
    0x0,

    /* U+91CC "里" */
    0x0, 0xdf, 0xff, 0xff, 0xff, 0xff, 0xd0, 0x0,
    0xd, 0x82, 0x24, 0xf4, 0x22, 0x8d, 0x0, 0x0,
    0xd7, 0x11, 0x3f, 0x31, 0x17, 0xd0, 0x0, 0xd,
    0xff, 0xff, 0xff, 0xff, 0xfd, 0x0, 0x0, 0xd6,
    0x0, 0x2f, 0x20, 0x7, 0xd0, 0x0, 0xd, 0x82,
    0x24, 0xf4, 0x22, 0x8d, 0x0, 0x0, 0xdf, 0xff,
    0xff, 0xff, 0xff, 0xd0, 0x0, 0x0, 0x0, 0x2,
    0xf2, 0x0, 0x0, 0x0, 0x0, 0x22, 0x22, 0x4f,
    0x42, 0x22, 0x20, 0x0, 0x2f, 0xff, 0xff, 0xff,
    0xff, 0xff, 0x20, 0x0, 0x0, 0x0, 0x2f, 0x20,
    0x0, 0x0, 0x1, 0xff, 0xff, 0xff, 0xff, 0xff,
    0xff, 0xf1, 0x2, 0x22, 0x22, 0x22, 0x22, 0x22,
    0x22, 0x0,

    /* U+91CD "重" */
    0x0, 0x0, 0x0, 0x0, 0x1, 0x23, 0x30, 0x0,
    0xd, 0xee, 0xef, 0xff, 0xfe, 0xdc, 0x0, 0x0,
    0x32, 0x22, 0x3f, 0x20, 0x0, 0x0, 0x0, 0xee,
    0xee, 0xee, 0xfe, 0xee, 0xee, 0xe1, 0x1, 0x11,
    0x11, 0x2f, 0x21, 0x11, 0x11, 0x0, 0x9, 0xff,
    0xff, 0xff, 0xff, 0xfa, 0x0, 0x0, 0x9a, 0x0,
    0x2f, 0x20, 0x9, 0xa0, 0x0, 0x9, 0xfe, 0xee,
    0xfe, 0xee, 0xfa, 0x0, 0x0, 0x9a, 0x0, 0x2f,
    0x20, 0x9, 0xa0, 0x0, 0x8, 0xff, 0xff, 0xff,
    0xff, 0xf9, 0x0, 0x0, 0x0, 0x0, 0x2f, 0x20,
    0x0, 0x0, 0x0, 0x1e, 0xee, 0xee, 0xfe, 0xee,
    0xee, 0x20, 0x0, 0x0, 0x0, 0x2f, 0x20, 0x0,
    0x0, 0x0, 0xff, 0xff, 0xff, 0xff, 0xff, 0xff,
    0xf1,

    /* U+91CF "量" */
    0x0, 0xae, 0xdd, 0xdd, 0xdd, 0xde, 0xa0, 0x0,
    0xa, 0xec, 0xcc, 0xcc, 0xcc, 0xea, 0x0, 0x0,
    0xac, 0x66, 0x66, 0x66, 0x6c, 0xa0, 0x0, 0x3,
    0x55, 0x55, 0x55, 0x55, 0x53, 0x0, 0x2d, 0xdd,
    0xdd, 0xdd, 0xdd, 0xdd, 0xdd, 0x20, 0x3, 0x44,
    0x44, 0x44, 0x44, 0x43, 0x0, 0x0, 0xac, 0x77,
    0x8f, 0x87, 0x7c, 0xa0, 0x0, 0xa, 0xec, 0xcd,
    0xfd, 0xcc, 0xea, 0x0, 0x0, 0xab, 0x55, 0x6f,
    0x65, 0x5b, 0xa0, 0x0, 0x4, 0x77, 0x78, 0xf8,
    0x77, 0x74, 0x0, 0x1, 0xdd, 0xdd, 0xdf, 0xdd,
    0xdd, 0xd1, 0x0, 0x0, 0x0, 0x1, 0xf1, 0x0,
    0x0, 0x0, 0xd, 0xdd, 0xdd, 0xdf, 0xdd, 0xdd,
    0xdd, 0x0,

    /* U+9488 "针" */
    0x0, 0x1, 0x0, 0x0, 0x0, 0x0, 0x0, 0x0,
    0x5, 0xf0, 0x0, 0x0, 0x2f, 0x20, 0x0, 0x0,
    0xbb, 0x0, 0x0, 0x2, 0xf2, 0x0, 0x0, 0x1f,
    0xff, 0xff, 0x0, 0x2f, 0x20, 0x0, 0x8, 0xd2,
    0x22, 0x20, 0x2, 0xf2, 0x0, 0x1, 0xf9, 0x55,
    0x51, 0x0, 0x2f, 0x20, 0x0, 0x7, 0xbf, 0xcb,
    0x5f, 0xff, 0xff, 0xff, 0x30, 0x0, 0xf3, 0x0,
    0x22, 0x4f, 0x42, 0x20, 0x2, 0x2f, 0x42, 0x10,
    0x2, 0xf2, 0x0, 0x0, 0xff, 0xff, 0xfd, 0x0,
    0x2f, 0x20, 0x0, 0x0, 0x1f, 0x30, 0x0, 0x2,
    0xf2, 0x0, 0x0, 0x0, 0xf3, 0x2, 0x0, 0x2f,
    0x20, 0x0, 0x0, 0xf, 0x6c, 0xc0, 0x2, 0xf2,
    0x0, 0x0, 0x4, 0xff, 0x91, 0x0, 0x2f, 0x20,
    0x0, 0x0, 0x2a, 0x20, 0x0, 0x2, 0xf2, 0x0,
    0x0,

    /* U+9501 "锁" */
    0x0, 0x0, 0x0, 0x0, 0x0, 0x0, 0x0, 0x0,
    0x5, 0xc0, 0x2, 0x0, 0xf2, 0x1, 0x0, 0x0,
    0xb9, 0x1, 0xf3, 0xf, 0x20, 0xd6, 0x0, 0x1f,
    0xff, 0x87, 0xe1, 0xf2, 0xbc, 0x0, 0x9, 0xc2,
    0x21, 0x9, 0x1f, 0x3b, 0x10, 0x1, 0xf6, 0x22,
    0x6, 0x77, 0xf8, 0x77, 0x10, 0xa, 0xff, 0xf4,
    0xdc, 0xbb, 0xbb, 0xf2, 0x0, 0x7, 0xb0, 0xd,
    0x50, 0x81, 0xf, 0x20, 0x2, 0x8c, 0x21, 0xd5,
    0xf, 0x30, 0xf2, 0x0, 0xff, 0xff, 0x8d, 0x50,
    0xf2, 0xf, 0x20, 0x0, 0x7b, 0x0, 0xd5, 0x3f,
    0x10, 0xf2, 0x0, 0x7, 0xb1, 0x16, 0x28, 0xfa,
    0x7, 0x10, 0x0, 0x7d, 0xd6, 0x6, 0xf7, 0xdd,
    0x30, 0x0, 0xa, 0xf6, 0x5c, 0xf6, 0x0, 0xaf,
    0x70, 0x0, 0x42, 0xa, 0xb2, 0x0, 0x0, 0x69,
    0x0, 0x0, 0x0, 0x0, 0x0, 0x0, 0x0, 0x0,

    /* U+952E "键" */
    0x0, 0x0, 0x0, 0x0, 0x0, 0x0, 0x0, 0x0,
    0xb, 0x60, 0x0, 0x0, 0xd, 0x30, 0x0, 0x0,
    0xf3, 0x3, 0x43, 0x0, 0xd3, 0x0, 0x0, 0x4f,
    0x64, 0xce, 0xe9, 0xff, 0xff, 0x80, 0xa, 0xdb,
    0x80, 0xc7, 0x0, 0xd3, 0x78, 0x1, 0xf2, 0x0,
    0x4d, 0xf, 0xff, 0xff, 0xf4, 0xb, 0xdd, 0x6d,
    0x72, 0x0, 0xd3, 0x78, 0x0, 0x1c, 0x71, 0xee,
    0xd9, 0xff, 0xff, 0x70, 0x1, 0xb6, 0x10, 0x7b,
    0x1, 0xd4, 0x10, 0x0, 0xff, 0xfc, 0xc9, 0x9a,
    0xef, 0xee, 0xa0, 0x0, 0xb5, 0xd, 0xd4, 0x0,
    0xd3, 0x0, 0x0, 0xb, 0x52, 0x8f, 0x2f, 0xff,
    0xff, 0xf1, 0x0, 0xbc, 0xc9, 0xe4, 0x0, 0x92,
    0x0, 0x0, 0xc, 0xe4, 0xe2, 0xe7, 0x21, 0x11,
    0x10, 0x0, 0xd3, 0xa7, 0x2, 0xbf, 0xff, 0xff,
    0x30, 0x0, 0x2, 0x10, 0x0, 0x0, 0x0, 0x0,

    /* U+957F "长" */
    0x0, 0xb8, 0x0, 0x0, 0x0, 0x52, 0x0, 0x0,
    0xb8, 0x0, 0x0, 0x2b, 0xf7, 0x0, 0x0, 0xb8,
    0x0, 0x19, 0xfe, 0x50, 0x0, 0x0, 0xb8, 0x2a,
    0xfe, 0x70, 0x0, 0x0, 0x0, 0xb8, 0x4d, 0x60,
    0x0, 0x0, 0x0, 0x0, 0xb8, 0x0, 0x0, 0x0,
    0x0, 0x0, 0xff, 0xff, 0xff, 0xff, 0xff, 0xff,
    0xf0, 0x22, 0xc9, 0x22, 0xd9, 0x22, 0x22, 0x20,
    0x0, 0xb8, 0x0, 0x5e, 0x10, 0x0, 0x0, 0x0,
    0xb8, 0x0, 0xc, 0xc0, 0x0, 0x0, 0x0, 0xb8,
    0x0, 0x21, 0xec, 0x20, 0x0, 0x0, 0xb8, 0x5c,
    0xe0, 0x1c, 0xf8, 0x10, 0x1, 0xef, 0xe8, 0x10,
    0x0, 0x7e, 0xd0, 0x0, 0xb6, 0x0, 0x0, 0x0,
    0x0, 0x20,

    /* U+95ED "闭" */
    0x7, 0x80, 0x0, 0x0, 0x0, 0x0, 0x0, 0x3e,
    0xb0, 0xaf, 0xff, 0xff, 0xff, 0x0, 0x2e, 0x71,
    0x22, 0x22, 0x24, 0xf1, 0xa0, 0x10, 0x0, 0x1b,
    0x0, 0x2f, 0x2f, 0x1, 0x22, 0x24, 0xf2, 0x22,
    0xf2, 0xf0, 0xcf, 0xff, 0xff, 0xff, 0x3f, 0x2f,
    0x0, 0x0, 0x3f, 0xf0, 0x2, 0xf2, 0xf0, 0x0,
    0x1d, 0x9f, 0x0, 0x2f, 0x2f, 0x0, 0xc, 0xc2,
    0xf0, 0x2, 0xf2, 0xf0, 0x1d, 0xd1, 0x2f, 0x0,
    0x2f, 0x2f, 0x4e, 0xd1, 0x2, 0xf0, 0x2, 0xf2,
    0xf1, 0x90, 0x2, 0x6f, 0x0, 0x2f, 0x2f, 0x0,
    0x3, 0xff, 0xa2, 0x27, 0xf2, 0xf0, 0x0, 0x0,
    0x0, 0xff, 0xf8,

    /* U+95F2 "闲" */
    0x6, 0x60, 0x0, 0x0, 0x0, 0x0, 0x0, 0x4f,
    0x90, 0xef, 0xff, 0xff, 0xff, 0x0, 0x3f, 0x62,
    0x22, 0x22, 0x24, 0xf1, 0x90, 0x20, 0xe, 0x20,
    0x0, 0x2f, 0x2f, 0x0, 0x0, 0xf2, 0x0, 0x2,
    0xf2, 0xf0, 0xdf, 0xff, 0xff, 0xfb, 0x2f, 0x2f,
    0x4, 0x47, 0xf6, 0x44, 0x32, 0xf2, 0xf0, 0x0,
    0xcf, 0x90, 0x0, 0x2f, 0x2f, 0x0, 0x7e, 0xfe,
    0xd2, 0x2, 0xf2, 0xf0, 0x6f, 0x4f, 0x39, 0xf6,
    0x2f, 0x2f, 0x4f, 0x80, 0xf2, 0x6, 0x82, 0xf2,
    0xf0, 0x60, 0xf, 0x20, 0x0, 0x2f, 0x2f, 0x0,
    0x0, 0xf2, 0x2, 0x27, 0xf2, 0xf0, 0x0, 0x0,
    0x1, 0xff, 0xf9,

    /* U+95F4 "间" */
    0x5, 0x60, 0x0, 0x0, 0x0, 0x0, 0x0, 0x7f,
    0x70, 0xdf, 0xff, 0xff, 0xff, 0x0, 0x9f, 0x32,
    0x22, 0x22, 0x24, 0xf1, 0x70, 0x40, 0x0, 0x0,
    0x0, 0x2f, 0x2f, 0x2, 0xff, 0xff, 0xf2, 0x2,
    0xf2, 0xf0, 0x2f, 0x22, 0x2f, 0x20, 0x2f, 0x2f,
    0x2, 0xf0, 0x0, 0xf2, 0x2, 0xf2, 0xf0, 0x2f,
    0xff, 0xff, 0x20, 0x2f, 0x2f, 0x2, 0xf2, 0x22,
    0xf2, 0x2, 0xf2, 0xf0, 0x2f, 0x0, 0xf, 0x20,
    0x2f, 0x2f, 0x2, 0xff, 0xff, 0xf2, 0x2, 0xf2,
    0xf0, 0x2, 0x22, 0x22, 0x0, 0x2f, 0x2f, 0x0,
    0x0, 0x0, 0x22, 0x28, 0xe2, 0xf0, 0x0, 0x0,
    0xb, 0xff, 0xe7,

    /* U+9640 "陀" */
    0x0, 0x0, 0x0, 0x0, 0x6a, 0x0, 0x0, 0x2f,
    0xff, 0xf0, 0x0, 0x4f, 0x30, 0x0, 0x2f, 0x26,
    0xe8, 0xff, 0xff, 0xff, 0xf5, 0x2f, 0x9, 0x88,
    0xc2, 0x22, 0x22, 0xe5, 0x2f, 0xe, 0x35, 0x70,
    0x0, 0x0, 0x93, 0x2f, 0x2f, 0x0, 0x99, 0x0,
    0x2, 0x0, 0x2f, 0xd, 0x60, 0xba, 0x0, 0x8f,
    0x50, 0x2f, 0x5, 0xd0, 0xbb, 0x7e, 0xd5, 0x0,
    0x2f, 0x0, 0xf0, 0xbf, 0xd5, 0x0, 0x0, 0x2f,
    0x3, 0xf1, 0xbb, 0x0, 0x0, 0xc0, 0x2f, 0xbf,
    0xa0, 0xba, 0x0, 0x1, 0xf0, 0x2f, 0x11, 0x0,
    0xba, 0x0, 0x1, 0xf0, 0x2f, 0x0, 0x0, 0xad,
    0x32, 0x28, 0xd0, 0x2f, 0x0, 0x0, 0x3d, 0xff,
    0xfe, 0x50,

    /* U+9644 "附" */
    0x0, 0x0, 0x0, 0x1, 0x0, 0x0, 0x0, 0x0,
    0x0, 0x0, 0x2f, 0x20, 0xe, 0x40, 0x2f, 0xff,
    0xe0, 0x7e, 0x0, 0xe, 0x40, 0x2f, 0x28, 0xc0,
    0xba, 0x0, 0xe, 0x40, 0x2f, 0xa, 0x81, 0xf6,
    0x22, 0x2e, 0x61, 0x2f, 0xe, 0x48, 0xf4, 0xff,
    0xff, 0xf9, 0x2f, 0x3f, 0x1e, 0xf4, 0x0, 0xe,
    0x40, 0x2f, 0x2f, 0x4d, 0xe4, 0xc4, 0xe, 0x40,
    0x2f, 0x8, 0xa1, 0xd4, 0x7b, 0xe, 0x40, 0x2f,
    0x3, 0xe0, 0xd4, 0x1f, 0x2e, 0x40, 0x2f, 0x5,
    0xf0, 0xd4, 0x6, 0x1e, 0x40, 0x2f, 0xbf, 0x90,
    0xd4, 0x0, 0xe, 0x40, 0x2f, 0x11, 0x0, 0xd4,
    0x0, 0xe, 0x40, 0x2f, 0x0, 0x0, 0xd4, 0x26,
    0x8f, 0x40, 0x2f, 0x0, 0x0, 0xd4, 0x3d, 0xda,
    0x0, 0x0, 0x0, 0x0, 0x0, 0x0, 0x0, 0x0,

    /* U+964D "降" */
    0x0, 0x0, 0x0, 0x0, 0x0, 0x0, 0x0, 0x0,
    0x0, 0x0, 0x5, 0xc0, 0x0, 0x0, 0x1f, 0xff,
    0xf1, 0xd, 0xa0, 0x0, 0x0, 0x1f, 0x24, 0xf0,
    0x9f, 0xff, 0xff, 0xa0, 0x1f, 0x7, 0xa6, 0xfe,
    0x10, 0x4e, 0x30, 0x1f, 0xc, 0x59, 0x36, 0xe9,
    0xe3, 0x0, 0x1f, 0x1f, 0x0, 0x39, 0xfe, 0xd7,
    0x30, 0x1f, 0x1e, 0x4d, 0xe9, 0x36, 0x4a, 0xe7,
    0x1f, 0x8, 0xa3, 0x11, 0x3f, 0x11, 0x10, 0x1f,
    0x3, 0xe8, 0xff, 0xff, 0xff, 0xf2, 0x1f, 0x2,
    0xf0, 0x70, 0x2f, 0x0, 0x0, 0x1f, 0x6c, 0xd6,
    0xc2, 0x4f, 0x22, 0x20, 0x1f, 0x69, 0x3a, 0xff,
    0xff, 0xff, 0xf4, 0x1f, 0x0, 0x0, 0x0, 0x2f,
    0x0, 0x0, 0x1f, 0x0, 0x0, 0x0, 0x2f, 0x0,
    0x0, 0x0, 0x0, 0x0, 0x0, 0x0, 0x0, 0x0,

    /* U+9664 "除" */
    0x0, 0x0, 0x0, 0x7, 0xf4, 0x0, 0xf, 0xff,
    0xf0, 0x1, 0xec, 0xd0, 0x0, 0xf4, 0x5e, 0x0,
    0xbc, 0xd, 0x90, 0xf, 0x27, 0xa0, 0x9f, 0x20,
    0x3f, 0x70, 0xf2, 0xb6, 0x9f, 0x72, 0x22, 0x8f,
    0x8f, 0x2f, 0x3e, 0x9f, 0xff, 0xff, 0x59, 0xf2,
    0xe3, 0x0, 0x2, 0xf0, 0x0, 0xf, 0x25, 0xb1,
    0x22, 0x4f, 0x22, 0x21, 0xf2, 0xf, 0x9f, 0xff,
    0xff, 0xff, 0x6f, 0x22, 0xf0, 0x63, 0x2f, 0x1a,
    0x0, 0xfb, 0xfc, 0x1f, 0x32, 0xf0, 0xc8, 0xf,
    0x31, 0xb, 0xa0, 0x2f, 0x3, 0xf2, 0xf2, 0x6,
    0xe1, 0x26, 0xf0, 0x8, 0xbf, 0x20, 0x2, 0xf,
    0xfa, 0x0, 0x1, 0x30, 0x0, 0x0, 0x0, 0x0,
    0x0, 0x0,

    /* U+9690 "隐" */
    0x0, 0x0, 0x0, 0x8, 0x50, 0x0, 0x0, 0x2f,
    0xff, 0xf0, 0x5f, 0x50, 0x0, 0x0, 0x2f, 0x15,
    0xd4, 0xff, 0xff, 0xfc, 0x0, 0x2f, 0x8, 0xef,
    0xa1, 0x6, 0xc2, 0x0, 0x2f, 0xe, 0x9e, 0xff,
    0xff, 0xff, 0xb0, 0x2f, 0x3f, 0x0, 0x0, 0x0,
    0xb, 0xb0, 0x2f, 0xd, 0x5d, 0xff, 0xff, 0xff,
    0xb0, 0x2f, 0x5, 0xc0, 0x0, 0x0, 0xb, 0xb0,
    0x2f, 0x1, 0xfe, 0xee, 0xee, 0xef, 0xb0, 0x2f,
    0x4, 0xf2, 0x24, 0x84, 0x13, 0x20, 0x2f, 0xaf,
    0xae, 0x2f, 0x39, 0x5b, 0x80, 0x2f, 0x0, 0x5a,
    0x2f, 0x2, 0xf3, 0xe0, 0x2f, 0x0, 0xa6, 0x2f,
    0x22, 0xf0, 0xb6, 0x2f, 0x0, 0x71, 0xc, 0xff,
    0xa0, 0x33,

    /* U+96F6 "零" */
    0x9, 0xff, 0xff, 0xff, 0xff, 0xff, 0x70, 0x0,
    0x0, 0x0, 0xf2, 0x0, 0x0, 0x0, 0x2f, 0xee,
    0xee, 0xfe, 0xee, 0xee, 0xf0, 0x2f, 0x38, 0x82,
    0xf2, 0x88, 0x83, 0xf0, 0x2f, 0x4c, 0xc3, 0xc2,
    0xcc, 0xc3, 0xd0, 0x0, 0x0, 0x5, 0x87, 0x0,
    0x0, 0x0, 0x0, 0x3, 0xb9, 0x15, 0xc6, 0x0,
    0x0, 0x16, 0xcd, 0x43, 0xe2, 0x19, 0xea, 0x61,
    0x9d, 0x50, 0x0, 0xa6, 0x0, 0x17, 0xd6, 0x0,
    0xcf, 0xff, 0xff, 0xff, 0xfb, 0x0, 0x0, 0x5,
    0x10, 0x0, 0x6e, 0xa2, 0x0, 0x0, 0x1b, 0xfc,
    0x8d, 0xb3, 0x0, 0x0, 0x0, 0x0, 0x5, 0x9e,
    0xea, 0x0, 0x0, 0x0, 0x0, 0x0, 0x0, 0x37,
    0x0, 0x0,

    /* U+9700 "需" */
    0x2f, 0xff, 0xff, 0xff, 0xff, 0xff, 0x0, 0x0,
    0x0, 0x2f, 0x0, 0x0, 0x0, 0xaf, 0xff, 0xff,
    0xff, 0xff, 0xff, 0x8a, 0x84, 0x55, 0x3f, 0x15,
    0x53, 0xa8, 0xa7, 0x46, 0x63, 0xf1, 0x66, 0x3a,
    0x70, 0x9, 0xbb, 0x3d, 0x2b, 0xb7, 0x0, 0xaa,
    0xaa, 0xaa, 0xaa, 0xaa, 0xaa, 0x81, 0x11, 0x11,
    0x9b, 0x11, 0x11, 0x11, 0xf, 0xff, 0xff, 0xff,
    0xff, 0xfd, 0x0, 0xf4, 0xb, 0x60, 0x98, 0x7,
    0xd0, 0xf, 0x40, 0xb6, 0x9, 0x80, 0x7d, 0x0,
    0xf4, 0xb, 0x60, 0x98, 0x18, 0xd0, 0xf, 0x40,
    0xb6, 0x9, 0x8d, 0xf8, 0x0, 0x0, 0x0, 0x0,
    0x0, 0x0, 0x0,

    /* U+9752 "青" */
    0x0, 0x0, 0x0, 0x2f, 0x20, 0x0, 0x0, 0x0,
    0x6d, 0xdd, 0xdd, 0xfd, 0xdd, 0xdd, 0x70, 0x1,
    0x22, 0x22, 0x4f, 0x42, 0x22, 0x21, 0x0, 0xc,
    0xee, 0xee, 0xfe, 0xee, 0xed, 0x0, 0x0, 0x0,
    0x0, 0x2f, 0x20, 0x0, 0x0, 0x1, 0xff, 0xff,
    0xff, 0xff, 0xff, 0xff, 0xf2, 0x0, 0x0, 0x0,
    0x0, 0x0, 0x0, 0x0, 0x0, 0x6, 0xfe, 0xee,
    0xee, 0xee, 0xf6, 0x0, 0x0, 0x6d, 0x0, 0x0,
    0x0, 0xd, 0x60, 0x0, 0x6, 0xfe, 0xee, 0xee,
    0xee, 0xf6, 0x0, 0x0, 0x6d, 0x0, 0x0, 0x0,
    0xd, 0x60, 0x0, 0x6, 0xfe, 0xee, 0xee, 0xee,
    0xf6, 0x0, 0x0, 0x6d, 0x0, 0x0, 0x0, 0xd,
    0x60, 0x0, 0x6, 0xd0, 0x0, 0x6, 0xff, 0xe2,
    0x0, 0x0, 0x0, 0x0, 0x0, 0x0, 0x0, 0x0,
    0x0,

    /* U+9759 "静" */
    0x0, 0x0, 0x0, 0x0, 0x0, 0x0, 0x0, 0x0,
    0x9, 0x80, 0x0, 0x2f, 0x30, 0x0, 0xc, 0xdf,
    0xed, 0xb0, 0xaf, 0xff, 0x80, 0x0, 0x19, 0x91,
    0x4, 0xd1, 0xe, 0x30, 0x7, 0xde, 0xed, 0x6e,
    0x30, 0x6a, 0x0, 0x1, 0x2a, 0x92, 0x1d, 0xff,
    0xff, 0xf0, 0x1e, 0xef, 0xfe, 0xe0, 0x1, 0xf0,
    0xf0, 0x2, 0x22, 0x22, 0x20, 0x1, 0xf0, 0xf1,
    0x5, 0xee, 0xee, 0x7f, 0xff, 0xff, 0xfd, 0x6,
    0xa0, 0xb, 0x50, 0x1, 0xf0, 0xf0, 0x6, 0xfd,
    0xdf, 0x55, 0x56, 0xf5, 0xf0, 0x6, 0xa0, 0xb,
    0x5c, 0xdd, 0xfd, 0xd0, 0x6, 0xfd, 0xdf, 0x50,
    0x1, 0xf0, 0x0, 0x6, 0xa0, 0x1c, 0x51, 0x14,
    0xf0, 0x0, 0x6, 0xa3, 0xfd, 0x2a, 0xff, 0x90,
    0x0, 0x0, 0x0, 0x0, 0x0, 0x0, 0x0, 0x0,

    /* U+9762 "面" */
    0xff, 0xff, 0xff, 0xff, 0xff, 0xff, 0xe2, 0x22,
    0x22, 0x9d, 0x22, 0x22, 0x22, 0x2, 0x22, 0x2e,
    0x92, 0x22, 0x22, 0x3, 0xff, 0xff, 0xff, 0xff,
    0xff, 0xf3, 0x3f, 0x2, 0xf0, 0x2, 0xf1, 0xf,
    0x33, 0xf0, 0x2f, 0x11, 0x2f, 0x10, 0xf3, 0x3f,
    0x2, 0xff, 0xff, 0xf1, 0xf, 0x33, 0xf0, 0x2f,
    0x0, 0x2f, 0x10, 0xf3, 0x3f, 0x2, 0xff, 0xff,
    0xf1, 0xf, 0x33, 0xf0, 0x2f, 0x11, 0x3f, 0x10,
    0xf3, 0x3f, 0x13, 0xf1, 0x12, 0xf2, 0x1f, 0x33,
    0xff, 0xff, 0xff, 0xff, 0xff, 0xf3, 0x3f, 0x0,
    0x0, 0x0, 0x0, 0x1f, 0x30,

    /* U+9875 "页" */
    0xf, 0xff, 0xff, 0xff, 0xff, 0xff, 0xf9, 0x2,
    0x22, 0x22, 0xae, 0x22, 0x22, 0x21, 0x0, 0x0,
    0x0, 0xd9, 0x0, 0x0, 0x0, 0x0, 0xbf, 0xff,
    0xff, 0xff, 0xff, 0x40, 0x0, 0xbb, 0x22, 0x22,
    0x22, 0x2f, 0x40, 0x0, 0xba, 0x0, 0x6e, 0x0,
    0xf, 0x40, 0x0, 0xba, 0x0, 0x6e, 0x0, 0xf,
    0x40, 0x0, 0xba, 0x0, 0x8d, 0x0, 0xf, 0x40,
    0x0, 0xba, 0x0, 0xcd, 0x20, 0xf, 0x40, 0x0,
    0x22, 0x8, 0xfd, 0xf9, 0x12, 0x0, 0x0, 0x5,
    0xcf, 0x60, 0x6e, 0xf9, 0x10, 0x1a, 0xef, 0xb3,
    0x0, 0x0, 0x7f, 0xf4, 0xb, 0x82, 0x0, 0x0,
    0x0, 0x1, 0x91,

    /* U+9891 "频" */
    0x0, 0x0, 0xe3, 0x0, 0x0, 0x0, 0x0, 0x2,
    0x90, 0xe3, 0xd, 0xff, 0xff, 0xfa, 0x3, 0xe0,
    0xef, 0xd2, 0x25, 0xf2, 0x21, 0x3, 0xe0, 0xe5,
    0x22, 0x5a, 0xe5, 0x50, 0x3, 0xe0, 0xe3, 0x5,
    0xfc, 0xcc, 0xf1, 0x1f, 0xff, 0xff, 0xf7, 0xb0,
    0x70, 0xf1, 0x2, 0x24, 0xf2, 0x26, 0xb0, 0xf1,
    0xf1, 0x0, 0x94, 0xf0, 0x35, 0xb0, 0xf1, 0xf1,
    0x4, 0xe3, 0xf1, 0xf8, 0xb0, 0xf1, 0xf1, 0xb,
    0x82, 0xd9, 0xa5, 0xb2, 0xf0, 0xf1, 0xc, 0x10,
    0x5f, 0x23, 0x68, 0xf5, 0x90, 0x0, 0x8, 0xf5,
    0x0, 0x5f, 0x9f, 0x50, 0x6, 0xde, 0x40, 0x2a,
    0xf7, 0x6, 0xf5, 0xb, 0x81, 0x0, 0x6c, 0x30,
    0x0, 0x75, 0x0, 0x0, 0x0, 0x0, 0x0, 0x0,
    0x0,

    /* U+9897 "颗" */
    0x9, 0xff, 0xff, 0xf7, 0xee, 0xee, 0xe9, 0x9,
    0x65, 0xb1, 0xf1, 0x24, 0xf2, 0x21, 0x9, 0xff,
    0xff, 0xf0, 0x7a, 0xe7, 0x70, 0x9, 0x65, 0xb1,
    0xf2, 0xff, 0xff, 0xf1, 0x9, 0x65, 0xb1, 0xf2,
    0xe0, 0x0, 0xf1, 0x9, 0xff, 0xff, 0xf2, 0xe0,
    0xe1, 0xf1, 0x1, 0x15, 0xc1, 0x12, 0xe0, 0xf1,
    0xf1, 0xf, 0xff, 0xff, 0xf6, 0xe0, 0xf1, 0xf1,
    0x0, 0x1e, 0xd1, 0x2, 0xe1, 0xf0, 0xf1, 0x0,
    0xbd, 0xfd, 0x41, 0x95, 0xf3, 0xa0, 0xa, 0xd5,
    0xb5, 0xe1, 0x1d, 0xbf, 0x40, 0x2d, 0x15, 0xb0,
    0x4, 0xda, 0x7, 0xf4, 0x0, 0x5, 0xb0, 0xd,
    0x80, 0x0, 0x86, 0x0, 0x0, 0x0, 0x0, 0x0,
    0x0, 0x0,

    /* U+9898 "题" */
    0x5, 0xff, 0xff, 0x98, 0xff, 0xff, 0xfc, 0x5,
    0xc0, 0x9, 0x90, 0x12, 0xf1, 0x10, 0x5, 0xfc,
    0xce, 0x90, 0x15, 0xd1, 0x10, 0x5, 0xd4, 0x4a,
    0x91, 0xff, 0xff, 0xf1, 0x5, 0xe9, 0x9c, 0x91,
    0xe0, 0x40, 0xf1, 0x1, 0x44, 0x44, 0x21, 0xe0,
    0xf0, 0xf1, 0x1f, 0xff, 0xff, 0xf4, 0xe0, 0xf0,
    0xf1, 0x1, 0x20, 0xf2, 0x1, 0xe1, 0xe0, 0xf1,
    0x3, 0xd0, 0xf2, 0x0, 0x65, 0xf5, 0x70, 0x5,
    0xc0, 0xff, 0xd0, 0x3e, 0x9f, 0x70, 0x8, 0xf3,
    0xf1, 0x9, 0xf6, 0x3, 0xe6, 0xc, 0xbe, 0xf4,
    0x26, 0x42, 0x22, 0x43, 0x1f, 0x16, 0xdf, 0xff,
    0xff, 0xff, 0xfc, 0x1, 0x0, 0x0, 0x0, 0x0,
    0x0, 0x0,

    /* U+9A8C "验" */
    0x0, 0x0, 0x0, 0x0, 0x8, 0xf1, 0x0, 0x0,
    0xff, 0xff, 0x40, 0x2, 0xfe, 0x90, 0x0, 0x2,
    0x32, 0xe3, 0x0, 0xcc, 0x3f, 0x30, 0x0, 0xf,
    0x1e, 0x20, 0xbf, 0x20, 0x8e, 0x10, 0x0, 0xf0,
    0xf2, 0xbf, 0x50, 0x0, 0xbd, 0x20, 0x1f, 0xf,
    0x5f, 0xbc, 0xcc, 0xcd, 0xb7, 0x2, 0xe3, 0xf1,
    0x12, 0x66, 0x66, 0x60, 0x0, 0x3f, 0xff, 0xb2,
    0xa0, 0x96, 0x7, 0x60, 0x0, 0x0, 0x8a, 0x1f,
    0x26, 0xa0, 0xd4, 0x0, 0x68, 0x99, 0xa0, 0xb7,
    0x2e, 0x2e, 0x0, 0x1b, 0x85, 0xa9, 0x6, 0xc0,
    0xb9, 0x90, 0x0, 0x0, 0xa, 0x80, 0x12, 0x0,
    0xe3, 0x0, 0x0, 0x1, 0xd7, 0xdf, 0xff, 0xff,
    0xff, 0x30, 0xc, 0xfd, 0x22, 0x22, 0x22, 0x22,
    0x20,

    /* U+9A91 "骑" */
    0x0, 0x0, 0x0, 0x0, 0xf, 0x10, 0x0, 0xf,
    0xff, 0xd0, 0x11, 0x2f, 0x21, 0x10, 0x4, 0x45,
    0xc0, 0xff, 0xff, 0xff, 0xf3, 0x7, 0x75, 0xb0,
    0x0, 0x9f, 0x60, 0x0, 0x8, 0x66, 0xa0, 0x5c,
    0xc4, 0xbd, 0x60, 0x9, 0x57, 0x80, 0xb6, 0x10,
    0x4, 0xa0, 0xa, 0x58, 0x88, 0xff, 0xff, 0xff,
    0xfb, 0xb, 0xff, 0xf2, 0x0, 0x0, 0x8, 0xa0,
    0x0, 0x0, 0xe2, 0xaf, 0xff, 0x28, 0xa0, 0x5,
    0x86, 0xf1, 0xa5, 0xd, 0x28, 0xa0, 0x2e, 0xa4,
    0xf1, 0xa5, 0xd, 0x28, 0xa0, 0x0, 0x0, 0xf0,
    0xaf, 0xff, 0x28, 0xa0, 0x0, 0x15, 0xf0, 0x0,
    0x0, 0x9, 0xa0, 0x4, 0xff, 0x80, 0x0, 0xa,
    0xef, 0x60, 0x0, 0x0, 0x0, 0x0, 0x1, 0x21,
    0x0,

    /* U+9AD8 "高" */
    0x0, 0x0, 0x0, 0x15, 0x0, 0x0, 0x0, 0x0,
    0x0, 0x0, 0x4, 0xf4, 0x0, 0x0, 0x0, 0x1f,
    0xff, 0xff, 0xff, 0xff, 0xff, 0xff, 0x20, 0x0,
    0x0, 0x0, 0x0, 0x0, 0x0, 0x0, 0x0, 0xf,
    0xff, 0xff, 0xff, 0xff, 0x0, 0x0, 0x0, 0xf8,
    0x55, 0x55, 0x57, 0xf0, 0x0, 0x0, 0x5, 0x55,
    0x55, 0x55, 0x55, 0x0, 0x0, 0x4f, 0xff, 0xff,
    0xff, 0xff, 0xff, 0x50, 0x4, 0xf0, 0x0, 0x0,
    0x0, 0x0, 0xe5, 0x0, 0x4f, 0x6, 0xfe, 0xee,
    0xf7, 0xe, 0x50, 0x4, 0xf0, 0x6c, 0x0, 0xb,
    0x70, 0xe5, 0x0, 0x4f, 0x6, 0xff, 0xff, 0xf7,
    0xe, 0x50, 0x4, 0xf0, 0x0, 0x0, 0x0, 0x12,
    0xf5, 0x0, 0x4f, 0x0, 0x0, 0x0, 0x3f, 0xfd,
    0x10, 0x0, 0x10, 0x0, 0x0, 0x0, 0x0, 0x0,
    0x0,

    /* U+9E23 "鸣" */
    0x0, 0x0, 0x0, 0x0, 0x53, 0x0, 0x0, 0x0,
    0x0, 0x0, 0x1, 0xe5, 0x11, 0x0, 0x1f, 0xff,
    0xf0, 0xcf, 0xff, 0xff, 0x30, 0x1f, 0x13, 0xf0,
    0xc5, 0x92, 0xf, 0x20, 0x1f, 0x1, 0xf0, 0xc5,
    0x4c, 0x1f, 0x10, 0x1f, 0x1, 0xf0, 0xc5, 0x19,
    0xbe, 0x0, 0x1f, 0x1, 0xf0, 0xc5, 0x5, 0x51,
    0x0, 0x1f, 0x1, 0xf0, 0xcf, 0xff, 0xff, 0xf0,
    0x1f, 0x1, 0xf0, 0x1, 0x11, 0x15, 0xe0, 0x1f,
    0x1, 0xf2, 0x55, 0x55, 0x45, 0xe0, 0x1f, 0xff,
    0xf5, 0xcc, 0xcc, 0x95, 0xd0, 0x1f, 0x22, 0x20,
    0x0, 0x0, 0x6, 0xc0, 0x1f, 0x0, 0x0, 0x0,
    0x12, 0x3c, 0xa0, 0x0, 0x0, 0x0, 0x0, 0xbf,
    0xfd, 0x30,

    /* U+9ED1 "黑" */
    0x0, 0xff, 0xff, 0xff, 0xff, 0xff, 0xe0, 0x0,
    0xf, 0x59, 0x22, 0xf3, 0x29, 0x5e, 0x0, 0x0,
    0xf4, 0x9a, 0x1f, 0x1a, 0xa4, 0xe0, 0x0, 0xf,
    0x40, 0x71, 0xf2, 0x80, 0x4e, 0x0, 0x0, 0xff,
    0xff, 0xff, 0xff, 0xff, 0xe0, 0x0, 0x1, 0x11,
    0x12, 0xf3, 0x11, 0x11, 0x0, 0x0, 0x11, 0x11,
    0x2f, 0x21, 0x11, 0x10, 0x0, 0x3f, 0xff, 0xff,
    0xff, 0xff, 0xff, 0x30, 0x1, 0x11, 0x11, 0x2f,
    0x21, 0x11, 0x11, 0x1, 0xff, 0xff, 0xff, 0xff,
    0xff, 0xff, 0xf1, 0x0, 0x75, 0x7, 0x10, 0x63,
    0x5, 0x50, 0x0, 0x1f, 0x50, 0xd6, 0x9, 0xb0,
    0x5f, 0x20, 0xa, 0xc0, 0x9, 0xa0, 0x3f, 0x10,
    0xc9, 0x0, 0x12, 0x0, 0x10, 0x0, 0x0, 0x1,
    0x0,

    /* U+FF08 "（" */
    0x6, 0xf0, 0xe, 0x80, 0x4f, 0x30, 0x8e, 0x0,
    0xca, 0x0, 0xe8, 0x0, 0xf7, 0x0, 0xf7, 0x0,
    0xe8, 0x0, 0xba, 0x0, 0x8e, 0x0, 0x3f, 0x30,
    0xe, 0x80, 0x6, 0xf0,

    /* U+FF09 "）" */
    0xf, 0x60, 0x8, 0xe0, 0x3, 0xf3, 0x0, 0xe8,
    0x0, 0xbb, 0x0, 0x8e, 0x0, 0x7f, 0x0, 0x7f,
    0x0, 0x8e, 0x0, 0xbb, 0x0, 0xe8, 0x3, 0xf3,
    0x8, 0xe0, 0xf, 0x60,

    /* U+FF0C "，" */
    0xd, 0xa0, 0xfc, 0x1, 0xb0, 0xb4, 0x3, 0x0,

    /* U+FF1A "：" */
    0xfd, 0xdb, 0x0, 0x0, 0x0, 0x0, 0xdb, 0xfd,

    /* U+FF1F "？" */
    0x0, 0x25, 0x40, 0x0, 0x9f, 0xff, 0xe3, 0x6f,
    0x60, 0x2d, 0xd0, 0x40, 0x0, 0x8f, 0x0, 0x0,
    0x1e, 0xa0, 0x0, 0x1d, 0xc1, 0x0, 0xb, 0xa0,
    0x0, 0x0, 0xf3, 0x0, 0x0, 0x9, 0x10, 0x0,
    0x0, 0x0, 0x0, 0x0, 0x2d, 0x50, 0x0, 0x3,
    0xf6, 0x0
};


/*---------------------
 *  GLYPH DESCRIPTION
 *--------------------*/

static const lv_font_fmt_txt_glyph_dsc_t glyph_dsc[] = {
    {.bitmap_index = 0, .adv_w = 0, .box_w = 0, .box_h = 0, .ofs_x = 0, .ofs_y = 0} /* id = 0 reserved */,
    {.bitmap_index = 0, .adv_w = 70, .box_w = 0, .box_h = 0, .ofs_x = 0, .ofs_y = 0},
    {.bitmap_index = 0, .adv_w = 66, .box_w = 3, .box_h = 11, .ofs_x = 1, .ofs_y = 0},
    {.bitmap_index = 17, .adv_w = 86, .box_w = 5, .box_h = 4, .ofs_x = 0, .ofs_y = 8},
    {.bitmap_index = 27, .adv_w = 171, .box_w = 9, .box_h = 11, .ofs_x = 1, .ofs_y = 0},
    {.bitmap_index = 77, .adv_w = 141, .box_w = 9, .box_h = 13, .ofs_x = 0, .ofs_y = -1},
    {.bitmap_index = 136, .adv_w = 200, .box_w = 14, .box_h = 11, .ofs_x = 0, .ofs_y = 0},
    {.bitmap_index = 213, .adv_w = 174, .box_w = 11, .box_h = 11, .ofs_x = 0, .ofs_y = 0},
    {.bitmap_index = 274, .adv_w = 47, .box_w = 3, .box_h = 4, .ofs_x = 0, .ofs_y = 8},
    {.bitmap_index = 280, .adv_w = 77, .box_w = 4, .box_h = 13, .ofs_x = 0, .ofs_y = -1},
    {.bitmap_index = 306, .adv_w = 77, .box_w = 5, .box_h = 13, .ofs_x = 0, .ofs_y = -1},
    {.bitmap_index = 339, .adv_w = 108, .box_w = 5, .box_h = 5, .ofs_x = 1, .ofs_y = 6},
    {.bitmap_index = 352, .adv_w = 148, .box_w = 7, .box_h = 7, .ofs_x = 1, .ofs_y = 2},
    {.bitmap_index = 377, .adv_w = 63, .box_w = 3, .box_h = 5, .ofs_x = 1, .ofs_y = -3},
    {.bitmap_index = 385, .adv_w = 110, .box_w = 6, .box_h = 3, .ofs_x = 1, .ofs_y = 4},
    {.bitmap_index = 394, .adv_w = 61, .box_w = 3, .box_h = 2, .ofs_x = 0, .ofs_y = 0},
    {.bitmap_index = 397, .adv_w = 98, .box_w = 6, .box_h = 11, .ofs_x = 0, .ofs_y = 0},
    {.bitmap_index = 430, .adv_w = 154, .box_w = 9, .box_h = 11, .ofs_x = 0, .ofs_y = 0},
    {.bitmap_index = 480, .adv_w = 101, .box_w = 5, .box_h = 11, .ofs_x = 1, .ofs_y = 0},
    {.bitmap_index = 508, .adv_w = 138, .box_w = 8, .box_h = 11, .ofs_x = 1, .ofs_y = 0},
    {.bitmap_index = 552, .adv_w = 144, .box_w = 9, .box_h = 11, .ofs_x = 0, .ofs_y = 0},
    {.bitmap_index = 602, .adv_w = 144, .box_w = 8, .box_h = 11, .ofs_x = 1, .ofs_y = 0},
    {.bitmap_index = 646, .adv_w = 144, .box_w = 9, .box_h = 11, .ofs_x = 0, .ofs_y = 0},
    {.bitmap_index = 696, .adv_w = 144, .box_w = 9, .box_h = 11, .ofs_x = 0, .ofs_y = 0},
    {.bitmap_index = 746, .adv_w = 129, .box_w = 7, .box_h = 11, .ofs_x = 1, .ofs_y = 0},
    {.bitmap_index = 785, .adv_w = 153, .box_w = 9, .box_h = 11, .ofs_x = 0, .ofs_y = 0},
    {.bitmap_index = 835, .adv_w = 146, .box_w = 9, .box_h = 11, .ofs_x = 0, .ofs_y = 0},
    {.bitmap_index = 885, .adv_w = 61, .box_w = 3, .box_h = 8, .ofs_x = 0, .ofs_y = 0},
    {.bitmap_index = 897, .adv_w = 63, .box_w = 3, .box_h = 11, .ofs_x = 1, .ofs_y = -3},
    {.bitmap_index = 914, .adv_w = 148, .box_w = 7, .box_h = 9, .ofs_x = 1, .ofs_y = 1},
    {.bitmap_index = 946, .adv_w = 148, .box_w = 7, .box_h = 5, .ofs_x = 1, .ofs_y = 3},
    {.bitmap_index = 964, .adv_w = 148, .box_w = 7, .box_h = 9, .ofs_x = 1, .ofs_y = 1},
    {.bitmap_index = 996, .adv_w = 120, .box_w = 7, .box_h = 11, .ofs_x = 0, .ofs_y = 0},
    {.bitmap_index = 1035, .adv_w = 200, .box_w = 13, .box_h = 11, .ofs_x = 0, .ofs_y = 0},
    {.bitmap_index = 1107, .adv_w = 164, .box_w = 11, .box_h = 11, .ofs_x = 0, .ofs_y = 0},
    {.bitmap_index = 1168, .adv_w = 161, .box_w = 10, .box_h = 11, .ofs_x = 0, .ofs_y = 0},
    {.bitmap_index = 1223, .adv_w = 168, .box_w = 10, .box_h = 11, .ofs_x = 0, .ofs_y = 0},
    {.bitmap_index = 1278, .adv_w = 180, .box_w = 11, .box_h = 11, .ofs_x = 0, .ofs_y = 0},
    {.bitmap_index = 1339, .adv_w = 143, .box_w = 8, .box_h = 11, .ofs_x = 0, .ofs_y = 0},
    {.bitmap_index = 1383, .adv_w = 136, .box_w = 8, .box_h = 11, .ofs_x = 0, .ofs_y = 0},
    {.bitmap_index = 1427, .adv_w = 178, .box_w = 11, .box_h = 11, .ofs_x = 0, .ofs_y = 0},
    {.bitmap_index = 1488, .adv_w = 176, .box_w = 10, .box_h = 11, .ofs_x = 0, .ofs_y = 0},
    {.bitmap_index = 1543, .adv_w = 61, .box_w = 3, .box_h = 11, .ofs_x = 0, .ofs_y = 0},
    {.bitmap_index = 1560, .adv_w = 118, .box_w = 7, .box_h = 11, .ofs_x = 0, .ofs_y = 0},
    {.bitmap_index = 1599, .adv_w = 158, .box_w = 10, .box_h = 11, .ofs_x = 0, .ofs_y = 0},
    {.bitmap_index = 1654, .adv_w = 138, .box_w = 8, .box_h = 11, .ofs_x = 0, .ofs_y = 0},
    {.bitmap_index = 1698, .adv_w = 214, .box_w = 13, .box_h = 11, .ofs_x = 0, .ofs_y = 0},
    {.bitmap_index = 1770, .adv_w = 179, .box_w = 10, .box_h = 11, .ofs_x = 0, .ofs_y = 0},
    {.bitmap_index = 1825, .adv_w = 188, .box_w = 12, .box_h = 11, .ofs_x = 0, .ofs_y = 0},
    {.bitmap_index = 1891, .adv_w = 152, .box_w = 9, .box_h = 11, .ofs_x = 0, .ofs_y = 0},
    {.bitmap_index = 1941, .adv_w = 189, .box_w = 12, .box_h = 13, .ofs_x = 0, .ofs_y = -2},
    {.bitmap_index = 2019, .adv_w = 155, .box_w = 9, .box_h = 11, .ofs_x = 0, .ofs_y = 0},
    {.bitmap_index = 2069, .adv_w = 145, .box_w = 9, .box_h = 11, .ofs_x = 0, .ofs_y = 0},
    {.bitmap_index = 2119, .adv_w = 147, .box_w = 9, .box_h = 11, .ofs_x = 1, .ofs_y = 0},
    {.bitmap_index = 2169, .adv_w = 172, .box_w = 10, .box_h = 11, .ofs_x = 0, .ofs_y = 0},
    {.bitmap_index = 2224, .adv_w = 165, .box_w = 11, .box_h = 11, .ofs_x = 0, .ofs_y = 0},
    {.bitmap_index = 2285, .adv_w = 239, .box_w = 15, .box_h = 11, .ofs_x = 0, .ofs_y = 0},
    {.bitmap_index = 2368, .adv_w = 158, .box_w = 10, .box_h = 11, .ofs_x = 0, .ofs_y = 0},
    {.bitmap_index = 2423, .adv_w = 153, .box_w = 11, .box_h = 11, .ofs_x = -1, .ofs_y = 0},
    {.bitmap_index = 2484, .adv_w = 146, .box_w = 8, .box_h = 11, .ofs_x = 1, .ofs_y = 0},
    {.bitmap_index = 2528, .adv_w = 85, .box_w = 5, .box_h = 15, .ofs_x = 1, .ofs_y = -2},
    {.bitmap_index = 2566, .adv_w = 84, .box_w = 6, .box_h = 11, .ofs_x = 0, .ofs_y = 0},
    {.bitmap_index = 2599, .adv_w = 85, .box_w = 5, .box_h = 15, .ofs_x = 0, .ofs_y = -2},
    {.bitmap_index = 2637, .adv_w = 109, .box_w = 7, .box_h = 4, .ofs_x = 0, .ofs_y = 8},
    {.bitmap_index = 2651, .adv_w = 111, .box_w = 7, .box_h = 3, .ofs_x = 0, .ofs_y = -3},
    {.bitmap_index = 2662, .adv_w = 65, .box_w = 4, .box_h = 4, .ofs_x = 0, .ofs_y = 8},
    {.bitmap_index = 2670, .adv_w = 131, .box_w = 8, .box_h = 8, .ofs_x = 0, .ofs_y = 0},
    {.bitmap_index = 2702, .adv_w = 145, .box_w = 9, .box_h = 11, .ofs_x = 0, .ofs_y = 0},
    {.bitmap_index = 2752, .adv_w = 128, .box_w = 8, .box_h = 8, .ofs_x = 0, .ofs_y = 0},
    {.bitmap_index = 2784, .adv_w = 145, .box_w = 9, .box_h = 11, .ofs_x = 0, .ofs_y = 0},
    {.bitmap_index = 2834, .adv_w = 135, .box_w = 9, .box_h = 8, .ofs_x = 0, .ofs_y = 0},
    {.bitmap_index = 2870, .adv_w = 84, .box_w = 6, .box_h = 11, .ofs_x = 1, .ofs_y = 0},
    {.bitmap_index = 2903, .adv_w = 144, .box_w = 9, .box_h = 11, .ofs_x = 0, .ofs_y = -3},
    {.bitmap_index = 2953, .adv_w = 141, .box_w = 8, .box_h = 11, .ofs_x = 0, .ofs_y = 0},
    {.bitmap_index = 2997, .adv_w = 61, .box_w = 3, .box_h = 11, .ofs_x = 0, .ofs_y = 0},
    {.bitmap_index = 3014, .adv_w = 61, .box_w = 5, .box_h = 14, .ofs_x = -2, .ofs_y = -3},
    {.bitmap_index = 3049, .adv_w = 126, .box_w = 8, .box_h = 11, .ofs_x = 0, .ofs_y = 0},
    {.bitmap_index = 3093, .adv_w = 62, .box_w = 4, .box_h = 11, .ofs_x = 0, .ofs_y = 0},
    {.bitmap_index = 3115, .adv_w = 214, .box_w = 13, .box_h = 8, .ofs_x = 0, .ofs_y = 0},
    {.bitmap_index = 3167, .adv_w = 141, .box_w = 8, .box_h = 8, .ofs_x = 0, .ofs_y = 0},
    {.bitmap_index = 3199, .adv_w = 139, .box_w = 9, .box_h = 8, .ofs_x = 0, .ofs_y = 0},
    {.bitmap_index = 3235, .adv_w = 145, .box_w = 9, .box_h = 11, .ofs_x = 0, .ofs_y = -3},
    {.bitmap_index = 3285, .adv_w = 145, .box_w = 9, .box_h = 11, .ofs_x = 0, .ofs_y = -3},
    {.bitmap_index = 3335, .adv_w = 94, .box_w = 6, .box_h = 8, .ofs_x = 0, .ofs_y = 0},
    {.bitmap_index = 3359, .adv_w = 115, .box_w = 8, .box_h = 8, .ofs_x = 0, .ofs_y = 0},
    {.bitmap_index = 3391, .adv_w = 89, .box_w = 5, .box_h = 11, .ofs_x = 1, .ofs_y = 0},
    {.bitmap_index = 3419, .adv_w = 141, .box_w = 8, .box_h = 8, .ofs_x = 0, .ofs_y = 0},
    {.bitmap_index = 3451, .adv_w = 125, .box_w = 8, .box_h = 8, .ofs_x = 0, .ofs_y = 0},
    {.bitmap_index = 3483, .adv_w = 194, .box_w = 13, .box_h = 8, .ofs_x = 0, .ofs_y = 0},
    {.bitmap_index = 3535, .adv_w = 121, .box_w = 8, .box_h = 8, .ofs_x = 0, .ofs_y = 0},
    {.bitmap_index = 3567, .adv_w = 127, .box_w = 8, .box_h = 11, .ofs_x = 0, .ofs_y = -3},
    {.bitmap_index = 3611, .adv_w = 116, .box_w = 6, .box_h = 8, .ofs_x = 1, .ofs_y = 0},
    {.bitmap_index = 3635, .adv_w = 86, .box_w = 6, .box_h = 15, .ofs_x = 0, .ofs_y = -2},
    {.bitmap_index = 3680, .adv_w = 55, .box_w = 3, .box_h = 13, .ofs_x = 0, .ofs_y = -1},
    {.bitmap_index = 3700, .adv_w = 86, .box_w = 5, .box_h = 15, .ofs_x = 0, .ofs_y = -2},
    {.bitmap_index = 3738, .adv_w = 129, .box_w = 8, .box_h = 4, .ofs_x = 0, .ofs_y = 4},
    {.bitmap_index = 3754, .adv_w = 100, .box_w = 7, .box_h = 7, .ofs_x = 0, .ofs_y = 5},
    {.bitmap_index = 3779, .adv_w = 120, .box_w = 3, .box_h = 3, .ofs_x = 2, .ofs_y = 4},
    {.bitmap_index = 3784, .adv_w = 240, .box_w = 13, .box_h = 2, .ofs_x = 1, .ofs_y = 0},
    {.bitmap_index = 3797, .adv_w = 240, .box_w = 15, .box_h = 8, .ofs_x = 0, .ofs_y = 2},
    {.bitmap_index = 3857, .adv_w = 240, .box_w = 7, .box_h = 14, .ofs_x = 4, .ofs_y = -1},
    {.bitmap_index = 3906, .adv_w = 240, .box_w = 15, .box_h = 8, .ofs_x = 0, .ofs_y = 2},
    {.bitmap_index = 3966, .adv_w = 240, .box_w = 7, .box_h = 14, .ofs_x = 4, .ofs_y = -2},
    {.bitmap_index = 4015, .adv_w = 240, .box_w = 11, .box_h = 11, .ofs_x = 2, .ofs_y = 0},
    {.bitmap_index = 4076, .adv_w = 240, .box_w = 15, .box_h = 2, .ofs_x = 0, .ofs_y = 5},
    {.bitmap_index = 4091, .adv_w = 240, .box_w = 15, .box_h = 13, .ofs_x = 0, .ofs_y = -1},
    {.bitmap_index = 4189, .adv_w = 240, .box_w = 15, .box_h = 14, .ofs_x = 0, .ofs_y = -1},
    {.bitmap_index = 4294, .adv_w = 240, .box_w = 15, .box_h = 13, .ofs_x = 0, .ofs_y = -1},
    {.bitmap_index = 4392, .adv_w = 240, .box_w = 14, .box_h = 13, .ofs_x = 1, .ofs_y = -1},
    {.bitmap_index = 4483, .adv_w = 240, .box_w = 13, .box_h = 14, .ofs_x = 1, .ofs_y = -1},
    {.bitmap_index = 4574, .adv_w = 240, .box_w = 15, .box_h = 15, .ofs_x = 0, .ofs_y = -1},
    {.bitmap_index = 4687, .adv_w = 240, .box_w = 15, .box_h = 14, .ofs_x = 0, .ofs_y = -1},
    {.bitmap_index = 4792, .adv_w = 240, .box_w = 13, .box_h = 14, .ofs_x = 1, .ofs_y = -1},
    {.bitmap_index = 4883, .adv_w = 240, .box_w = 13, .box_h = 15, .ofs_x = 1, .ofs_y = -2},
    {.bitmap_index = 4981, .adv_w = 240, .box_w = 13, .box_h = 14, .ofs_x = 1, .ofs_y = -1},
    {.bitmap_index = 5072, .adv_w = 240, .box_w = 15, .box_h = 15, .ofs_x = 0, .ofs_y = -2},
    {.bitmap_index = 5185, .adv_w = 240, .box_w = 14, .box_h = 15, .ofs_x = 1, .ofs_y = -1},
    {.bitmap_index = 5290, .adv_w = 240, .box_w = 12, .box_h = 13, .ofs_x = 1, .ofs_y = -1},
    {.bitmap_index = 5368, .adv_w = 240, .box_w = 15, .box_h = 11, .ofs_x = 0, .ofs_y = 0},
    {.bitmap_index = 5451, .adv_w = 240, .box_w = 15, .box_h = 13, .ofs_x = 0, .ofs_y = -1},
    {.bitmap_index = 5549, .adv_w = 240, .box_w = 14, .box_h = 15, .ofs_x = 0, .ofs_y = -2},
    {.bitmap_index = 5654, .adv_w = 240, .box_w = 13, .box_h = 15, .ofs_x = 1, .ofs_y = -2},
    {.bitmap_index = 5752, .adv_w = 240, .box_w = 15, .box_h = 15, .ofs_x = 0, .ofs_y = -2},
    {.bitmap_index = 5865, .adv_w = 240, .box_w = 15, .box_h = 15, .ofs_x = 0, .ofs_y = -2},
    {.bitmap_index = 5978, .adv_w = 240, .box_w = 15, .box_h = 14, .ofs_x = 0, .ofs_y = -1},
    {.bitmap_index = 6083, .adv_w = 240, .box_w = 15, .box_h = 15, .ofs_x = 0, .ofs_y = -2},
    {.bitmap_index = 6196, .adv_w = 240, .box_w = 14, .box_h = 15, .ofs_x = 1, .ofs_y = -2},
    {.bitmap_index = 6301, .adv_w = 240, .box_w = 14, .box_h = 15, .ofs_x = 1, .ofs_y = -2},
    {.bitmap_index = 6406, .adv_w = 240, .box_w = 15, .box_h = 14, .ofs_x = 0, .ofs_y = -1},
    {.bitmap_index = 6511, .adv_w = 240, .box_w = 15, .box_h = 16, .ofs_x = 0, .ofs_y = -2},
    {.bitmap_index = 6631, .adv_w = 240, .box_w = 13, .box_h = 15, .ofs_x = 1, .ofs_y = -2},
    {.bitmap_index = 6729, .adv_w = 240, .box_w = 15, .box_h = 14, .ofs_x = 0, .ofs_y = -1},
    {.bitmap_index = 6834, .adv_w = 240, .box_w = 14, .box_h = 14, .ofs_x = 1, .ofs_y = -1},
    {.bitmap_index = 6932, .adv_w = 240, .box_w = 14, .box_h = 14, .ofs_x = 1, .ofs_y = -1},
    {.bitmap_index = 7030, .adv_w = 240, .box_w = 14, .box_h = 14, .ofs_x = 0, .ofs_y = -1},
    {.bitmap_index = 7128, .adv_w = 240, .box_w = 14, .box_h = 14, .ofs_x = 0, .ofs_y = -1},
    {.bitmap_index = 7226, .adv_w = 240, .box_w = 15, .box_h = 14, .ofs_x = 0, .ofs_y = -1},
    {.bitmap_index = 7331, .adv_w = 240, .box_w = 14, .box_h = 15, .ofs_x = 1, .ofs_y = -1},
    {.bitmap_index = 7436, .adv_w = 240, .box_w = 14, .box_h = 15, .ofs_x = 0, .ofs_y = -1},
    {.bitmap_index = 7541, .adv_w = 240, .box_w = 15, .box_h = 15, .ofs_x = 0, .ofs_y = -2},
    {.bitmap_index = 7654, .adv_w = 240, .box_w = 14, .box_h = 15, .ofs_x = 0, .ofs_y = -2},
    {.bitmap_index = 7759, .adv_w = 240, .box_w = 14, .box_h = 14, .ofs_x = 0, .ofs_y = -1},
    {.bitmap_index = 7857, .adv_w = 240, .box_w = 14, .box_h = 14, .ofs_x = 0, .ofs_y = -1},
    {.bitmap_index = 7955, .adv_w = 240, .box_w = 14, .box_h = 15, .ofs_x = 0, .ofs_y = -2},
    {.bitmap_index = 8060, .adv_w = 240, .box_w = 14, .box_h = 15, .ofs_x = 1, .ofs_y = -2},
    {.bitmap_index = 8165, .adv_w = 240, .box_w = 14, .box_h = 15, .ofs_x = 0, .ofs_y = -2},
    {.bitmap_index = 8270, .adv_w = 240, .box_w = 15, .box_h = 14, .ofs_x = 0, .ofs_y = -2},
    {.bitmap_index = 8375, .adv_w = 240, .box_w = 15, .box_h = 14, .ofs_x = 0, .ofs_y = -1},
    {.bitmap_index = 8480, .adv_w = 240, .box_w = 15, .box_h = 15, .ofs_x = 0, .ofs_y = -2},
    {.bitmap_index = 8593, .adv_w = 240, .box_w = 13, .box_h = 14, .ofs_x = 1, .ofs_y = -1},
    {.bitmap_index = 8684, .adv_w = 240, .box_w = 15, .box_h = 14, .ofs_x = 0, .ofs_y = -1},
    {.bitmap_index = 8789, .adv_w = 240, .box_w = 14, .box_h = 15, .ofs_x = 0, .ofs_y = -1},
    {.bitmap_index = 8894, .adv_w = 240, .box_w = 15, .box_h = 14, .ofs_x = 0, .ofs_y = -1},
    {.bitmap_index = 8999, .adv_w = 240, .box_w = 15, .box_h = 14, .ofs_x = 0, .ofs_y = -2},
    {.bitmap_index = 9104, .adv_w = 240, .box_w = 13, .box_h = 15, .ofs_x = 1, .ofs_y = -2},
    {.bitmap_index = 9202, .adv_w = 240, .box_w = 15, .box_h = 14, .ofs_x = 0, .ofs_y = -2},
    {.bitmap_index = 9307, .adv_w = 240, .box_w = 12, .box_h = 13, .ofs_x = 1, .ofs_y = -1},
    {.bitmap_index = 9385, .adv_w = 240, .box_w = 14, .box_h = 14, .ofs_x = 0, .ofs_y = -1},
    {.bitmap_index = 9483, .adv_w = 240, .box_w = 13, .box_h = 14, .ofs_x = 1, .ofs_y = -1},
    {.bitmap_index = 9574, .adv_w = 240, .box_w = 14, .box_h = 16, .ofs_x = 1, .ofs_y = -2},
    {.bitmap_index = 9686, .adv_w = 240, .box_w = 13, .box_h = 15, .ofs_x = 1, .ofs_y = -2},
    {.bitmap_index = 9784, .adv_w = 240, .box_w = 14, .box_h = 14, .ofs_x = 0, .ofs_y = -1},
    {.bitmap_index = 9882, .adv_w = 240, .box_w = 14, .box_h = 15, .ofs_x = 0, .ofs_y = -2},
    {.bitmap_index = 9987, .adv_w = 240, .box_w = 14, .box_h = 14, .ofs_x = 0, .ofs_y = -1},
    {.bitmap_index = 10085, .adv_w = 240, .box_w = 14, .box_h = 15, .ofs_x = 0, .ofs_y = -2},
    {.bitmap_index = 10190, .adv_w = 240, .box_w = 14, .box_h = 15, .ofs_x = 0, .ofs_y = -2},
    {.bitmap_index = 10295, .adv_w = 240, .box_w = 14, .box_h = 14, .ofs_x = 0, .ofs_y = -1},
    {.bitmap_index = 10393, .adv_w = 240, .box_w = 13, .box_h = 14, .ofs_x = 1, .ofs_y = -1},
    {.bitmap_index = 10484, .adv_w = 240, .box_w = 15, .box_h = 15, .ofs_x = 0, .ofs_y = -2},
    {.bitmap_index = 10597, .adv_w = 240, .box_w = 14, .box_h = 15, .ofs_x = 0, .ofs_y = -2},
    {.bitmap_index = 10702, .adv_w = 240, .box_w = 14, .box_h = 15, .ofs_x = 0, .ofs_y = -2},
    {.bitmap_index = 10807, .adv_w = 240, .box_w = 14, .box_h = 15, .ofs_x = 0, .ofs_y = -2},
    {.bitmap_index = 10912, .adv_w = 240, .box_w = 14, .box_h = 15, .ofs_x = 0, .ofs_y = -2},
    {.bitmap_index = 11017, .adv_w = 240, .box_w = 14, .box_h = 14, .ofs_x = 0, .ofs_y = -1},
    {.bitmap_index = 11115, .adv_w = 240, .box_w = 15, .box_h = 15, .ofs_x = 0, .ofs_y = -1},
    {.bitmap_index = 11228, .adv_w = 240, .box_w = 15, .box_h = 14, .ofs_x = 0, .ofs_y = -1},
    {.bitmap_index = 11333, .adv_w = 240, .box_w = 12, .box_h = 13, .ofs_x = 2, .ofs_y = -1},
    {.bitmap_index = 11411, .adv_w = 240, .box_w = 14, .box_h = 15, .ofs_x = 1, .ofs_y = -2},
    {.bitmap_index = 11516, .adv_w = 240, .box_w = 15, .box_h = 15, .ofs_x = 0, .ofs_y = -1},
    {.bitmap_index = 11629, .adv_w = 240, .box_w = 15, .box_h = 15, .ofs_x = 0, .ofs_y = -2},
    {.bitmap_index = 11742, .adv_w = 240, .box_w = 12, .box_h = 14, .ofs_x = 2, .ofs_y = -1},
    {.bitmap_index = 11826, .adv_w = 240, .box_w = 15, .box_h = 14, .ofs_x = 0, .ofs_y = -1},
    {.bitmap_index = 11931, .adv_w = 240, .box_w = 15, .box_h = 13, .ofs_x = 0, .ofs_y = -1},
    {.bitmap_index = 12029, .adv_w = 240, .box_w = 13, .box_h = 13, .ofs_x = 1, .ofs_y = -1},
    {.bitmap_index = 12114, .adv_w = 240, .box_w = 15, .box_h = 14, .ofs_x = 0, .ofs_y = -1},
    {.bitmap_index = 12219, .adv_w = 240, .box_w = 15, .box_h = 13, .ofs_x = 0, .ofs_y = -1},
    {.bitmap_index = 12317, .adv_w = 240, .box_w = 14, .box_h = 14, .ofs_x = 0, .ofs_y = -2},
    {.bitmap_index = 12415, .adv_w = 240, .box_w = 14, .box_h = 14, .ofs_x = 0, .ofs_y = -2},
    {.bitmap_index = 12513, .adv_w = 240, .box_w = 15, .box_h = 14, .ofs_x = 0, .ofs_y = -1},
    {.bitmap_index = 12618, .adv_w = 240, .box_w = 15, .box_h = 15, .ofs_x = 0, .ofs_y = -2},
    {.bitmap_index = 12731, .adv_w = 240, .box_w = 15, .box_h = 15, .ofs_x = 0, .ofs_y = -1},
    {.bitmap_index = 12844, .adv_w = 240, .box_w = 15, .box_h = 13, .ofs_x = 0, .ofs_y = -1},
    {.bitmap_index = 12942, .adv_w = 240, .box_w = 15, .box_h = 15, .ofs_x = 0, .ofs_y = -2},
    {.bitmap_index = 13055, .adv_w = 240, .box_w = 11, .box_h = 14, .ofs_x = 2, .ofs_y = -2},
    {.bitmap_index = 13132, .adv_w = 240, .box_w = 15, .box_h = 13, .ofs_x = 0, .ofs_y = -1},
    {.bitmap_index = 13230, .adv_w = 240, .box_w = 14, .box_h = 15, .ofs_x = 0, .ofs_y = -1},
    {.bitmap_index = 13335, .adv_w = 240, .box_w = 15, .box_h = 13, .ofs_x = 0, .ofs_y = -1},
    {.bitmap_index = 13433, .adv_w = 240, .box_w = 14, .box_h = 15, .ofs_x = 1, .ofs_y = -2},
    {.bitmap_index = 13538, .adv_w = 240, .box_w = 13, .box_h = 14, .ofs_x = 1, .ofs_y = -2},
    {.bitmap_index = 13629, .adv_w = 240, .box_w = 13, .box_h = 14, .ofs_x = 1, .ofs_y = -1},
    {.bitmap_index = 13720, .adv_w = 240, .box_w = 14, .box_h = 13, .ofs_x = 1, .ofs_y = -1},
    {.bitmap_index = 13811, .adv_w = 240, .box_w = 13, .box_h = 15, .ofs_x = 1, .ofs_y = -1},
    {.bitmap_index = 13909, .adv_w = 240, .box_w = 13, .box_h = 15, .ofs_x = 1, .ofs_y = -2},
    {.bitmap_index = 14007, .adv_w = 240, .box_w = 13, .box_h = 14, .ofs_x = 1, .ofs_y = -1},
    {.bitmap_index = 14098, .adv_w = 240, .box_w = 13, .box_h = 14, .ofs_x = 0, .ofs_y = -2},
    {.bitmap_index = 14189, .adv_w = 240, .box_w = 15, .box_h = 14, .ofs_x = 0, .ofs_y = -1},
    {.bitmap_index = 14294, .adv_w = 240, .box_w = 15, .box_h = 13, .ofs_x = 0, .ofs_y = -1},
    {.bitmap_index = 14392, .adv_w = 240, .box_w = 13, .box_h = 13, .ofs_x = 1, .ofs_y = -1},
    {.bitmap_index = 14477, .adv_w = 240, .box_w = 13, .box_h = 13, .ofs_x = 1, .ofs_y = -1},
    {.bitmap_index = 14562, .adv_w = 240, .box_w = 13, .box_h = 13, .ofs_x = 1, .ofs_y = -1},
    {.bitmap_index = 14647, .adv_w = 240, .box_w = 13, .box_h = 13, .ofs_x = 1, .ofs_y = -1},
    {.bitmap_index = 14732, .adv_w = 240, .box_w = 13, .box_h = 13, .ofs_x = 1, .ofs_y = -1},
    {.bitmap_index = 14817, .adv_w = 240, .box_w = 13, .box_h = 13, .ofs_x = 1, .ofs_y = -1},
    {.bitmap_index = 14902, .adv_w = 240, .box_w = 13, .box_h = 13, .ofs_x = 1, .ofs_y = -1},
    {.bitmap_index = 14987, .adv_w = 240, .box_w = 15, .box_h = 14, .ofs_x = 0, .ofs_y = -1},
    {.bitmap_index = 15092, .adv_w = 240, .box_w = 14, .box_h = 14, .ofs_x = 1, .ofs_y = -1},
    {.bitmap_index = 15190, .adv_w = 240, .box_w = 14, .box_h = 15, .ofs_x = 0, .ofs_y = -2},
    {.bitmap_index = 15295, .adv_w = 240, .box_w = 14, .box_h = 15, .ofs_x = 0, .ofs_y = -1},
    {.bitmap_index = 15400, .adv_w = 240, .box_w = 15, .box_h = 14, .ofs_x = 0, .ofs_y = -1},
    {.bitmap_index = 15505, .adv_w = 240, .box_w = 15, .box_h = 14, .ofs_x = 0, .ofs_y = -1},
    {.bitmap_index = 15610, .adv_w = 240, .box_w = 14, .box_h = 14, .ofs_x = 1, .ofs_y = -1},
    {.bitmap_index = 15708, .adv_w = 240, .box_w = 15, .box_h = 15, .ofs_x = 0, .ofs_y = -1},
    {.bitmap_index = 15821, .adv_w = 240, .box_w = 13, .box_h = 14, .ofs_x = 1, .ofs_y = -1},
    {.bitmap_index = 15912, .adv_w = 240, .box_w = 15, .box_h = 15, .ofs_x = 0, .ofs_y = -1},
    {.bitmap_index = 16025, .adv_w = 240, .box_w = 14, .box_h = 16, .ofs_x = 0, .ofs_y = -2},
    {.bitmap_index = 16137, .adv_w = 240, .box_w = 15, .box_h = 15, .ofs_x = 0, .ofs_y = -2},
    {.bitmap_index = 16250, .adv_w = 240, .box_w = 14, .box_h = 14, .ofs_x = 1, .ofs_y = -1},
    {.bitmap_index = 16348, .adv_w = 240, .box_w = 15, .box_h = 14, .ofs_x = 0, .ofs_y = -2},
    {.bitmap_index = 16453, .adv_w = 240, .box_w = 14, .box_h = 15, .ofs_x = 0, .ofs_y = -2},
    {.bitmap_index = 16558, .adv_w = 240, .box_w = 14, .box_h = 15, .ofs_x = 0, .ofs_y = -2},
    {.bitmap_index = 16663, .adv_w = 240, .box_w = 15, .box_h = 15, .ofs_x = 0, .ofs_y = -2},
    {.bitmap_index = 16776, .adv_w = 240, .box_w = 15, .box_h = 15, .ofs_x = 0, .ofs_y = -2},
    {.bitmap_index = 16889, .adv_w = 240, .box_w = 15, .box_h = 16, .ofs_x = 0, .ofs_y = -2},
    {.bitmap_index = 17009, .adv_w = 240, .box_w = 15, .box_h = 13, .ofs_x = 0, .ofs_y = -1},
    {.bitmap_index = 17107, .adv_w = 240, .box_w = 15, .box_h = 14, .ofs_x = 0, .ofs_y = -1},
    {.bitmap_index = 17212, .adv_w = 240, .box_w = 15, .box_h = 14, .ofs_x = 0, .ofs_y = -1},
    {.bitmap_index = 17317, .adv_w = 240, .box_w = 13, .box_h = 14, .ofs_x = 1, .ofs_y = -1},
    {.bitmap_index = 17408, .adv_w = 240, .box_w = 14, .box_h = 15, .ofs_x = 0, .ofs_y = -2},
    {.bitmap_index = 17513, .adv_w = 240, .box_w = 14, .box_h = 15, .ofs_x = 1, .ofs_y = -2},
    {.bitmap_index = 17618, .adv_w = 240, .box_w = 14, .box_h = 14, .ofs_x = 0, .ofs_y = -1},
    {.bitmap_index = 17716, .adv_w = 240, .box_w = 15, .box_h = 13, .ofs_x = 0, .ofs_y = -1},
    {.bitmap_index = 17814, .adv_w = 240, .box_w = 15, .box_h = 14, .ofs_x = 0, .ofs_y = -1},
    {.bitmap_index = 17919, .adv_w = 240, .box_w = 13, .box_h = 14, .ofs_x = 1, .ofs_y = -1},
    {.bitmap_index = 18010, .adv_w = 240, .box_w = 15, .box_h = 16, .ofs_x = 0, .ofs_y = -2},
    {.bitmap_index = 18130, .adv_w = 240, .box_w = 15, .box_h = 14, .ofs_x = 0, .ofs_y = -2},
    {.bitmap_index = 18235, .adv_w = 240, .box_w = 14, .box_h = 14, .ofs_x = 0, .ofs_y = -2},
    {.bitmap_index = 18333, .adv_w = 240, .box_w = 12, .box_h = 14, .ofs_x = 1, .ofs_y = -1},
    {.bitmap_index = 18417, .adv_w = 240, .box_w = 14, .box_h = 15, .ofs_x = 1, .ofs_y = -1},
    {.bitmap_index = 18522, .adv_w = 240, .box_w = 14, .box_h = 15, .ofs_x = 0, .ofs_y = -2},
    {.bitmap_index = 18627, .adv_w = 240, .box_w = 13, .box_h = 12, .ofs_x = 1, .ofs_y = 0},
    {.bitmap_index = 18705, .adv_w = 240, .box_w = 14, .box_h = 14, .ofs_x = 0, .ofs_y = -1},
    {.bitmap_index = 18803, .adv_w = 240, .box_w = 13, .box_h = 13, .ofs_x = 1, .ofs_y = -1},
    {.bitmap_index = 18888, .adv_w = 240, .box_w = 15, .box_h = 14, .ofs_x = 0, .ofs_y = -1},
    {.bitmap_index = 18993, .adv_w = 240, .box_w = 13, .box_h = 14, .ofs_x = 1, .ofs_y = -1},
    {.bitmap_index = 19084, .adv_w = 240, .box_w = 15, .box_h = 13, .ofs_x = 0, .ofs_y = -1},
    {.bitmap_index = 19182, .adv_w = 240, .box_w = 14, .box_h = 15, .ofs_x = 0, .ofs_y = -2},
    {.bitmap_index = 19287, .adv_w = 240, .box_w = 14, .box_h = 15, .ofs_x = 0, .ofs_y = -2},
    {.bitmap_index = 19392, .adv_w = 240, .box_w = 15, .box_h = 15, .ofs_x = 0, .ofs_y = -2},
    {.bitmap_index = 19505, .adv_w = 240, .box_w = 14, .box_h = 15, .ofs_x = 0, .ofs_y = -2},
    {.bitmap_index = 19610, .adv_w = 240, .box_w = 14, .box_h = 14, .ofs_x = 0, .ofs_y = -2},
    {.bitmap_index = 19708, .adv_w = 240, .box_w = 15, .box_h = 15, .ofs_x = 0, .ofs_y = -2},
    {.bitmap_index = 19821, .adv_w = 240, .box_w = 15, .box_h = 14, .ofs_x = 0, .ofs_y = -2},
    {.bitmap_index = 19926, .adv_w = 240, .box_w = 14, .box_h = 14, .ofs_x = 0, .ofs_y = -1},
    {.bitmap_index = 20024, .adv_w = 240, .box_w = 14, .box_h = 14, .ofs_x = 1, .ofs_y = -2},
    {.bitmap_index = 20122, .adv_w = 240, .box_w = 13, .box_h = 15, .ofs_x = 1, .ofs_y = -2},
    {.bitmap_index = 20220, .adv_w = 240, .box_w = 13, .box_h = 14, .ofs_x = 1, .ofs_y = -1},
    {.bitmap_index = 20311, .adv_w = 240, .box_w = 15, .box_h = 13, .ofs_x = 0, .ofs_y = -1},
    {.bitmap_index = 20409, .adv_w = 240, .box_w = 15, .box_h = 15, .ofs_x = 0, .ofs_y = -2},
    {.bitmap_index = 20522, .adv_w = 240, .box_w = 14, .box_h = 16, .ofs_x = 1, .ofs_y = -2},
    {.bitmap_index = 20634, .adv_w = 240, .box_w = 15, .box_h = 14, .ofs_x = 0, .ofs_y = -1},
    {.bitmap_index = 20739, .adv_w = 240, .box_w = 15, .box_h = 14, .ofs_x = 0, .ofs_y = -1},
    {.bitmap_index = 20844, .adv_w = 240, .box_w = 15, .box_h = 15, .ofs_x = 0, .ofs_y = -2},
    {.bitmap_index = 20957, .adv_w = 240, .box_w = 14, .box_h = 15, .ofs_x = 1, .ofs_y = -1},
    {.bitmap_index = 21062, .adv_w = 240, .box_w = 15, .box_h = 13, .ofs_x = 0, .ofs_y = -1},
    {.bitmap_index = 21160, .adv_w = 240, .box_w = 14, .box_h = 14, .ofs_x = 1, .ofs_y = -1},
    {.bitmap_index = 21258, .adv_w = 240, .box_w = 15, .box_h = 15, .ofs_x = 0, .ofs_y = -2},
    {.bitmap_index = 21371, .adv_w = 240, .box_w = 14, .box_h = 14, .ofs_x = 0, .ofs_y = -1},
    {.bitmap_index = 21469, .adv_w = 240, .box_w = 15, .box_h = 15, .ofs_x = 0, .ofs_y = -1},
    {.bitmap_index = 21582, .adv_w = 240, .box_w = 15, .box_h = 16, .ofs_x = 0, .ofs_y = -2},
    {.bitmap_index = 21702, .adv_w = 240, .box_w = 13, .box_h = 16, .ofs_x = 1, .ofs_y = -2},
    {.bitmap_index = 21806, .adv_w = 240, .box_w = 15, .box_h = 15, .ofs_x = 0, .ofs_y = -2},
    {.bitmap_index = 21919, .adv_w = 240, .box_w = 15, .box_h = 13, .ofs_x = 0, .ofs_y = -1},
    {.bitmap_index = 22017, .adv_w = 240, .box_w = 14, .box_h = 14, .ofs_x = 0, .ofs_y = -1},
    {.bitmap_index = 22115, .adv_w = 240, .box_w = 14, .box_h = 15, .ofs_x = 1, .ofs_y = -2},
    {.bitmap_index = 22220, .adv_w = 240, .box_w = 14, .box_h = 15, .ofs_x = 0, .ofs_y = -2},
    {.bitmap_index = 22325, .adv_w = 240, .box_w = 15, .box_h = 15, .ofs_x = 0, .ofs_y = -1},
    {.bitmap_index = 22438, .adv_w = 240, .box_w = 15, .box_h = 15, .ofs_x = 0, .ofs_y = -2},
    {.bitmap_index = 22551, .adv_w = 240, .box_w = 15, .box_h = 16, .ofs_x = 0, .ofs_y = -2},
    {.bitmap_index = 22671, .adv_w = 240, .box_w = 14, .box_h = 15, .ofs_x = 0, .ofs_y = -2},
    {.bitmap_index = 22776, .adv_w = 240, .box_w = 14, .box_h = 14, .ofs_x = 1, .ofs_y = -1},
    {.bitmap_index = 22874, .adv_w = 240, .box_w = 15, .box_h = 15, .ofs_x = 0, .ofs_y = -2},
    {.bitmap_index = 22987, .adv_w = 240, .box_w = 14, .box_h = 14, .ofs_x = 1, .ofs_y = -1},
    {.bitmap_index = 23085, .adv_w = 240, .box_w = 14, .box_h = 15, .ofs_x = 0, .ofs_y = -2},
    {.bitmap_index = 23190, .adv_w = 240, .box_w = 14, .box_h = 16, .ofs_x = 0, .ofs_y = -2},
    {.bitmap_index = 23302, .adv_w = 240, .box_w = 15, .box_h = 16, .ofs_x = 0, .ofs_y = -2},
    {.bitmap_index = 23422, .adv_w = 240, .box_w = 14, .box_h = 15, .ofs_x = 1, .ofs_y = -2},
    {.bitmap_index = 23527, .adv_w = 240, .box_w = 15, .box_h = 14, .ofs_x = 0, .ofs_y = -1},
    {.bitmap_index = 23632, .adv_w = 240, .box_w = 15, .box_h = 16, .ofs_x = 0, .ofs_y = -2},
    {.bitmap_index = 23752, .adv_w = 240, .box_w = 15, .box_h = 15, .ofs_x = 0, .ofs_y = -1},
    {.bitmap_index = 23865, .adv_w = 240, .box_w = 13, .box_h = 15, .ofs_x = 1, .ofs_y = -2},
    {.bitmap_index = 23963, .adv_w = 240, .box_w = 14, .box_h = 15, .ofs_x = 1, .ofs_y = -2},
    {.bitmap_index = 24068, .adv_w = 240, .box_w = 14, .box_h = 14, .ofs_x = 0, .ofs_y = -1},
    {.bitmap_index = 24166, .adv_w = 240, .box_w = 14, .box_h = 14, .ofs_x = 0, .ofs_y = -1},
    {.bitmap_index = 24264, .adv_w = 240, .box_w = 14, .box_h = 15, .ofs_x = 0, .ofs_y = -2},
    {.bitmap_index = 24369, .adv_w = 240, .box_w = 14, .box_h = 16, .ofs_x = 1, .ofs_y = -2},
    {.bitmap_index = 24481, .adv_w = 240, .box_w = 15, .box_h = 15, .ofs_x = 0, .ofs_y = -2},
    {.bitmap_index = 24594, .adv_w = 240, .box_w = 15, .box_h = 15, .ofs_x = 0, .ofs_y = -2},
    {.bitmap_index = 24707, .adv_w = 240, .box_w = 15, .box_h = 15, .ofs_x = 0, .ofs_y = -1},
    {.bitmap_index = 24820, .adv_w = 240, .box_w = 15, .box_h = 15, .ofs_x = 0, .ofs_y = -2},
    {.bitmap_index = 24933, .adv_w = 240, .box_w = 14, .box_h = 14, .ofs_x = 1, .ofs_y = -1},
    {.bitmap_index = 25031, .adv_w = 240, .box_w = 14, .box_h = 14, .ofs_x = 0, .ofs_y = -1},
    {.bitmap_index = 25129, .adv_w = 240, .box_w = 14, .box_h = 15, .ofs_x = 1, .ofs_y = -2},
    {.bitmap_index = 25234, .adv_w = 240, .box_w = 15, .box_h = 15, .ofs_x = 0, .ofs_y = -2},
    {.bitmap_index = 25347, .adv_w = 240, .box_w = 14, .box_h = 16, .ofs_x = 0, .ofs_y = -2},
    {.bitmap_index = 25459, .adv_w = 240, .box_w = 14, .box_h = 14, .ofs_x = 0, .ofs_y = -2},
    {.bitmap_index = 25557, .adv_w = 240, .box_w = 11, .box_h = 14, .ofs_x = 2, .ofs_y = -2},
    {.bitmap_index = 25634, .adv_w = 240, .box_w = 14, .box_h = 14, .ofs_x = 1, .ofs_y = -1},
    {.bitmap_index = 25732, .adv_w = 240, .box_w = 13, .box_h = 13, .ofs_x = 1, .ofs_y = -1},
    {.bitmap_index = 25817, .adv_w = 240, .box_w = 15, .box_h = 14, .ofs_x = 0, .ofs_y = -2},
    {.bitmap_index = 25922, .adv_w = 240, .box_w = 15, .box_h = 13, .ofs_x = 0, .ofs_y = -1},
    {.bitmap_index = 26020, .adv_w = 240, .box_w = 15, .box_h = 14, .ofs_x = 0, .ofs_y = -1},
    {.bitmap_index = 26125, .adv_w = 240, .box_w = 15, .box_h = 15, .ofs_x = 0, .ofs_y = -1},
    {.bitmap_index = 26238, .adv_w = 240, .box_w = 14, .box_h = 14, .ofs_x = 1, .ofs_y = -2},
    {.bitmap_index = 26336, .adv_w = 240, .box_w = 15, .box_h = 13, .ofs_x = 0, .ofs_y = -1},
    {.bitmap_index = 26434, .adv_w = 240, .box_w = 12, .box_h = 14, .ofs_x = 0, .ofs_y = -2},
    {.bitmap_index = 26518, .adv_w = 240, .box_w = 15, .box_h = 15, .ofs_x = 0, .ofs_y = -2},
    {.bitmap_index = 26631, .adv_w = 240, .box_w = 14, .box_h = 15, .ofs_x = 0, .ofs_y = -2},
    {.bitmap_index = 26736, .adv_w = 240, .box_w = 14, .box_h = 14, .ofs_x = 0, .ofs_y = -1},
    {.bitmap_index = 26834, .adv_w = 240, .box_w = 15, .box_h = 14, .ofs_x = 0, .ofs_y = -1},
    {.bitmap_index = 26939, .adv_w = 240, .box_w = 15, .box_h = 15, .ofs_x = 0, .ofs_y = -2},
    {.bitmap_index = 27052, .adv_w = 240, .box_w = 15, .box_h = 14, .ofs_x = 0, .ofs_y = -1},
    {.bitmap_index = 27157, .adv_w = 240, .box_w = 14, .box_h = 14, .ofs_x = 0, .ofs_y = -1},
    {.bitmap_index = 27255, .adv_w = 240, .box_w = 15, .box_h = 14, .ofs_x = 0, .ofs_y = -1},
    {.bitmap_index = 27360, .adv_w = 240, .box_w = 15, .box_h = 15, .ofs_x = 0, .ofs_y = -2},
    {.bitmap_index = 27473, .adv_w = 240, .box_w = 15, .box_h = 15, .ofs_x = 0, .ofs_y = -2},
    {.bitmap_index = 27586, .adv_w = 240, .box_w = 14, .box_h = 14, .ofs_x = 0, .ofs_y = -1},
    {.bitmap_index = 27684, .adv_w = 240, .box_w = 15, .box_h = 14, .ofs_x = 0, .ofs_y = -1},
    {.bitmap_index = 27789, .adv_w = 240, .box_w = 15, .box_h = 15, .ofs_x = 0, .ofs_y = -1},
    {.bitmap_index = 27902, .adv_w = 240, .box_w = 15, .box_h = 15, .ofs_x = 0, .ofs_y = -1},
    {.bitmap_index = 28015, .adv_w = 240, .box_w = 14, .box_h = 15, .ofs_x = 0, .ofs_y = -1},
    {.bitmap_index = 28120, .adv_w = 240, .box_w = 15, .box_h = 14, .ofs_x = 0, .ofs_y = -1},
    {.bitmap_index = 28225, .adv_w = 240, .box_w = 15, .box_h = 15, .ofs_x = 0, .ofs_y = -2},
    {.bitmap_index = 28338, .adv_w = 240, .box_w = 14, .box_h = 15, .ofs_x = 0, .ofs_y = -2},
    {.bitmap_index = 28443, .adv_w = 240, .box_w = 14, .box_h = 15, .ofs_x = 0, .ofs_y = -2},
    {.bitmap_index = 28548, .adv_w = 240, .box_w = 13, .box_h = 14, .ofs_x = 1, .ofs_y = -1},
    {.bitmap_index = 28639, .adv_w = 240, .box_w = 15, .box_h = 13, .ofs_x = 0, .ofs_y = -1},
    {.bitmap_index = 28737, .adv_w = 240, .box_w = 15, .box_h = 14, .ofs_x = 0, .ofs_y = -1},
    {.bitmap_index = 28842, .adv_w = 240, .box_w = 15, .box_h = 15, .ofs_x = 0, .ofs_y = -2},
    {.bitmap_index = 28955, .adv_w = 240, .box_w = 14, .box_h = 14, .ofs_x = 1, .ofs_y = -1},
    {.bitmap_index = 29053, .adv_w = 240, .box_w = 15, .box_h = 14, .ofs_x = 0, .ofs_y = -1},
    {.bitmap_index = 29158, .adv_w = 240, .box_w = 15, .box_h = 14, .ofs_x = 0, .ofs_y = -1},
    {.bitmap_index = 29263, .adv_w = 240, .box_w = 14, .box_h = 15, .ofs_x = 1, .ofs_y = -2},
    {.bitmap_index = 29368, .adv_w = 240, .box_w = 15, .box_h = 14, .ofs_x = 0, .ofs_y = -1},
    {.bitmap_index = 29473, .adv_w = 240, .box_w = 14, .box_h = 15, .ofs_x = 0, .ofs_y = -2},
    {.bitmap_index = 29578, .adv_w = 240, .box_w = 14, .box_h = 14, .ofs_x = 0, .ofs_y = -1},
    {.bitmap_index = 29676, .adv_w = 240, .box_w = 14, .box_h = 16, .ofs_x = 0, .ofs_y = -2},
    {.bitmap_index = 29788, .adv_w = 240, .box_w = 15, .box_h = 15, .ofs_x = 0, .ofs_y = -2},
    {.bitmap_index = 29901, .adv_w = 240, .box_w = 13, .box_h = 15, .ofs_x = 0, .ofs_y = -2},
    {.bitmap_index = 29999, .adv_w = 240, .box_w = 15, .box_h = 14, .ofs_x = 0, .ofs_y = -1},
    {.bitmap_index = 30104, .adv_w = 240, .box_w = 14, .box_h = 15, .ofs_x = 0, .ofs_y = -2},
    {.bitmap_index = 30209, .adv_w = 240, .box_w = 14, .box_h = 15, .ofs_x = 0, .ofs_y = -2},
    {.bitmap_index = 30314, .adv_w = 240, .box_w = 15, .box_h = 15, .ofs_x = 0, .ofs_y = -2},
    {.bitmap_index = 30427, .adv_w = 240, .box_w = 15, .box_h = 15, .ofs_x = 0, .ofs_y = -2},
    {.bitmap_index = 30540, .adv_w = 240, .box_w = 15, .box_h = 15, .ofs_x = 0, .ofs_y = -2},
    {.bitmap_index = 30653, .adv_w = 240, .box_w = 15, .box_h = 15, .ofs_x = 0, .ofs_y = -2},
    {.bitmap_index = 30766, .adv_w = 240, .box_w = 15, .box_h = 14, .ofs_x = 0, .ofs_y = -1},
    {.bitmap_index = 30871, .adv_w = 240, .box_w = 15, .box_h = 15, .ofs_x = 0, .ofs_y = -1},
    {.bitmap_index = 30984, .adv_w = 240, .box_w = 14, .box_h = 14, .ofs_x = 1, .ofs_y = -1},
    {.bitmap_index = 31082, .adv_w = 240, .box_w = 13, .box_h = 14, .ofs_x = 1, .ofs_y = -2},
    {.bitmap_index = 31173, .adv_w = 240, .box_w = 15, .box_h = 15, .ofs_x = 0, .ofs_y = -2},
    {.bitmap_index = 31286, .adv_w = 240, .box_w = 14, .box_h = 16, .ofs_x = 0, .ofs_y = -2},
    {.bitmap_index = 31398, .adv_w = 240, .box_w = 15, .box_h = 13, .ofs_x = 0, .ofs_y = -1},
    {.bitmap_index = 31496, .adv_w = 240, .box_w = 14, .box_h = 14, .ofs_x = 0, .ofs_y = -1},
    {.bitmap_index = 31594, .adv_w = 240, .box_w = 15, .box_h = 16, .ofs_x = 0, .ofs_y = -2},
    {.bitmap_index = 31714, .adv_w = 240, .box_w = 15, .box_h = 14, .ofs_x = 0, .ofs_y = -1},
    {.bitmap_index = 31819, .adv_w = 240, .box_w = 14, .box_h = 14, .ofs_x = 0, .ofs_y = -2},
    {.bitmap_index = 31917, .adv_w = 240, .box_w = 15, .box_h = 14, .ofs_x = 0, .ofs_y = -1},
    {.bitmap_index = 32022, .adv_w = 240, .box_w = 15, .box_h = 13, .ofs_x = 0, .ofs_y = -1},
    {.bitmap_index = 32120, .adv_w = 240, .box_w = 13, .box_h = 14, .ofs_x = 0, .ofs_y = -2},
    {.bitmap_index = 32211, .adv_w = 240, .box_w = 13, .box_h = 14, .ofs_x = 1, .ofs_y = -1},
    {.bitmap_index = 32302, .adv_w = 240, .box_w = 13, .box_h = 14, .ofs_x = 1, .ofs_y = -1},
    {.bitmap_index = 32393, .adv_w = 240, .box_w = 13, .box_h = 14, .ofs_x = 1, .ofs_y = -1},
    {.bitmap_index = 32484, .adv_w = 240, .box_w = 15, .box_h = 13, .ofs_x = 0, .ofs_y = -1},
    {.bitmap_index = 32582, .adv_w = 240, .box_w = 13, .box_h = 14, .ofs_x = 1, .ofs_y = -1},
    {.bitmap_index = 32673, .adv_w = 240, .box_w = 11, .box_h = 16, .ofs_x = 2, .ofs_y = -2},
    {.bitmap_index = 32761, .adv_w = 240, .box_w = 14, .box_h = 15, .ofs_x = 1, .ofs_y = -2},
    {.bitmap_index = 32866, .adv_w = 240, .box_w = 15, .box_h = 15, .ofs_x = 0, .ofs_y = -1},
    {.bitmap_index = 32979, .adv_w = 240, .box_w = 11, .box_h = 14, .ofs_x = 2, .ofs_y = -2},
    {.bitmap_index = 33056, .adv_w = 240, .box_w = 15, .box_h = 14, .ofs_x = 0, .ofs_y = -1},
    {.bitmap_index = 33161, .adv_w = 240, .box_w = 15, .box_h = 15, .ofs_x = 0, .ofs_y = -2},
    {.bitmap_index = 33274, .adv_w = 240, .box_w = 14, .box_h = 14, .ofs_x = 1, .ofs_y = -2},
    {.bitmap_index = 33372, .adv_w = 240, .box_w = 14, .box_h = 15, .ofs_x = 0, .ofs_y = -2},
    {.bitmap_index = 33477, .adv_w = 240, .box_w = 15, .box_h = 15, .ofs_x = 0, .ofs_y = -2},
    {.bitmap_index = 33590, .adv_w = 240, .box_w = 14, .box_h = 13, .ofs_x = 0, .ofs_y = -1},
    {.bitmap_index = 33681, .adv_w = 240, .box_w = 14, .box_h = 13, .ofs_x = 0, .ofs_y = -1},
    {.bitmap_index = 33772, .adv_w = 240, .box_w = 15, .box_h = 15, .ofs_x = 0, .ofs_y = -2},
    {.bitmap_index = 33885, .adv_w = 240, .box_w = 15, .box_h = 13, .ofs_x = 0, .ofs_y = -1},
    {.bitmap_index = 33983, .adv_w = 240, .box_w = 14, .box_h = 15, .ofs_x = 0, .ofs_y = -2},
    {.bitmap_index = 34088, .adv_w = 240, .box_w = 15, .box_h = 14, .ofs_x = 0, .ofs_y = -1},
    {.bitmap_index = 34193, .adv_w = 240, .box_w = 14, .box_h = 15, .ofs_x = 0, .ofs_y = -2},
    {.bitmap_index = 34298, .adv_w = 240, .box_w = 15, .box_h = 14, .ofs_x = 0, .ofs_y = -1},
    {.bitmap_index = 34403, .adv_w = 240, .box_w = 14, .box_h = 14, .ofs_x = 1, .ofs_y = -1},
    {.bitmap_index = 34501, .adv_w = 240, .box_w = 15, .box_h = 15, .ofs_x = 0, .ofs_y = -1},
    {.bitmap_index = 34614, .adv_w = 240, .box_w = 14, .box_h = 14, .ofs_x = 1, .ofs_y = -1},
    {.bitmap_index = 34712, .adv_w = 240, .box_w = 15, .box_h = 14, .ofs_x = 0, .ofs_y = -1},
    {.bitmap_index = 34817, .adv_w = 240, .box_w = 15, .box_h = 16, .ofs_x = 0, .ofs_y = -2},
    {.bitmap_index = 34937, .adv_w = 240, .box_w = 14, .box_h = 15, .ofs_x = 0, .ofs_y = -2},
    {.bitmap_index = 35042, .adv_w = 240, .box_w = 14, .box_h = 14, .ofs_x = 0, .ofs_y = -1},
    {.bitmap_index = 35140, .adv_w = 240, .box_w = 15, .box_h = 14, .ofs_x = 0, .ofs_y = -1},
    {.bitmap_index = 35245, .adv_w = 240, .box_w = 15, .box_h = 14, .ofs_x = 0, .ofs_y = -1},
    {.bitmap_index = 35350, .adv_w = 240, .box_w = 15, .box_h = 14, .ofs_x = 0, .ofs_y = -1},
    {.bitmap_index = 35455, .adv_w = 240, .box_w = 14, .box_h = 14, .ofs_x = 0, .ofs_y = -1},
    {.bitmap_index = 35553, .adv_w = 240, .box_w = 14, .box_h = 13, .ofs_x = 0, .ofs_y = -1},
    {.bitmap_index = 35644, .adv_w = 240, .box_w = 14, .box_h = 14, .ofs_x = 0, .ofs_y = -1},
    {.bitmap_index = 35742, .adv_w = 240, .box_w = 14, .box_h = 15, .ofs_x = 1, .ofs_y = -1},
    {.bitmap_index = 35847, .adv_w = 240, .box_w = 14, .box_h = 14, .ofs_x = 0, .ofs_y = -1},
    {.bitmap_index = 35945, .adv_w = 240, .box_w = 15, .box_h = 15, .ofs_x = 0, .ofs_y = -2},
    {.bitmap_index = 36058, .adv_w = 240, .box_w = 15, .box_h = 14, .ofs_x = 0, .ofs_y = -1},
    {.bitmap_index = 36163, .adv_w = 240, .box_w = 15, .box_h = 16, .ofs_x = 0, .ofs_y = -2},
    {.bitmap_index = 36283, .adv_w = 240, .box_w = 15, .box_h = 15, .ofs_x = 0, .ofs_y = -1},
    {.bitmap_index = 36396, .adv_w = 240, .box_w = 14, .box_h = 15, .ofs_x = 1, .ofs_y = -2},
    {.bitmap_index = 36501, .adv_w = 240, .box_w = 15, .box_h = 15, .ofs_x = 0, .ofs_y = -1},
    {.bitmap_index = 36614, .adv_w = 240, .box_w = 14, .box_h = 15, .ofs_x = 0, .ofs_y = -1},
    {.bitmap_index = 36719, .adv_w = 240, .box_w = 14, .box_h = 16, .ofs_x = 0, .ofs_y = -2},
    {.bitmap_index = 36831, .adv_w = 240, .box_w = 15, .box_h = 14, .ofs_x = 0, .ofs_y = -1},
    {.bitmap_index = 36936, .adv_w = 240, .box_w = 13, .box_h = 14, .ofs_x = 1, .ofs_y = -2},
    {.bitmap_index = 37027, .adv_w = 240, .box_w = 15, .box_h = 13, .ofs_x = 0, .ofs_y = -1},
    {.bitmap_index = 37125, .adv_w = 240, .box_w = 15, .box_h = 14, .ofs_x = 0, .ofs_y = -1},
    {.bitmap_index = 37230, .adv_w = 240, .box_w = 15, .box_h = 14, .ofs_x = 0, .ofs_y = -1},
    {.bitmap_index = 37335, .adv_w = 240, .box_w = 14, .box_h = 15, .ofs_x = 0, .ofs_y = -2},
    {.bitmap_index = 37440, .adv_w = 240, .box_w = 14, .box_h = 16, .ofs_x = 1, .ofs_y = -2},
    {.bitmap_index = 37552, .adv_w = 240, .box_w = 11, .box_h = 15, .ofs_x = 2, .ofs_y = -2},
    {.bitmap_index = 37635, .adv_w = 240, .box_w = 15, .box_h = 15, .ofs_x = 0, .ofs_y = -2},
    {.bitmap_index = 37748, .adv_w = 240, .box_w = 15, .box_h = 15, .ofs_x = 0, .ofs_y = -2},
    {.bitmap_index = 37861, .adv_w = 240, .box_w = 15, .box_h = 14, .ofs_x = 0, .ofs_y = -1},
    {.bitmap_index = 37966, .adv_w = 240, .box_w = 15, .box_h = 15, .ofs_x = 0, .ofs_y = -2},
    {.bitmap_index = 38079, .adv_w = 240, .box_w = 15, .box_h = 14, .ofs_x = 0, .ofs_y = -1},
    {.bitmap_index = 38184, .adv_w = 240, .box_w = 15, .box_h = 14, .ofs_x = 0, .ofs_y = -1},
    {.bitmap_index = 38289, .adv_w = 240, .box_w = 15, .box_h = 14, .ofs_x = 0, .ofs_y = -1},
    {.bitmap_index = 38394, .adv_w = 240, .box_w = 15, .box_h = 15, .ofs_x = 0, .ofs_y = -2},
    {.bitmap_index = 38507, .adv_w = 240, .box_w = 15, .box_h = 15, .ofs_x = 0, .ofs_y = -1},
    {.bitmap_index = 38620, .adv_w = 240, .box_w = 15, .box_h = 14, .ofs_x = 0, .ofs_y = -1},
    {.bitmap_index = 38725, .adv_w = 240, .box_w = 15, .box_h = 14, .ofs_x = 0, .ofs_y = -1},
    {.bitmap_index = 38830, .adv_w = 240, .box_w = 15, .box_h = 15, .ofs_x = 0, .ofs_y = -1},
    {.bitmap_index = 38943, .adv_w = 240, .box_w = 15, .box_h = 15, .ofs_x = 0, .ofs_y = -2},
    {.bitmap_index = 39056, .adv_w = 240, .box_w = 14, .box_h = 16, .ofs_x = 1, .ofs_y = -2},
    {.bitmap_index = 39168, .adv_w = 240, .box_w = 13, .box_h = 13, .ofs_x = 1, .ofs_y = -1},
    {.bitmap_index = 39253, .adv_w = 240, .box_w = 15, .box_h = 14, .ofs_x = 0, .ofs_y = -2},
    {.bitmap_index = 39358, .adv_w = 240, .box_w = 15, .box_h = 15, .ofs_x = 0, .ofs_y = -2},
    {.bitmap_index = 39471, .adv_w = 240, .box_w = 15, .box_h = 15, .ofs_x = 0, .ofs_y = -2},
    {.bitmap_index = 39584, .adv_w = 240, .box_w = 13, .box_h = 15, .ofs_x = 1, .ofs_y = -2},
    {.bitmap_index = 39682, .adv_w = 240, .box_w = 15, .box_h = 15, .ofs_x = 0, .ofs_y = -2},
    {.bitmap_index = 39795, .adv_w = 240, .box_w = 13, .box_h = 14, .ofs_x = 1, .ofs_y = -1},
    {.bitmap_index = 39886, .adv_w = 240, .box_w = 14, .box_h = 14, .ofs_x = 1, .ofs_y = -1},
    {.bitmap_index = 39984, .adv_w = 240, .box_w = 14, .box_h = 15, .ofs_x = 1, .ofs_y = -2},
    {.bitmap_index = 40089, .adv_w = 240, .box_w = 15, .box_h = 14, .ofs_x = 0, .ofs_y = -1},
    {.bitmap_index = 40194, .adv_w = 240, .box_w = 14, .box_h = 14, .ofs_x = 0, .ofs_y = -1},
    {.bitmap_index = 40292, .adv_w = 240, .box_w = 14, .box_h = 15, .ofs_x = 0, .ofs_y = -2},
    {.bitmap_index = 40397, .adv_w = 240, .box_w = 15, .box_h = 14, .ofs_x = 0, .ofs_y = -1},
    {.bitmap_index = 40502, .adv_w = 240, .box_w = 14, .box_h = 15, .ofs_x = 0, .ofs_y = -2},
    {.bitmap_index = 40607, .adv_w = 240, .box_w = 15, .box_h = 14, .ofs_x = 0, .ofs_y = -1},
    {.bitmap_index = 40712, .adv_w = 240, .box_w = 15, .box_h = 15, .ofs_x = 0, .ofs_y = -1},
    {.bitmap_index = 40825, .adv_w = 240, .box_w = 14, .box_h = 14, .ofs_x = 1, .ofs_y = -1},
    {.bitmap_index = 40923, .adv_w = 240, .box_w = 14, .box_h = 15, .ofs_x = 0, .ofs_y = -1},
    {.bitmap_index = 41028, .adv_w = 240, .box_w = 15, .box_h = 15, .ofs_x = 0, .ofs_y = -2},
    {.bitmap_index = 41141, .adv_w = 240, .box_w = 14, .box_h = 15, .ofs_x = 0, .ofs_y = -2},
    {.bitmap_index = 41246, .adv_w = 240, .box_w = 14, .box_h = 14, .ofs_x = 1, .ofs_y = -2},
    {.bitmap_index = 41344, .adv_w = 240, .box_w = 14, .box_h = 14, .ofs_x = 1, .ofs_y = -1},
    {.bitmap_index = 41442, .adv_w = 240, .box_w = 14, .box_h = 15, .ofs_x = 0, .ofs_y = -2},
    {.bitmap_index = 41547, .adv_w = 240, .box_w = 14, .box_h = 14, .ofs_x = 0, .ofs_y = -1},
    {.bitmap_index = 41645, .adv_w = 240, .box_w = 15, .box_h = 15, .ofs_x = 0, .ofs_y = -1},
    {.bitmap_index = 41758, .adv_w = 240, .box_w = 15, .box_h = 16, .ofs_x = 0, .ofs_y = -2},
    {.bitmap_index = 41878, .adv_w = 240, .box_w = 15, .box_h = 16, .ofs_x = 0, .ofs_y = -2},
    {.bitmap_index = 41998, .adv_w = 240, .box_w = 15, .box_h = 15, .ofs_x = 0, .ofs_y = -1},
    {.bitmap_index = 42111, .adv_w = 240, .box_w = 15, .box_h = 15, .ofs_x = 0, .ofs_y = -2},
    {.bitmap_index = 42224, .adv_w = 240, .box_w = 15, .box_h = 15, .ofs_x = 0, .ofs_y = -2},
    {.bitmap_index = 42337, .adv_w = 240, .box_w = 14, .box_h = 15, .ofs_x = 1, .ofs_y = -2},
    {.bitmap_index = 42442, .adv_w = 240, .box_w = 14, .box_h = 15, .ofs_x = 0, .ofs_y = -2},
    {.bitmap_index = 42547, .adv_w = 240, .box_w = 14, .box_h = 15, .ofs_x = 1, .ofs_y = -2},
    {.bitmap_index = 42652, .adv_w = 240, .box_w = 14, .box_h = 15, .ofs_x = 1, .ofs_y = -2},
    {.bitmap_index = 42757, .adv_w = 240, .box_w = 14, .box_h = 15, .ofs_x = 1, .ofs_y = -2},
    {.bitmap_index = 42862, .adv_w = 240, .box_w = 14, .box_h = 16, .ofs_x = 1, .ofs_y = -2},
    {.bitmap_index = 42974, .adv_w = 240, .box_w = 14, .box_h = 15, .ofs_x = 1, .ofs_y = -2},
    {.bitmap_index = 43079, .adv_w = 240, .box_w = 14, .box_h = 15, .ofs_x = 1, .ofs_y = -2},
    {.bitmap_index = 43184, .adv_w = 240, .box_w = 14, .box_h = 15, .ofs_x = 1, .ofs_y = -2},
    {.bitmap_index = 43289, .adv_w = 240, .box_w = 14, .box_h = 15, .ofs_x = 0, .ofs_y = -2},
    {.bitmap_index = 43394, .adv_w = 240, .box_w = 14, .box_h = 15, .ofs_x = 1, .ofs_y = -2},
    {.bitmap_index = 43499, .adv_w = 240, .box_w = 14, .box_h = 16, .ofs_x = 1, .ofs_y = -2},
    {.bitmap_index = 43611, .adv_w = 240, .box_w = 13, .box_h = 13, .ofs_x = 1, .ofs_y = -1},
    {.bitmap_index = 43696, .adv_w = 240, .box_w = 15, .box_h = 15, .ofs_x = 0, .ofs_y = -2},
    {.bitmap_index = 43809, .adv_w = 240, .box_w = 15, .box_h = 13, .ofs_x = 0, .ofs_y = -1},
    {.bitmap_index = 43907, .adv_w = 240, .box_w = 15, .box_h = 14, .ofs_x = 0, .ofs_y = -1},
    {.bitmap_index = 44012, .adv_w = 240, .box_w = 15, .box_h = 13, .ofs_x = 0, .ofs_y = -1},
    {.bitmap_index = 44110, .adv_w = 240, .box_w = 15, .box_h = 15, .ofs_x = 0, .ofs_y = -1},
    {.bitmap_index = 44223, .adv_w = 240, .box_w = 15, .box_h = 16, .ofs_x = 0, .ofs_y = -2},
    {.bitmap_index = 44343, .adv_w = 240, .box_w = 15, .box_h = 16, .ofs_x = 0, .ofs_y = -2},
    {.bitmap_index = 44463, .adv_w = 240, .box_w = 14, .box_h = 14, .ofs_x = 1, .ofs_y = -1},
    {.bitmap_index = 44561, .adv_w = 240, .box_w = 13, .box_h = 14, .ofs_x = 1, .ofs_y = -1},
    {.bitmap_index = 44652, .adv_w = 240, .box_w = 13, .box_h = 14, .ofs_x = 1, .ofs_y = -1},
    {.bitmap_index = 44743, .adv_w = 240, .box_w = 13, .box_h = 14, .ofs_x = 1, .ofs_y = -1},
    {.bitmap_index = 44834, .adv_w = 240, .box_w = 14, .box_h = 14, .ofs_x = 1, .ofs_y = -1},
    {.bitmap_index = 44932, .adv_w = 240, .box_w = 14, .box_h = 16, .ofs_x = 1, .ofs_y = -2},
    {.bitmap_index = 45044, .adv_w = 240, .box_w = 14, .box_h = 16, .ofs_x = 1, .ofs_y = -2},
    {.bitmap_index = 45156, .adv_w = 240, .box_w = 13, .box_h = 15, .ofs_x = 1, .ofs_y = -2},
    {.bitmap_index = 45254, .adv_w = 240, .box_w = 14, .box_h = 14, .ofs_x = 1, .ofs_y = -1},
    {.bitmap_index = 45352, .adv_w = 240, .box_w = 14, .box_h = 14, .ofs_x = 1, .ofs_y = -2},
    {.bitmap_index = 45450, .adv_w = 240, .box_w = 13, .box_h = 14, .ofs_x = 1, .ofs_y = -2},
    {.bitmap_index = 45541, .adv_w = 240, .box_w = 15, .box_h = 15, .ofs_x = 0, .ofs_y = -2},
    {.bitmap_index = 45654, .adv_w = 240, .box_w = 14, .box_h = 16, .ofs_x = 0, .ofs_y = -2},
    {.bitmap_index = 45766, .adv_w = 240, .box_w = 13, .box_h = 13, .ofs_x = 1, .ofs_y = -1},
    {.bitmap_index = 45851, .adv_w = 240, .box_w = 14, .box_h = 13, .ofs_x = 0, .ofs_y = -1},
    {.bitmap_index = 45942, .adv_w = 240, .box_w = 14, .box_h = 15, .ofs_x = 0, .ofs_y = -2},
    {.bitmap_index = 46047, .adv_w = 240, .box_w = 14, .box_h = 14, .ofs_x = 0, .ofs_y = -2},
    {.bitmap_index = 46145, .adv_w = 240, .box_w = 14, .box_h = 14, .ofs_x = 0, .ofs_y = -2},
    {.bitmap_index = 46243, .adv_w = 240, .box_w = 15, .box_h = 14, .ofs_x = 0, .ofs_y = -1},
    {.bitmap_index = 46348, .adv_w = 240, .box_w = 14, .box_h = 15, .ofs_x = 0, .ofs_y = -2},
    {.bitmap_index = 46453, .adv_w = 240, .box_w = 15, .box_h = 15, .ofs_x = 0, .ofs_y = -2},
    {.bitmap_index = 46566, .adv_w = 240, .box_w = 14, .box_h = 14, .ofs_x = 1, .ofs_y = -1},
    {.bitmap_index = 46664, .adv_w = 240, .box_w = 15, .box_h = 14, .ofs_x = 0, .ofs_y = -2},
    {.bitmap_index = 46769, .adv_w = 240, .box_w = 4, .box_h = 14, .ofs_x = 10, .ofs_y = -1},
    {.bitmap_index = 46797, .adv_w = 240, .box_w = 4, .box_h = 14, .ofs_x = 1, .ofs_y = -1},
    {.bitmap_index = 46825, .adv_w = 240, .box_w = 3, .box_h = 5, .ofs_x = 2, .ofs_y = -3},
    {.bitmap_index = 46833, .adv_w = 240, .box_w = 2, .box_h = 8, .ofs_x = 3, .ofs_y = 0},
    {.bitmap_index = 46841, .adv_w = 240, .box_w = 7, .box_h = 12, .ofs_x = 0, .ofs_y = 0}
};

/*---------------------
 *  CHARACTER MAPPING
 *--------------------*/

static const uint16_t unicode_list_1[] = {
    0x0, 0x7, 0x1f76, 0x20e0, 0x20e1, 0x20e2, 0x20e3, 0x251f,
    0x4d50, 0x4d59, 0x4d5a, 0x4d5b, 0x4d5d, 0x4d5e, 0x4d6c, 0x4d7a,
    0x4d7d, 0x4d8a, 0x4d8b, 0x4d99, 0x4db6, 0x4dd6, 0x4ddc, 0x4de4,
    0x4df7, 0x4dfe, 0x4e15, 0x4e1d, 0x4e1e, 0x4e3a, 0x4e46, 0x4e4d,
    0x4e61, 0x4e70, 0x4e88, 0x4e9d, 0x4e9e, 0x4ea3, 0x4ea9, 0x4eac,
    0x4f2d, 0x4f31, 0x4f8c, 0x4f8e, 0x4f9f, 0x4fac, 0x4ff8, 0x5095,
    0x5098, 0x5099, 0x50b5, 0x50b8, 0x50bc, 0x50bd, 0x50c1, 0x50c3,
    0x50c6, 0x50c7, 0x50d5, 0x50dd, 0x50e9, 0x5116, 0x514a, 0x5156,
    0x5157, 0x5162, 0x5167, 0x516b, 0x516d, 0x5170, 0x5180, 0x5186,
    0x519d, 0x51b9, 0x51ef, 0x51f0, 0x51f8, 0x524e, 0x5266, 0x5267,
    0x528a, 0x5297, 0x52a5, 0x52a7, 0x52b0, 0x52b1, 0x52bb, 0x52c3,
    0x52c7, 0x52d2, 0x52d6, 0x52db, 0x530b, 0x5312, 0x5321, 0x5326,
    0x5328, 0x5333, 0x533f, 0x5343, 0x5347, 0x5358, 0x535c, 0x535d,
    0x535e, 0x5361, 0x537c, 0x537f, 0x53b8, 0x53cd, 0x55b8, 0x562b,
    0x562e, 0x5644, 0x564a, 0x564d, 0x564e, 0x5658, 0x5678, 0x5680,
    0x568a, 0x5697, 0x569f, 0x56a0, 0x56b1, 0x5756, 0x5857, 0x585d,
    0x5866, 0x586c, 0x5877, 0x5879, 0x587a, 0x5881, 0x5884, 0x58cd,
    0x591b, 0x5aa0, 0x5aa7, 0x5aa8, 0x5ad3, 0x5adc, 0x5aea, 0x5b49,
    0x5b4c, 0x5b5f, 0x5b6d, 0x5b81, 0x5b8d, 0x5b9f, 0x5bc1, 0x5c40,
    0x5d2e, 0x5d35, 0x5d36, 0x5d42, 0x5d76, 0x5d88, 0x5dc3, 0x5ddf,
    0x5de4, 0x5de5, 0x5df6, 0x5e46, 0x5e4a, 0x5e50, 0x5e5f, 0x5e8a,
    0x5ea2, 0x5ea3, 0x5ea5, 0x5eb2, 0x5ed5, 0x5f13, 0x5f27, 0x5f3b,
    0x5f51, 0x5f6d, 0x5f8b, 0x5fb2, 0x6030, 0x606f, 0x6160, 0x6187,
    0x6190, 0x619b, 0x61a3, 0x61b7, 0x61bb, 0x61ce, 0x61f2, 0x6224,
    0x622f, 0x6239, 0x6251, 0x6252, 0x6257, 0x6259, 0x62b2, 0x62be,
    0x62d9, 0x62f5, 0x62f8, 0x631f, 0x636c, 0x63fd, 0x641d, 0x647f,
    0x6486, 0x648e, 0x6498, 0x64c0, 0x64d7, 0x64e7, 0x64ec, 0x64fd,
    0x6500, 0x6509, 0x6530, 0x6535, 0x6546, 0x656f, 0x657f, 0x658e,
    0x65be, 0x65d2, 0x6644, 0x6650, 0x6658, 0x6659, 0x666f, 0x667a,
    0x667c, 0x668a, 0x66af, 0x66b1, 0x66b5, 0x66cf, 0x66e0, 0x6735,
    0x6757, 0x6758, 0x6771, 0x6787, 0x6810, 0x6971, 0x6a71, 0x6a9c,
    0x6ab2, 0x6ab3, 0x6ab4, 0x6ab5, 0x6b24, 0x6b84, 0x6b97, 0x6bb0,
    0x6bf1, 0x6c25, 0x6c32, 0x6c9b, 0x6cc7, 0x6cd8, 0x6cff, 0x6d55,
    0x6da6, 0x6de0, 0x6e11, 0x6e31, 0x6e34, 0x6e64, 0x6fc0, 0x7009,
    0x70b7, 0x717c, 0x7197, 0x71a9, 0x71c9, 0x7206, 0x72d7, 0x7300,
    0x7330, 0x7356, 0x7478, 0x7481, 0x7483, 0x7485, 0x748b, 0x74a9,
    0x75cd, 0x75d4, 0x7628, 0x763e, 0x7644, 0x765b, 0x7670, 0x7735,
    0x773d, 0x7751, 0x77bc, 0x7811, 0x788a, 0x7922, 0x7940, 0x794b,
    0x795b, 0x79ca, 0x7a29, 0x7a7c, 0x7a99, 0x7ae7, 0x7af1, 0x7b01,
    0x7bc3, 0x7be7, 0x7c4b, 0x7c72, 0x7c7f, 0x7df2, 0x7e0f, 0x7e14,
    0x7e18, 0x7e1f, 0x7e21, 0x7e23, 0x7e2f, 0x7e37, 0x7e3a, 0x7e3d,
    0x7e4f, 0x7ea1, 0x7ebe, 0x7f51, 0x7f67, 0x801c, 0x804d, 0x813a,
    0x817a, 0x8241, 0x8249, 0x8253, 0x82a0, 0x832c, 0x842d, 0x851f,
    0x8652, 0x870a, 0x879c, 0x87a4, 0x87b8, 0x87fb, 0x88cf, 0x88d1,
    0x8914, 0x8916, 0x8922, 0x8933, 0x8af1, 0x8b00, 0x8b0e, 0x8b25,
    0x8b32, 0x8b47, 0x8b4b, 0x8b53, 0x8b87, 0x8bb1, 0x8c75, 0x8c94,
    0x8cc7, 0x8cd5, 0x8d03, 0x8d3f, 0x8d43, 0x8d5f, 0x8eb8, 0x8ebc,
    0x8ecd, 0x8ee3, 0x8f0e, 0x8f17, 0x8f20, 0x8f21, 0x8f24, 0x8f28,
    0x8f2e, 0x8f49, 0x8f52, 0x8f59, 0x8f64, 0x8f6a, 0x8f6f, 0x8fa3,
    0x909d, 0x911a, 0x911c, 0x911d, 0x911f, 0x93d8, 0x9451, 0x947e,
    0x94cf, 0x953d, 0x9542, 0x9544, 0x9590, 0x9594, 0x959d, 0x95b4,
    0x95e0, 0x9646, 0x9650, 0x96a2, 0x96a9, 0x96b2, 0x97c5, 0x97e1,
    0x97e7, 0x97e8, 0x99dc, 0x99e1, 0x9a28, 0x9d73, 0x9e21, 0xfe58,
    0xfe59, 0xfe5c, 0xfe6a, 0xfe6f
};

/*Collect the unicode lists and glyph_id offsets*/
static const lv_font_fmt_txt_cmap_t cmaps[] =
{
    {
        .range_start = 32, .range_length = 95, .glyph_id_start = 1,
        .unicode_list = NULL, .glyph_id_ofs_list = NULL, .list_length = 0, .type = LV_FONT_FMT_TXT_CMAP_FORMAT0_TINY
    },
    {
        .range_start = 176, .range_length = 65136, .glyph_id_start = 96,
        .unicode_list = unicode_list_1, .glyph_id_ofs_list = NULL, .list_length = 428, .type = LV_FONT_FMT_TXT_CMAP_SPARSE_TINY
    }
};



/*--------------------
 *  ALL CUSTOM DATA
 *--------------------*/

#if LVGL_VERSION_MAJOR == 8
/*Store all the custom data of the font*/
static  lv_font_fmt_txt_glyph_cache_t cache;
#endif

#if LVGL_VERSION_MAJOR >= 8
static const lv_font_fmt_txt_dsc_t font_dsc = {
#else
static lv_font_fmt_txt_dsc_t font_dsc = {
#endif
    .glyph_bitmap = glyph_bitmap,
    .glyph_dsc = glyph_dsc,
    .cmaps = cmaps,
    .kern_dsc = NULL,
    .kern_scale = 0,
    .cmap_num = 2,
    .bpp = 4,
    .kern_classes = 0,
    .bitmap_format = 0,
#if LVGL_VERSION_MAJOR == 8
    .cache = &cache
#endif
};



/*-----------------
 *  PUBLIC FONT
 *----------------*/

/*Initialize a public general font descriptor*/
#if LVGL_VERSION_MAJOR >= 8
const lv_font_t helm_mism4_15 = {
#else
lv_font_t helm_mism4_15 = {
#endif
    .get_glyph_dsc = lv_font_get_glyph_dsc_fmt_txt,    /*Function pointer to get glyph's data*/
    .get_glyph_bitmap = lv_font_get_bitmap_fmt_txt,    /*Function pointer to get glyph's bitmap*/
    .line_height = 17,          /*The maximum line height required by the font*/
    .base_line = 3,             /*Baseline measured from the bottom of the line*/
#if !(LVGL_VERSION_MAJOR == 6 && LVGL_VERSION_MINOR == 0)
    .subpx = LV_FONT_SUBPX_NONE,
#endif
#if LV_VERSION_CHECK(7, 4, 0) || LVGL_VERSION_MAJOR >= 8
    .underline_position = -1,
    .underline_thickness = 1,
#endif
    .dsc = &font_dsc,          /*The custom font data. Will be accessed by `get_glyph_bitmap/dsc` */
#if LV_VERSION_CHECK(8, 2, 0) || LVGL_VERSION_MAJOR >= 9
    .fallback = NULL,
#endif
    .user_data = NULL,
};



#endif /*#if HELM_MISM4_15*/

